taskid: 0 hostname: 10.nate.com
 module_io_quilt_old.F        2931 F
Quilting with   1 groups of   0 I/O tasks.
 Ntasks in X            1 , ntasks in Y            1
  Domain # 1: dx = ********* m
WRF V4.7.0 MODEL
git commit a8e91c9748149f9bc9a36a4b9db5dcd5e5d6d507
 *************************************
 Parent domain
 ids,ide,jds,jde            1          41           1          81
 ims,ime,jms,jme           -4          46          -4          86
 ips,ipe,jps,jpe            1          41           1          81
 *************************************
DYNAMICS OPTION: Eulerian Mass Coordinate
   alloc_space_field: domain            1 ,             201436844  bytes allocated
  med_initialdata_input: calling input_input
   Input data is acceptable to use: wrfinput_d01
 CURRENT DATE          = 0001-01-01_00:00:00
 SIMULATION START DATE = 0001-01-01_00:00:00
Timing for processing wrfinput file (stream 0) for domain        1:    0.06535 elapsed seconds
Initializing SDIRK3 implicit time integration in start_em
Max map factor in domain 1 =  1.00. Scale the dt in the model accordingly.
Timing for Writing wrfout_d01_0001-01-01_00:00:00 for domain        1:    0.11129 elapsed seconds
 === FORTRAN DEBUG: About to check USE_SDIRK3 block ===
 === FORTRAN DEBUG: config_flags%time_integration_scheme =           6
 Tile Strategy is not specified. Assuming 1D-Y
WRF TILE   1 IS      1 IE     41 JS      1 JE     81
WRF NUMBER OF TILES =   1
 === SDIRK3 FORTRAN: Entering main SDIRK3 computation ===
 === SDIRK3 FORTRAN: itimestep =           1
 === SDIRK3 FORTRAN: num_tiles =           1
 === SDIRK3 FORTRAN: checking initialization...
Using SDIRK3 implicit time integration
 === BEFORE sdirk3_initialize_solvers ===
SDIRK3: init_implicit_sdirk3 called
SDIRK3 init_implicit: kde from pb array = 65, kde-1 = 64
UNIFIED SDIRK3: Allocating space for 1 tile solvers
[CONFIG] wrf_w_damping = 0
[CONFIG] wrf_zadvect_implicit = 0
[CONFIG] wrf_w_crit_cfl = 1
[C++ CONFIG DEBUG] Setting precond_type = 2
[CONFIG] precond_mu_coupling_damping = 0.1
[CONFIG DEBUG] Setting jvp_method = 0 (from value 0), use_autograd = 0
[CONFIG DEBUG] Setting use_autograd = 1 (from value 1), jvp_method = 1
[CONFIG] enable_stage_halo_exchange = 0
[CONFIG] stage_boundary_sync = false
[CONFIG] nk_trust_region = false
[CONFIG] stage2_gmres_restart = 8
[CONFIG] stage2_max_krylov_restarts = 1
[CONFIG] stage2_krylov_tol = 0
[CONFIG] stage2_ew_eta_min = 0
[CONFIG] stage2_ew_eta_max = 0
[CONFIG] stage3_gmres_restart = 0
[CONFIG] stage3_max_krylov_restarts = 0
[CONFIG] stage3_krylov_tol = 0
[CONFIG] stage3_ew_eta_min = 0
[CONFIG] stage3_ew_eta_max = 0
[CONFIG] IMEX raw: imex_split_mode=3, imex_enabled=0
[CONFIG] IMEX effective: mode=3 (post-solve IMEX ARK324)
[CONFIG] imex_slow_in_tangent = 0
[CONFIG] imex_phys_in_tangent = 0
[CONFIG] stage1_explicit = 0
[CONFIG] stage3_warmstart = 0
[CONFIG] stage_fail_action = 0 (0=continue, 1=abort, 2=retry_once_then_abort)
[CONFIG] gate_metric_mode = 0 (0=wrms_growth, 1=scaled_abs, 2=legacy_rel)
[CONFIG] stage3_gate_rel_threshold = 0 (0=use stage_gate_rel_threshold)
[CONFIG] stagnation_gate_enable = false
[CONFIG] stagnation_growth_floor = 0.9
[CONFIG] stage_require_convergence = false
[CONFIG] hevi_split = false
[CONFIG] split_explicit = false
[CONFIG] mu_horizontal_div_only = false
[CONFIG] wrf_omega_ww_cp = false
[CONFIG] mass_coordinate_mode = 0 (Legacy)
[CONFIG] split_explicit_time_step_sound = 4
[CONFIG] split_explicit_epssm = 0.1
[CONFIG] split_explicit_smdiv = 0.1
[CONFIG] split_explicit_emdiv = 0.01
[CONFIG] split_explicit_top_lid = false
[CONFIG] hopeless_relax = false
[CONFIG] precond_ratio_guard_warn_only = false
[CONFIG] jvp_auto_bench_calls = 0
[CONFIG] jvp_auto_bench_quality_gate = false
[CONFIG] jvp_auto_bench_warmup = 0
[CONFIG] jvp_auto_bench_seed = 0
[CONFIG] jvp_auto_bench_lock_reset_stage1 = false
[CONFIG] solver_telemetry = true
[CONFIG] progress_invariant_enable = false
[CONFIG] progress_invariant_min_ratio = 0
[CONFIG] progress_invariant_streak_limit = 0
[CONFIG] variable_pc_event_log = false
[CONFIG] gmres_warmstart = true
[CONFIG] gmres_warmstart_quality_gate = 1
[CONFIG] inn_warmstart_enable = true
[CONFIG] inn_residual_gate_enable = true
[CONFIG] inn_q_min = 0
[CONFIG] inn_gate_rel_tol = 1e-06
[CONFIG] inn_gate_q_noise = 5e-07
[CONFIG] inn_beta_max = 0.25
[CONFIG] inn_ood_guard_enable = false
[CONFIG] inn_tol_ramp_enable = false
[CONFIG] inn_tol_ramp_gamma = 1
[CONFIG] rhs_bc_parity = false
[CONFIG] mass_pgf_bc_guard = false
[CONFIG] precond_horizontal_smooth_alpha = 0
[CONFIG] precond_horizontal_smooth_iters = 1
[CONFIG] precond_vertical_smooth_alpha = 0
[CONFIG] precond_smooth_boundary_guard = false
[CONFIG] trust_region_block_aware_thresh = 0
[CONFIG] trust_fallback_relax = false
[CONFIG] trust_fallback_ratio = 0.98
[CONFIG] direct_u_solve_thresh = 0
[CONFIG] enable_ad_halo_exchange = 0
[CONFIG] obs_source_mode = 0
[CONFIG] obs_window_sync_mode = 0
SDIRK3: Configuration updated from namelist
SDIRK3: MPI baseline thread established by sdirk3_mpi_safety_init, MPI thread level 0 (single-flight contract enforced regardless)
SDIRK3 DEBUG: kds/kde/kms/kme/kts/kte =     1   65    1   65    1   64
SDIRK3 init: WRF-consistent nz=64 (kde=65, kte=64, kts=1)
SDIRK3 INIT DEBUG: jte=   81, jde=   81, jte==jde=T
SDIRK3 DEBUG: Creating solver with nx/ny/nz=   41   81   64, nx_u/ny_v/nz_w=   42   82   65
[CONFIG ENV] stage2_gmres_restart = 192
[CONFIG EFFECTIVE] precond: gs_beta=0.5, theta_factor=0, w_boost=2, uv_vfrac=1, warmup_start=0, refinement=1, relaxation=0, coupled_phi_w=off, du_weak=1/0.95
[CONFIG EFFECTIVE] wdamp_parity: wrf_w_damping=0 wrf_zadvect_implicit=0 w_damp_alpha=0.3 wrf_w_crit_cfl=1 legacy_w_crit_cfl=1 implicit_wdamp=1
[CONFIG EFFECTIVE] stagnation_gate=off, growth_floor=0.9
[CONFIG EFFECTIVE] stage_require_convergence=off (legacy soft-continue)
[CONFIG EFFECTIVE] hevi_split=off (full implicit)
[CONFIG EFFECTIVE] mu_horizontal_div_only=off (mu tendency also carries the omega*rdnw column sum div_z)
[CONFIG EFFECTIVE] mass_coordinate_mode=0 (Legacy) -> omega_ww_cp=off, mu_horizontal_div_only=off
[CONFIG EFFECTIVE] wrf_omega_ww_cp(raw)=off (Omega = rom = mu*w, the coupled vertical momentum)
[CONFIG EFFECTIVE] split_explicit=off (ARK324 implicit)
[CONFIG EFFECTIVE] solver: gmres_restart=10, max_krylov=2, max_newton=12, stage_fail=0, gate_metric_mode=0, s4_severe_abort=on, retry_nan_sanitize=off, firsthit_probe=off, s4_preclip=off, s4_clip_abs=1e+06, retry_handoff_clip=off, retry_handoff_clip_abs=1e+06, jvp_block_eps=off, true_res=12+8, arnoldi_stag=3/0.995, mixed_fd=0
[CONFIG EFFECTIVE] thresholds: near_fail=0.003, stall=0.003, catastrophic_cap=10000/abs100, explosion=10000/100, fd_samples=0
[CONFIG EFFECTIVE] limits: zero_step_stall=3, gs_awphi_cap=1, stage_gate=100, stage3_gate=0, stage_damp=10, growth_cap=10, K_floor=1, gate_metric_mode=0, tr_max_rel=0.5
[CONFIG EFFECTIVE] r49: stage2_budget=192/1/0, stage2_ew=0/0, stage3_budget=0/0/0, stage3_ew=0/0, stage3_warmstart=off, hopeless_relax=off, precond_guard_warn_only=off, jvp_bench=0, jvp_bench_qgate=off, jvp_bench_warmup=0, jvp_bench_seed=0, jvp_bench_reset_s1=off, solver_tel=on, p_inv=off/0/0, varpc_log=off, gmres_warmstart=on, gmres_ws_gate=1, inn_ws=on, inn_gate=on, inn_qmin=0, inn_gate_rel_tol=1e-06, inn_gate_q_noise=5e-07, inn_beta=0.25, inn_ood=off, inn_tol_ramp=off/1, rhs_bc_parity=off, mass_pgf_bc_guard=off, stage_bsync=off, h_smooth=0/1, v_smooth=0, smooth_bdy_guard=off, block_tr=0, tr_fb_relax=off, tr_fb_ratio=0.98, direct_u=0, blk_scale=1
[CONFIG PROVENANCE] tile=1 experiment{uv_slow=none stage1_substeps=1} digest=0xd4cfc4696c08b97c diagnostics{trace_u_terms=0 dump_advect_u_split=0}

=== TileSDIRK3UnifiedSolver CONSTRUCTOR ===
  nx=41, ny=81, nz=64
  ny_v_=82, nx_u_=42, nz_w_=65
  periodic_x=0, periodic_y=0
  About to set PyTorch threads to 1
  PyTorch threads set to 1 (interop=1)
  rdnw validated: 64 levels
    rdnw[0] = 28.1039, rdnw[63] = 201.272
[SDIRK3] fnm[1]+fnp[1]=1 (should be 1.0)
  Boundary conditions:
    periodic_x=0
    periodic_y=0
    symmetric_xs=0
    symmetric_xe=0
    symmetric_ys=0
    symmetric_ye=0
    is_idealized=0

=== STORING GRID PARAMETERS IN unifiedStep ===
  rdx vector size = 1
  rdy vector size = 1
  rdx[0] = 1e-05 (1/dx)
  rdy[0] = 1e-05 (1/dy)
[CONFIG DIAGNOSTIC] g_sdirk3_config.debug_level = 1
[CONFIG DIAGNOSTIC] g_sdirk3_config.nk_adaptive_tol = TRUE
[CONFIG DIAGNOSTIC] g_sdirk3_config.nk_line_search = TRUE
[CONFIG DIAGNOSTIC] g_sdirk3_config.precond_type = 2
[CONFIG DIAGNOSTIC] g_sdirk3_config.max_krylov_iter = 2
[CONFIG DIAGNOSTIC] g_sdirk3_config.krylov_tol = 0.1
[CONFIG DIAGNOSTIC] nk_options.verbose = FALSE
[NEWTON SOLVER CONFIG] Preconditioner: ENABLED (type=2)
[NEWTON SOLVER CONFIG] GMRES restart: 10
[NEWTON SOLVER CONFIG] Max Krylov iter: 2
[NEWTON SOLVER CONFIG] Krylov tol (base): 0.1
[NEWTON SOLVER CONFIG] Eisenstat-Walker: ENABLED
[NEWTON SOLVER CONFIG] Line search: ENABLED
[NEWTON SOLVER CONFIG] 4DVAR replay: save_trajectory=DISABLED, checkpoint_interval=10, retain_graph_for_adjoint=DISABLED
[NEWTON SOLVER CONFIG] Grid dimensions for JVP epsilon scaling:
  nx=41, ny=81, nz=64
  nx_u=42, ny_v=82, nz_w=65 (constructor defaults, will be updated by setStaggeredDimensions)
[PRECOND SELECTION] UnifiedPreconditioner with W-θ coupling (precond_type=2)
[PRECOND] w_acoustic_boost = 2 (from config)
[PRECOND] theta_acoustic_factor = 0 (from config)
UnifiedPreconditioner: Implicit damping/diffusion enabled:
  - Divergence damping: kdamp=0.2
  - Rayleigh damping: coef=0.2
  - W-damping: alpha=0.3
  - Vertical diffusion: kvdif=100
  IMEX scope gating (mode=3): rayleigh=OFF vdiff=OFF divergence=on
  wdamp: physical_w_direct_diag=0 extra_regularization=OFF
[PRECOND CTOR] STEP A: Damping config done, creating diagonal arrays with nz=64
[PRECOND CTOR] STEP A1: About to create TensorOptions
[PRECOND CTOR] STEP A2: TensorOptions created, calling torch::ones({nz+1})
[PRECOND CTOR] STEP A3: vertical_diag_w_ created
[PRECOND CTOR] STEP B: Diagonal arrays created
[PRECOND CTOR] STEP C: Off-diagonal arrays done, checking dz
[PRECOND CTOR] STEP D: dz_effective computed, caching...
[PRECOND CTOR] STEP E: dz_effective_cached_ done, size=64
[PRECONDITIONER] Raw momentum_coupling = 88000

[PRECONDITIONER] W-block momentum coupling (from actual grid data):
  μ_representative (from mub.mean()) = 88000 Pa
  c1f_representative (from c1f.mean()) = 1
  c2f_representative (from c2f.mean()) = 0
  msfty_representative (from msfty.mean()) = 1
  msfty_safe (guarded) = 1
  Coupling factor (c1f*μ+c2f)/msfty = 88000 (scalar), per-k enabled

[PRECOND DIAG k=1] CONFIG-DRIVEN PRECONDITIONER:
  Config: clamps=ON, damping=0.05, momentum_range=[10000, 100000]
  Raw physics:
    diag_contribution = 0.4624
    momentum_coupling_raw = 88000
  Scaling:
    diag_contrib / momentum_coupling = 5.25455e-06
    dt = 0.1, gamma = 0.435867, dt*gamma = 0.0435867
    dt*gamma*contrib_scaled = 2.29028e-07
  Acoustic Schur complement (W↔φ coupling):
    c_s = 340 m/s, dz_w = 500 m
    acoustic_cfl = dt*gamma*c_s/dz = 0.0296389
    acoustic_cfl² = 0.000878466
    A_phi_diag = 1 + dt*gamma*c_s²/dz² = 1.02015
    acoustic_schur = cfl²/A_phi = 0.000861111
    acoustic_schur_boosted = 0.00172222 (boost=2x)
  Diagonal:
    1 + direct + acoustic_schur_boosted = 1.00172 (pure physics)
    + damping_factor = 1.05172 (with 0.05 damping)
    Final diagonal = 1.05172
  Preconditioning strength: 1/diagonal = 0.950821x

[PRECOND DIAG k=2] CONFIG-DRIVEN PRECONDITIONER:
  Config: clamps=ON, damping=0.05, momentum_range=[10000, 100000]
  Raw physics:
    diag_contribution = 0.4624
    momentum_coupling_raw = 88000
  Scaling:
    diag_contrib / momentum_coupling = 5.25455e-06
    dt = 0.1, gamma = 0.435867, dt*gamma = 0.0435867
    dt*gamma*contrib_scaled = 2.29028e-07
  Acoustic Schur complement (W↔φ coupling):
    c_s = 340 m/s, dz_w = 500 m
    acoustic_cfl = dt*gamma*c_s/dz = 0.0296389
    acoustic_cfl² = 0.000878466
    A_phi_diag = 1 + dt*gamma*c_s²/dz² = 1.02015
    acoustic_schur = cfl²/A_phi = 0.000861111
    acoustic_schur_boosted = 0.00172222 (boost=2x)
  Diagonal:
    1 + direct + acoustic_schur_boosted = 1.00172 (pure physics)
    + damping_factor = 1.05172 (with 0.05 damping)
    Final diagonal = 1.05172
  Preconditioning strength: 1/diagonal = 0.950821x

[PRECOND DIAG k=3] CONFIG-DRIVEN PRECONDITIONER:
  Config: clamps=ON, damping=0.05, momentum_range=[10000, 100000]
  Raw physics:
    diag_contribution = 0.4624
    momentum_coupling_raw = 88000
  Scaling:
    diag_contrib / momentum_coupling = 5.25455e-06
    dt = 0.1, gamma = 0.435867, dt*gamma = 0.0435867
    dt*gamma*contrib_scaled = 2.29028e-07
  Acoustic Schur complement (W↔φ coupling):
    c_s = 340 m/s, dz_w = 500 m
    acoustic_cfl = dt*gamma*c_s/dz = 0.0296389
    acoustic_cfl² = 0.000878466
    A_phi_diag = 1 + dt*gamma*c_s²/dz² = 1.02015
    acoustic_schur = cfl²/A_phi = 0.000861111
    acoustic_schur_boosted = 0.00172222 (boost=2x)
  Diagonal:
    1 + direct + acoustic_schur_boosted = 1.00172 (pure physics)
    + damping_factor = 1.05172 (with 0.05 damping)
    Final diagonal = 1.05172
  Preconditioning strength: 1/diagonal = 0.950821x
[PRECOND UV] Capped vertical acoustic proxy in D_u/D_v: uv_vfrac 1 -> 5e-05 (horiz=2.312e-05, vert=0.4624)

[PRECOND DIAG SUMMARY] dt=0.1 gamma=0.435867 dt*gamma=0.0435867
  D_w  range: [1, 1.05172]
  D_θ  range: [1, 1]
  D_u  range: [1, 1]
  D_φ  range: [1.02015, 1.02015]
  D_μ  value: 1
SDIRK3_PRECOND_WDAMP_DIAG dt=0.1 rhs_config_enabled=0 physical_w_direct_diag=0 extra_regularization=0 extra_alpha=0 momentum_coupling_min=88000 momentum_coupling_max=88000 legacy_scaled_min=3.40909e-06 legacy_scaled_max=3.40909e-06 final_wdiag_min=1 final_wdiag_max=1.05172 coefficient_generation=0
TileSDIRK3UnifiedSolver created for tile 1 with dimensions 41x81x64
[NEWTON SOLVER] Updated grid dimensions:
  Grid: 41x81x64
  Stagger: 42,82,65
  Total size: 1080491
  Scaling vectors invalidated (will rebuild)
SDIRK3: Boundary conditions set for solver 0xc6d21d000
  periodic_x=1, periodic_y=0
  symmetric_xs=0, symmetric_xe=0
  symmetric_ys=1, symmetric_ye=1
  open_xs=0, open_xe=0, open_ys=0, open_ye=0
  specified=0, nested=0
SDIRK3: Map projection set for solver 0xc6d21d000
  map_proj=0 (idealized case)
UNIFIED SDIRK3: Initialized 1 tile solvers
UNIFIED SDIRK3: L-stable implicit integration; realized stability depends on the verified IMEX partition, the configured split-explicit acoustic operator, and sufficiently converged implicit stages
SDIRK3: Solvers initialized for solve_em
SDIRK3: Using finite difference for JVP computation
[CONFIG] Workers started - config changes will now trigger warnings
 === AFTER sdirk3_initialize_solvers ===
 === BEFORE set_base_state_sdirk3 ===
[SDIRK3] ph_base range: 0 / 156973
[SDIRK3] grid_info_->p_base range: 11080 to 98357.7 Pa
[SDIRK3] grid_info_->alb range: 0.816593 to 6.11678 m³/kg
[SDIRK3] dampcoef range: 0 to 0.198769
DEBUG: Base state generation incremented to 1 (will trigger refresh in first unifiedStep with real dt)
DEBUG: computeTerrainSlopes completed
  zx_ shape: [81, 65, 41]
  zy_ shape: [81, 65, 41]
  zx_ range: [0, 0]
  zy_ range: [0, 0]
 === AFTER set_base_state_sdirk3 ===
 === DEBUG: After calc_cq in solve_em ===
 num_3d_m =            2
 cqu(ips,k_start,jps) =    1.00000000    
 cqv(ips,k_start,jps) =    1.00000000    
 cqw(ips,k_start,jps) =    0.00000000    
 cqu min/max:    1.00000000       1.00000000    
SDIRK3 DEBUG: periodic_x=T, ids/ide/ims/ime/its/ite=    1   41   -4   46    1   41
SDIRK3 SOLVE DEBUG: jte=   81, jde=   81, jte==jde=T
SDIRK3 solve_em: Using nx/ny/nz=   41   81   64, nx_u/ny_v/nz_w=   42   82   65
d01 0001-01-01_00:00:00 SDIRK3: First 5 msfty values from Fortran (tile start):       1.0000      1.0000      1.0000      1.0000      1.0000
d01 0001-01-01_00:00:00 SDIRK3: msfty has        0 zeros out of     3321
[SDIRK3] advanceZeroCopy p_base range: [11080, 98357.7] Pa
[SDIRK3] Grid config: rdx=1e-05, rdy=1e-05, kdamp=0.01, khdif=0, kvdif=0
[SDIRK3] Boundary tensor creation skipped: spec_bdy_width=0 (periodic/global domain)
[SDIRK3] t_patch range: -41.1606 / 147.995 K
[SDIRK3] u-slice: j[5:86] k[0:64] i[5:47]
[SDIRK3] v-slice: j[5:87] k[0:64] i[5:46]
[SDIRK3] mass-slice: j[5:86] k[0:64] i[5:46]
[SDIRK3] t_tile range: -41.1606 / 147.995 K
[SDIRK3] t_contig range: -41.1606 / 147.995 K
[SDIRK3] U west halo max: 67.3412, east halo max: 67.3412
[SDIRK3] V west halo max: 0, east halo max: 0
[SDIRK3] RSL_LITE i_compute: [5, 36]
[SDIRK3] RSL_LITE j_compute: [5, 76]
[SDIRK3] msftx_tile min=1 max=1
[SDIRK3] p_pert range: -10.7083 / 8.05528 Pa
[SDIRK3] t_pert range: -41.1606 / 147.995 K
[SDIRK3] al range: -0.201733 / 0.130076 m³/kg

=== RDN VALUES FROM WRF ===
  nz = 64
  rdn_ size = 64
  First 10 rdn values:
    rdn_[0] = 0
    rdn_[1] = 28.5429
    rdn_[2] = 29.449
    rdn_[3] = 30.3838
    rdn_[4] = 31.3483
    rdn_[5] = 32.3434
    rdn_[6] = 33.3701
    rdn_[7] = 34.4293
    rdn_[8] = 35.5223
    rdn_[9] = 36.6498
  Max |rdn| = 198.127 at k = 63
============================
[SDIRK3] fnm[1]+fnp[1]=1 (should be 1.0)

=== RDZW COMPUTED FROM RDNW ===
  nz = 64
  First 5 rdnw/rdzw pairs:
    rdnw[0] = 28.1039 -> rdzw[0] = 28.1039
    rdnw[1] = 28.996 -> rdzw[1] = 28.996
    rdnw[2] = 29.9164 -> rdzw[2] = 29.9164
    rdnw[3] = 30.8661 -> rdzw[3] = 30.8661
    rdnw[4] = 31.8458 -> rdzw[4] = 31.8458
  c1h_ min/max: 1 / 1
  fnm_ min/max: 0 / 0.507814
  fnp_ min/max: 0 / 0.492189

=== BASE STATE VALIDATION ===
  c1f_ range: [1, 1]
  c2f_ range: [0, 0]

=== DEBUG: Packed State Check ===
  U_n has NaN: NO
  U_n has Inf: NO
  F_phys has NaN: NO
  F_phys has Inf: NO
  F_phys min/max: 0 / 0
  F_phys norm: 0
  ru_tend min/max: 0 / 0
  t_tend min/max: 0 / 0
  mu_tend min/max: 0 / 0
  t min/max: -41.1606 / 147.995
  mu min/max: -10.8906 / 8.19531
  u max: 67.3412
[PRECOND UPDATE] Called with dt=600, gamma=0.435867 (stored dt_=0.1, gamma_=0.435867)
DEBUG: Preconditioner dt/gamma changed, refreshing coefficients
DEBUG: Base state generation changed (now 1), refreshing coefficients with REAL mub/th_base!
DEBUG: ScalarMeanCache epoch changed (now 3), refreshing coefficients (msfty/mub/c1f/c2f may have changed)
UnifiedPreconditioner: Implicit damping/diffusion enabled:
  - Divergence damping: kdamp=0.2
  - Rayleigh damping: coef=0.2
  - W-damping: alpha=0.3
  IMEX scope gating (mode=3): rayleigh=OFF vdiff=OFF divergence=on
  wdamp: physical_w_direct_diag=0 extra_regularization=OFF
[PRECOND CTOR] STEP A: Damping config done, creating diagonal arrays with nz=64
[PRECOND CTOR] STEP A1: About to create TensorOptions
[PRECOND CTOR] STEP A2: TensorOptions created, calling torch::ones({nz+1})
[PRECOND CTOR] STEP A3: vertical_diag_w_ created
[PRECOND CTOR] STEP B: Diagonal arrays created
[PRECOND CTOR] STEP C: Off-diagonal arrays done, checking dz
[DZ] grid_info_->dz dim=1 sizes=[64] device=cpu
[PRECOND CTOR] STEP D: dz_effective computed, caching...
[PRECOND CTOR] STEP E: dz_effective_cached_ done, size=64
[PRECONDITIONER] Raw momentum_coupling = 89083.9
[PRECONDITIONER] Per-k momentum_coupling range: 89083.9 to 89083.9 (scalar avg = 89083.9)

[PRECONDITIONER] W-block momentum coupling (from actual grid data):
  μ_representative (from mub.mean()) = 89083.9 Pa
  c1f_representative (from c1f.mean()) = 1
  c2f_representative (from c2f.mean()) = 0
  msfty_representative (from msfty.mean()) = 1
  msfty_safe (guarded) = 1
  Coupling factor (c1f*μ+c2f)/msfty = 89083.9 (scalar), per-k enabled

[PRECOND DIAG k=1] CONFIG-DRIVEN PRECONDITIONER:
  Config: clamps=ON, damping=0.05, momentum_range=[10000, 100000]
  Raw physics:
    diag_contribution = 1.66387
    momentum_coupling_raw = 89083.9
  Scaling:
    diag_contrib / momentum_coupling = 1.86776e-05
    dt = 600, gamma = 0.435867, dt*gamma = 261.52
    dt*gamma*contrib_scaled = 0.00488456
  Acoustic Schur complement (W↔φ coupling):
    c_s = 340 m/s, dz_w = 263.584 m
    acoustic_cfl = dt*gamma*c_s/dz = 337.338
    acoustic_cfl² = 113797
    A_phi_diag = 1 + dt*gamma*c_s²/dz² = 436.136
    acoustic_schur = cfl²/A_phi = 260.92
    acoustic_schur_boosted = 521.841 (boost=2x)
  Diagonal:
    1 + direct + acoustic_schur_boosted = 522.846 (pure physics)
    + damping_factor = 522.896 (with 0.05 damping)
    Final diagonal = 522.896
  Preconditioning strength: 1/diagonal = 0.00191243x

[PRECOND DIAG k=2] CONFIG-DRIVEN PRECONDITIONER:
  Config: clamps=ON, damping=0.05, momentum_range=[10000, 100000]
  Raw physics:
    diag_contribution = 1.67427
    momentum_coupling_raw = 89083.9
  Scaling:
    diag_contrib / momentum_coupling = 1.87943e-05
    dt = 600, gamma = 0.435867, dt*gamma = 261.52
    dt*gamma*contrib_scaled = 0.00491509
  Acoustic Schur complement (W↔φ coupling):
    c_s = 340 m/s, dz_w = 262.764 m
    acoustic_cfl = dt*gamma*c_s/dz = 338.39
    acoustic_cfl² = 114508
    A_phi_diag = 1 + dt*gamma*c_s²/dz² = 438.855
    acoustic_schur = cfl²/A_phi = 260.924
    acoustic_schur_boosted = 521.848 (boost=2x)
  Diagonal:
    1 + direct + acoustic_schur_boosted = 522.853 (pure physics)
    + damping_factor = 522.903 (with 0.05 damping)
    Final diagonal = 522.903
  Preconditioning strength: 1/diagonal = 0.0019124x

[PRECOND DIAG k=3] CONFIG-DRIVEN PRECONDITIONER:
  Config: clamps=ON, damping=0.05, momentum_range=[10000, 100000]
  Raw physics:
    diag_contribution = 1.68823
    momentum_coupling_raw = 89083.9
  Scaling:
    diag_contrib / momentum_coupling = 1.8951e-05
    dt = 600, gamma = 0.435867, dt*gamma = 261.52
    dt*gamma*contrib_scaled = 0.00495608
  Acoustic Schur complement (W↔φ coupling):
    c_s = 340 m/s, dz_w = 261.675 m
    acoustic_cfl = dt*gamma*c_s/dz = 339.798
    acoustic_cfl² = 115463
    A_phi_diag = 1 + dt*gamma*c_s²/dz² = 442.507
    acoustic_schur = cfl²/A_phi = 260.929
    acoustic_schur_boosted = 521.858 (boost=2x)
  Diagonal:
    1 + direct + acoustic_schur_boosted = 522.863 (pure physics)
    + damping_factor = 522.913 (with 0.05 damping)
    Final diagonal = 522.913
  Preconditioning strength: 1/diagonal = 0.00191236x

[PRECOND DIAG SUMMARY] dt=600 gamma=0.435867 dt*gamma=261.52
  D_w  range: [1, 523.113]
  D_θ  range: [1, 1]
  D_u  range: [1.01209, 1.01209]
  D_φ  range: [405.948, 532.311]
  D_μ  value: 1.00466
SDIRK3_PRECOND_WDAMP_DIAG dt=600 rhs_config_enabled=0 physical_w_direct_diag=0 extra_regularization=0 extra_alpha=0 momentum_coupling_min=89083.9 momentum_coupling_max=89083.9 legacy_scaled_min=3.36761e-06 legacy_scaled_max=3.36761e-06 final_wdiag_min=1 final_wdiag_max=523.113 coefficient_generation=1
[COUPLED DIAG] Coefficient landscape (nz=64, dt*gamma=261.52, c_s=340, g=9.81, boost=2):
  [clamps=ON, damping=0.05]
  k | D_phi | D_W_nosb | D_W_full | damp | schur_boost | GS_same(k) | GS_km1(k-1) | phys_g/dz | pdet_full | pdet_nosb_gs | pdet_nosb_phys
  1 | 436.1356 | 1.0549 | 522.8955 | 0.0500 | 521.8406 | 0.0001 | -0.0001 | 9.7332 | 114256.7031 | 460.0666 | 365.3318
  16 | 491.0512 | 1.0555 | 523.0302 | 0.0500 | 521.9747 | 0.0001 | -0.0001 | 10.3291 | 128676.4688 | 518.2952 | 411.6046
  32 | 531.8401 | 1.0560 | 523.1123 | 0.0500 | 522.0563 | 0.0001 | -0.0001 | 10.7504 | 139386.8594 | 561.6068 | 446.0359
  48 | 497.7715 | 1.0555 | 523.0446 | 0.0500 | 521.9891 | 0.0001 | -0.0001 | 10.3997 | 130441.0703 | 525.4188 | 417.2650
  63 | 405.9480 | 1.0545 | 522.8059 | 0.0500 | 521.7514 | 0.0001 | -0.0001 | 9.3895 | 106330.0547 | 428.0740 | 339.9114
[COUPLED DIAG] Top level (nz_w=64): D_phi_top=435.233, D_W_top=1 (boundary: coupling=0, no off-diag)
[COUPLED DIAG] Proxy-det ranges (same-level approx, ignores k-1 coupling):
  pdet(D_W_full, acfl²):    [106330, 139510] candidate
  pdet(D_W_nosb, GS²):      [428.074, 562.106] candidate
  pdet(D_W_nosb, phys²):    [339.911, 446.439] candidate
  NOTE: positive proxy = necessary but NOT sufficient for block-Thomas stability
[COUPLED DIAG] Coupling scale summary (k=1):
  acoustic_cfl=337.338, GS_Awp(uncapped,no_beta)=0.000109259 [same=0.000109259, km1=-0.000109259], phys_g/dz=9.73318, ratio acfl/gs=3.08752e+06, ratio acfl/phys=34.6585
[IMEX MODE=3] Post-solve ARK324 active slow_in_tangent=0 phys_in_tangent=0
[RHS DEBUG GUARD] debug_level=1, ENABLE_RHS_DEBUG=FALSE
[IMEX MODE=3] Stage 2 predictor depth=1 (last stage converged=1, rel_R_full_raw=0)
[PHYSICS] Physics forcing inactive (ideal test case, max(|F_phys|) = 0)
[RHS CONFIG] split_mode=3 omega_update_ref_per_newton=0 omega_w_blend=1 imex_enabled=0 imex_split_mode=3 precond_relaxation=0 w_acoustic_boost=2

=== NEWTON SOLVER ENTRY ===
  Stage: 2
  dt: 600, gamma: 0.435867
  dt*gamma: 261.52 (implicit timestep)
  U_n dim: 1, size: 1080491
  U_n shape: [1080491]
  max_newton_iter: 12
  newton_tol: 0.2
  gmres_restart: 10
=========================
Stage 2: Using predictor from K_prev, ||K|| = 0.845519 (K_prev depth=1)
[PRECOND] set_stage_state ENTRY: stage=2, mu_pert.defined()=1, mu_pert.dim()=2
[PRECOND] set_stage_state: mu_base_2d.sizes()=[81, 41], mu_pert.sizes()=[81, 41]
[PRECOND] mu_scale_correction = 0.999985 (mu_full_mean=89082.5 / mu_rep=89083.9)
[PRECOND] set_stage_state: stage=2, ||mu_pert||/||mu_base||=0.00932483% -> RECOMPUTE (stage changed)
UnifiedPreconditioner: Implicit damping/diffusion enabled:
  - Divergence damping: kdamp=0.2
  - Rayleigh damping: coef=0.2
  - W-damping: alpha=0.3
  IMEX scope gating (mode=3): rayleigh=OFF vdiff=OFF divergence=on
  wdamp: physical_w_direct_diag=0 extra_regularization=OFF
[PRECOND CTOR] STEP A: Damping config done, creating diagonal arrays with nz=64
[PRECOND CTOR] STEP A1: About to create TensorOptions
[PRECOND CTOR] STEP A2: TensorOptions created, calling torch::ones({nz+1})
[PRECOND CTOR] STEP A3: vertical_diag_w_ created
[PRECOND CTOR] STEP B: Diagonal arrays created
[PRECOND CTOR] STEP C: Off-diagonal arrays done, checking dz
[PRECOND CTOR] STEP D: dz_effective computed, caching...
[PRECOND CTOR] STEP E: dz_effective_cached_ done, size=64
[PRECONDITIONER] Raw momentum_coupling = 89083.9
[PRECONDITIONER] Per-k momentum_coupling range: 89083.9 to 89083.9 (scalar avg = 89083.9)

[PRECONDITIONER] W-block momentum coupling (from actual grid data):
  μ_representative (from mub.mean()) = 89083.9 Pa
  c1f_representative (from c1f.mean()) = 1
  c2f_representative (from c2f.mean()) = 0
  msfty_representative (from msfty.mean()) = 1
  msfty_safe (guarded) = 1
  Coupling factor (c1f*μ+c2f)/msfty = 89083.9 (scalar), per-k enabled

[PRECOND DIAG k=1] CONFIG-DRIVEN PRECONDITIONER:
  Config: clamps=ON, damping=0.05, momentum_range=[10000, 100000]
  Raw physics:
    diag_contribution = 1.66387
    momentum_coupling_raw = 89083.9
  Scaling:
    diag_contrib / momentum_coupling = 1.86776e-05
    dt = 600, gamma = 0.435867, dt*gamma = 261.52
    dt*gamma*contrib_scaled = 0.00488456
  Acoustic Schur complement (W↔φ coupling):
    c_s = 340 m/s, dz_w = 263.584 m
    acoustic_cfl = dt*gamma*c_s/dz = 337.338
    acoustic_cfl² = 113797
    A_phi_diag = 1 + dt*gamma*c_s²/dz² = 436.136
    acoustic_schur = cfl²/A_phi = 260.92
    acoustic_schur_boosted = 521.841 (boost=2x)
  Diagonal:
    1 + direct + acoustic_schur_boosted = 522.846 (pure physics)
    + damping_factor = 522.896 (with 0.05 damping)
    Final diagonal = 522.896
  Preconditioning strength: 1/diagonal = 0.00191243x

[PRECOND DIAG k=2] CONFIG-DRIVEN PRECONDITIONER:
  Config: clamps=ON, damping=0.05, momentum_range=[10000, 100000]
  Raw physics:
    diag_contribution = 1.67427
    momentum_coupling_raw = 89083.9
  Scaling:
    diag_contrib / momentum_coupling = 1.87943e-05
    dt = 600, gamma = 0.435867, dt*gamma = 261.52
    dt*gamma*contrib_scaled = 0.00491509
  Acoustic Schur complement (W↔φ coupling):
    c_s = 340 m/s, dz_w = 262.764 m
    acoustic_cfl = dt*gamma*c_s/dz = 338.39
    acoustic_cfl² = 114508
    A_phi_diag = 1 + dt*gamma*c_s²/dz² = 438.855
    acoustic_schur = cfl²/A_phi = 260.924
    acoustic_schur_boosted = 521.848 (boost=2x)
  Diagonal:
    1 + direct + acoustic_schur_boosted = 522.853 (pure physics)
    + damping_factor = 522.903 (with 0.05 damping)
    Final diagonal = 522.903
  Preconditioning strength: 1/diagonal = 0.0019124x

[PRECOND DIAG k=3] CONFIG-DRIVEN PRECONDITIONER:
  Config: clamps=ON, damping=0.05, momentum_range=[10000, 100000]
  Raw physics:
    diag_contribution = 1.68823
    momentum_coupling_raw = 89083.9
  Scaling:
    diag_contrib / momentum_coupling = 1.8951e-05
    dt = 600, gamma = 0.435867, dt*gamma = 261.52
    dt*gamma*contrib_scaled = 0.00495608
  Acoustic Schur complement (W↔φ coupling):
    c_s = 340 m/s, dz_w = 261.675 m
    acoustic_cfl = dt*gamma*c_s/dz = 339.798
    acoustic_cfl² = 115463
    A_phi_diag = 1 + dt*gamma*c_s²/dz² = 442.507
    acoustic_schur = cfl²/A_phi = 260.929
    acoustic_schur_boosted = 521.858 (boost=2x)
  Diagonal:
    1 + direct + acoustic_schur_boosted = 522.863 (pure physics)
    + damping_factor = 522.913 (with 0.05 damping)
    Final diagonal = 522.913
  Preconditioning strength: 1/diagonal = 0.00191236x

[PRECOND DIAG SUMMARY] dt=600 gamma=0.435867 dt*gamma=261.52
  D_w  range: [1, 523.113]
  D_θ  range: [1, 1]
  D_u  range: [1.01209, 1.01209]
  D_φ  range: [405.948, 532.311]
  D_μ  value: 1.00466
SDIRK3_PRECOND_WDAMP_DIAG dt=600 rhs_config_enabled=0 physical_w_direct_diag=0 extra_regularization=0 extra_alpha=0 momentum_coupling_min=89083.9 momentum_coupling_max=89083.9 legacy_scaled_min=3.36761e-06 legacy_scaled_max=3.36761e-06 final_wdiag_min=1 final_wdiag_max=523.113 coefficient_generation=2
[COUPLED DIAG] Coefficient landscape (nz=64, dt*gamma=261.52, c_s=340, g=9.81, boost=2):
  [clamps=ON, damping=0.05]
  k | D_phi | D_W_nosb | D_W_full | damp | schur_boost | GS_same(k) | GS_km1(k-1) | phys_g/dz | pdet_full | pdet_nosb_gs | pdet_nosb_phys
  1 | 436.1356 | 1.0549 | 522.8955 | 0.0500 | 521.8406 | 0.0001 | -0.0001 | 9.7332 | 114256.7031 | 460.0666 | 365.3318
  16 | 491.0512 | 1.0555 | 523.0302 | 0.0500 | 521.9747 | 0.0001 | -0.0001 | 10.3291 | 128676.4688 | 518.2952 | 411.6046
  32 | 531.8401 | 1.0560 | 523.1123 | 0.0500 | 522.0563 | 0.0001 | -0.0001 | 10.7504 | 139386.8594 | 561.6068 | 446.0359
  48 | 497.7715 | 1.0555 | 523.0446 | 0.0500 | 521.9891 | 0.0001 | -0.0001 | 10.3997 | 130441.0703 | 525.4188 | 417.2650
  63 | 405.9480 | 1.0545 | 522.8059 | 0.0500 | 521.7514 | 0.0001 | -0.0001 | 9.3895 | 106330.0547 | 428.0740 | 339.9114
[COUPLED DIAG] Top level (nz_w=64): D_phi_top=435.233, D_W_top=1 (boundary: coupling=0, no off-diag)
[COUPLED DIAG] Proxy-det ranges (same-level approx, ignores k-1 coupling):
  pdet(D_W_full, acfl²):    [106330, 139510] candidate
  pdet(D_W_nosb, GS²):      [428.074, 562.106] candidate
  pdet(D_W_nosb, phys²):    [339.911, 446.439] candidate
  NOTE: positive proxy = necessary but NOT sufficient for block-Thomas stability
[COUPLED DIAG] Coupling scale summary (k=1):
  acoustic_cfl=337.338, GS_Awp(uncapped,no_beta)=0.00010926 [same=0.00010926, km1=-0.00010926], phys_g/dz=9.73318, ratio acfl/gs=3.08747e+06, ratio acfl/phys=34.6585

--- Newton iteration 0 starting ---
[PRECOND] set_stage_state ENTRY: stage=2, mu_pert.defined()=1, mu_pert.dim()=2
[PRECOND] set_stage_state: mu_base_2d.sizes()=[81, 41], mu_pert.sizes()=[81, 41]
[PRECOND] mu_scale_correction = 0.999985 (mu_full_mean=89082.5 / mu_rep=89083.9)
[NEWTON] State validation at iteration 0:
[NEWTON] U_eval range: [-10593.3, 19913.2]
[NEWTON] U_eval norm: 2.09998e+06
[NEWTON] Checking U_eval = U_stage + (600 * 0.435867) * K:
  W-block in U_eval: min/max = -0.943974 / 1.2547
  W-block norm = 441.208
  W-block in U_stage: min/max = -0.471987 / 0.627351
  Scaling factor dt*gamma = 261.52
[NEWTON] Has NaN: NO
[NEWTON] Has Inf: NO
[NEWTON] U_n norm: 2.09998e+06
[NEWTON] U_stage norm: 2.09998e+06
[NEWTON] K norm: 0.845519
[NEWTON] dt: 600, gamma: 0.435867
[SCALING] Rebuilding S from R₀ (iter 0):
  S[ru] = 360373 (RMS=360373, floor=1)
  S[rv] = 97.5269 (RMS=97.5269, floor=1)
  S[rw] = 177.997 (RMS=177.997, floor=1)
  S[ph] = 237899 (RMS=237899, floor=1)
  S[t] = 10525.4 (RMS=10525.4, floor=1)
  S[mu] = 1.47619e+07 (RMS=1.47619e+07, floor=1)
[Newton] Convergence norm: scaled-RMS ||S⁻¹R||/√N (N=1080491), atol=0.2, rtol=1e-10*1=1e-10 => effective_tol=0.2
[Newton] iter 0: ||S⁻¹R||_rms=1.000002e+00 [scaled-RMS], ||R||=8.741829e+08 [unscaled-L2], tol=2.000000e-01
  ru: ||S⁻¹R||_rms=0.999998 (N=217728)
  rv: ||S⁻¹R||_rms=1 (N=215168)
  rw: ||S⁻¹R||_rms=1.00001 (N=215865)
  ph: ||S⁻¹R||_rms=0.999995 (N=215865)
  t: ||S⁻¹R||_rms=1 (N=212544)
  mu: ||S⁻¹R||_rms=1 (N=3321)
[EISENSTAT-WALKER] Newton iter 0, Stage 2: using initial eta = 0.3
[BLOCK_RES] iter=0 ru=1.68e+08 rv=4.52e+04 rw=8.27e+04 ph=1.11e+08 t=4.85e+06 mu=8.51e+08 max=8.51e+08 ru_share=0.037
[Newton] JVP method: FORWARD-MODE AD (compute_jvp_forward_mode)
[Newton] JVP ready for GMRES (use_autograd=true)
[PRECOND] Using TDMA preconditioner for GMRES
[GMRES POLICY] Stage 2: order=shipped, restart=10->163 (source=2), max_restarts=2->1, ew_scale=0.85, ew_applied=1, budget_active=1
[GMRES INIT] Stage 2 effective: restart=163, max_restarts=1, tol=0.3, budget_coupled=yes, budget_eta=0.3, budget_scale=0.85
[GMRES WARMSTART] stage=2 disabled (shape_ok=0, prev_rel=1, gate=1, prev_varpc=no)
[GMRES INN] stage=2, status=no_base_warmstart, reason_code=2, base_warmstart=no, built=no, used=no, gate_pass=no, prev_shape_ok=no, prev_quality_ok=no, prev_varpc_ok=no, prev_rel=0, q=0, r_base=0, r_cand=0, x0_base_norm=0, x0_cand_norm=0, x0_delta_norm=0, x0_rel_delta=0, gate_rel_diff=0, gate_non_degrade=no, gate_quality_ok=no, ru_share_base=0, ru_share_cand=0, rw_share_base=0, rw_share_cand=0, ph_share_base=0, ph_share_cand=0, tol_ramped=no
[FWAD_CHECK] === Forward-mode AD active, checking W-PGF tangent propagation ===
[FWAD_CHECK] mu (perturbation): HAS tangent, ||tangent||=2.14028e+08
[FWAD_CHECK] mu_full: HAS tangent, ||tangent||=2.14028e+08
[FWAD_CHECK] p_pert_mass (from hydrostatic): HAS tangent, ||tangent||=7.58516e+08
[FWAD_CHECK] muf (mu at w-points): HAS tangent, ||tangent||=1.7254e+09
[FWAD_CHECK] mubf (mu_base at w-points): NO tangent
[FWAD_CHECK] rw_tend (before PGF): NO tangent
[FWAD_CHECK] cq1: NO tangent
[FWAD_CHECK] w_pgf_buoy_all (stacked PGF): HAS tangent, ||tangent||=3.33306e+10
[FWAD_CHECK] rw_tend (after PGF): HAS tangent, ||tangent||=3.33306e+10
[FWAD_CHECK] w_pgf_buoy_levels[1] (k=1): HAS tangent, ||tangent||=4.19923e+09
[FWAD_CHECK] === Checking tangent at coupled-to-velocity conversion ===
[FWAD_CHECK] rw_tend (at conversion): HAS tangent, ||tangent||=3.35939e+10
[FWAD_CHECK] w_tend (after conversion): HAS tangent, ||tangent||=7.81823e+06
[FWAD_CHECK] u_tend (after conversion): HAS tangent, ||tangent||=1.66322e+10
[FWAD_CHECK] ru_tend (coupled): HAS tangent, ||tangent||=61716
[FWAD_CHECK] mu_tend: HAS tangent, ||tangent||=2991.1
[FWAD_CHECK] t_tend: HAS tangent, ||tangent||=1.61798e+07
[PRECOND APPLY] Called #1 residual.dim()=1 numel=1080491 dt_=600 gamma_=0.435867
[PRECOND DEBUG] Input residual ||r|| = 840991 (call #1)
[PRECOND 1D PATH] Entered. do_diag_sample=1 diag_counter=1 debug_level=1

[PRECOND DIAGNOSTIC] 1D State Vector Analysis:
  Grid dimensions: nx=41, ny=81, nz=64
  Staggered dims: nx_u=42, ny_v=82, nz_w=65
  Total vector size: z.size(0) = 1080491

  Component sizes:
    size_u   = 217728  (42 x 81 x 64)
    size_v   = 215168  (41 x 82 x 64)
    size_w   = 215865  (41 x 81 x 65)
    size_phi = 215865  (41 x 81 x 65)
    size_t   = 212544  (41 x 81 x 64)
    size_mu  = 3321  (41 x 81) [2D ONLY]
  Sum of all components = 1080491
  ✓ Size match: All 6 components present [U,V,W,PHI,T,MU]
[PRECOND DEBUG STEP 1] Passed size/device checks
[PRECOND DEBUG STEP 2] Coefficient cache built
[PRECOND DEBUG STEP 3] Entering 4x4 Schur path
[PRECOND DEBUG STEP 4] Interior blocks extracted: r_u_3d=[81, 64, 41] r_v_3d=[81, 64, 41] r_phi_mass=[81, 64, 41] r_mu_2d=[81, 41]
[PRECOND DEBUG STEP 5] About to access mu_base cache. grid_info_->mu_base.defined()=1 sizes=[81, 41]
[PRECOND 4x4] Using mu_full_stage_ for inv_mu0: mu_base_mean=89083.9 mu_full_mean=89082.5 (delta=-1.36719)
[PRECOND DEBUG STEP 6] mu_for_inv ready. mu_full_stage_.defined()=1 mu_for_inv.sizes()=[81, 41]
[COUPLED DIAG 4x4] S_phi_phi/D_phi ratio: min=1, max=1, mean=1 (alpha_phi range: [1.56235, 1.56235]), max_dev=0, bad_levels(>0.1)=0/64 (phi-feedback OK)
[PRECOND BLOCK NORMS] U: 159794, V: 174.748, MU: 5501.46
[PRECOND BLOCK NORMS] PHI: 31032
[PRECOND PHI-W GS] Active with boost=2 (boost=diagonal quality, GS=off-diagonal RHS correction)
[PRECOND BLOCK NORMS] W: 31.6632, THETA: 4668.2
[PRECOND TIMING] W-THETA coupled solve: 6 ms (3321 columns)
[PRECOND 1D RESULT] BEFORE relaxation: ||z||=162909 ||r||=840991 ||z-r||=820575 ||z-r||/||r||=0.975724
[PRECOND DEBUG] Output preconditioned ||M⁻¹r|| = 162909 (α₀=0, ratio=1, α_eff=0)
[PRECOND DEBUG] Ratio ||M⁻¹r|| / ||r|| = 0.193711
[PRECOND APPLY] Called #2 residual.dim()=1 numel=1080491 dt_=600 gamma_=0.435867
[PRECOND 1D PATH] Entered. do_diag_sample=0 diag_counter=2 debug_level=1
[PRECOND DEBUG STEP 1] Passed size/device checks
[PRECOND DEBUG STEP 2] Coefficient cache built
[PRECOND DEBUG STEP 3] Entering 4x4 Schur path
[PRECOND DEBUG STEP 4] Interior blocks extracted: r_u_3d=[81, 64, 41] r_v_3d=[81, 64, 41] r_phi_mass=[81, 64, 41] r_mu_2d=[81, 41]
[PRECOND DEBUG STEP 5] About to access mu_base cache. grid_info_->mu_base.defined()=1 sizes=[81, 41]
[PRECOND 4x4] Using mu_full_stage_ for inv_mu0: mu_base_mean=89083.9 mu_full_mean=89082.5 (delta=-1.36719)
[PRECOND DEBUG STEP 6] mu_for_inv ready. mu_full_stage_.defined()=1 mu_for_inv.sizes()=[81, 41]
[PRECOND 1D RESULT] BEFORE relaxation: ||z||=1.6978e+08 ||r||=8.76729e+08 ||z-r||=8.55499e+08 ||z-r||/||r||=0.975785
[PRECOND APPLY] Called #3 residual.dim()=1 numel=1080491 dt_=600 gamma_=0.435867
[PRECOND 1D PATH] Entered. do_diag_sample=0 diag_counter=3 debug_level=1
[PRECOND DEBUG STEP 1] Passed size/device checks
[PRECOND DEBUG STEP 2] Coefficient cache built
[PRECOND DEBUG STEP 3] Entering 4x4 Schur path
[PRECOND DEBUG STEP 4] Interior blocks extracted: r_u_3d=[81, 64, 41] r_v_3d=[81, 64, 41] r_phi_mass=[81, 64, 41] r_mu_2d=[81, 41]
[PRECOND DEBUG STEP 5] About to access mu_base cache. grid_info_->mu_base.defined()=1 sizes=[81, 41]
[PRECOND 4x4] Using mu_full_stage_ for inv_mu0: mu_base_mean=89083.9 mu_full_mean=89082.5 (delta=-1.36719)
[PRECOND DEBUG STEP 6] mu_for_inv ready. mu_full_stage_.defined()=1 mu_for_inv.sizes()=[81, 41]
[PRECOND 1D RESULT] BEFORE relaxation: ||z||=1.70216e+08 ||r||=8.78095e+08 ||z-r||=8.57e+08 ||z-r||/||r||=0.975976
[PRECOND DEBUG] Input residual ||r|| = 1.7502e+09 (call #5)
[PRECOND BLOCK NORMS] U: 3.3171e+08, V: 363333, MU: 1.14376e+07
[PRECOND BLOCK NORMS] PHI: 6.45157e+07
[PRECOND BLOCK NORMS] W: 65858.6, THETA: 9.72851e+06
[PRECOND TIMING] W-THETA coupled solve: 6 ms (3321 columns)
[PRECOND DEBUG] Output preconditioned ||M⁻¹r|| = 3.38203e+08 (α₀=0, ratio=1, α_eff=0)
[PRECOND DEBUG] Ratio ||M⁻¹r|| / ||r|| = 0.193237
[GMRES BLOCK-SCALE] ru: ||r0||=466.612 → D_inv=0.00214311
[GMRES BLOCK-SCALE] rv: ||r0||=463.863 → D_inv=0.00215581
[GMRES BLOCK-SCALE] rw: ||r0||=464.616 → D_inv=0.00215232
[GMRES BLOCK-SCALE] ph: ||r0||=464.61 → D_inv=0.00215234
[GMRES BLOCK-SCALE] t: ||r0||=461.027 → D_inv=0.00216907
[GMRES BLOCK-SCALE] mu: ||r0||=57.6281 → D_inv=0.0173526
[FGMRES] Z-basis memory budget: restart=4 x numel=1080491 => ~16.487 MiB per cycle
[GMRES REORTH] j=1 before=148.817 after1=81.4843 after2=81.4844 ratio=0.547547
[GMRES REORTH] j=2 before=119.351 after1=75.7866 after2=75.7868 ratio=0.634992
[GMRES] restart=1 j=3: hess_est=0.7750, true_err=0.7751
[GMRES BLOCK r/b] restart=1 j=3 ru=89.7857 rv=179.8267 rw=145.2190 ph=179.6292 t=85.2064 mu=20.9459
[FGMRES] NOT CONVERGED: ||x||=0.0147, ||r_true||=780.1282, ||b||=1039.4686, rel_error=0.7505, tol=0.0000, restarts=1, arnoldi=4 (block-scaled)
[GMRES BLOCK-SCALE] ru: ||r0||=466.6 → D_inv=0.002143
[GMRES BLOCK-SCALE] rv: ||r0||=463.9 → D_inv=0.002156
[GMRES BLOCK-SCALE] rw: ||r0||=464.6 → D_inv=0.002152
[GMRES BLOCK-SCALE] ph: ||r0||=464.6 → D_inv=0.002152
[GMRES BLOCK-SCALE] t: ||r0||=461 → D_inv=0.002169
[GMRES BLOCK-SCALE] mu: ||r0||=57.63 → D_inv=0.01735
[FGMRES] Z-basis memory budget: restart=4 x numel=1080491 => ~16.49 MiB per cycle
[GMRES REORTH] j=1 before=844 after1=527.8 after2=527.8 ratio=0.6253
[GMRES REORTH] j=2 before=681.9 after1=411.5 after2=411.5 ratio=0.6034
[GMRES] restart=1 j=3: hess_est=0.5497, true_err=0.5497
[GMRES BLOCK r/b] restart=1 j=3 ru=65.5209 rv=116.6260 rw=71.3045 ph=142.3255 t=102.2735 mu=13.2219
[FGMRES] NOT CONVERGED: ||x||=0.0077, ||r_true||=568.4401, ||b||=1039.4686, rel_error=0.5469, tol=0.0000, restarts=1, arnoldi=4 (block-scaled)
[GMRES BLOCK-SCALE] ru: ||r0||=466.6 → D_inv=0.002143
[GMRES BLOCK-SCALE] rv: ||r0||=463.9 → D_inv=0.002156
[GMRES BLOCK-SCALE] rw: ||r0||=464.6 → D_inv=0.002152
[GMRES BLOCK-SCALE] ph: ||r0||=464.6 → D_inv=0.002152
[GMRES BLOCK-SCALE] t: ||r0||=461 → D_inv=0.002169
[GMRES BLOCK-SCALE] mu: ||r0||=57.63 → D_inv=0.01735
[FGMRES] Z-basis memory budget: restart=4 x numel=1080491 => ~16.49 MiB per cycle
[PRECOND DEBUG] Input residual ||r|| = 6.029e+06 (call #10)
[PRECOND BLOCK NORMS] U: 1.453e+05, V: 153.3, MU: 4807
[PRECOND BLOCK NORMS] PHI: 2.711e+04
[PRECOND BLOCK NORMS] W: 28.92, THETA: 4297
[PRECOND TIMING] W-THETA coupled solve: 6 ms (3321 columns)
[PRECOND DEBUG] Output preconditioned ||M⁻¹r|| = 1.48e+05 (α₀=0, ratio=1, α_eff=0)
[PRECOND DEBUG] Ratio ||M⁻¹r|| / ||r|| = 0.02454
[GMRES REORTH] j=1 before=785.4 after1=539.5 after2=539.5 ratio=0.687
[GMRES REORTH] j=2 before=644.3 after1=418.3 after2=418.3 ratio=0.6493
[GMRES] restart=1 j=3: hess_est=0.6952, true_err=0.6952
[GMRES BLOCK r/b] restart=1 j=3 ru=118.3997 rv=175.8333 rw=112.7080 ph=165.2943 t=134.1573 mu=4.1196
[FGMRES] NOT CONVERGED: ||x||=0.0104, ||r_true||=786.0260, ||b||=1039.4686, rel_error=0.7562, tol=0.0000, restarts=1, arnoldi=4 (block-scaled)
[GMRES BLOCK-SCALE] ru: ||r0||=466.6 → D_inv=0.002143
[GMRES BLOCK-SCALE] rv: ||r0||=463.9 → D_inv=0.002156
[GMRES BLOCK-SCALE] rw: ||r0||=464.6 → D_inv=0.002152
[GMRES BLOCK-SCALE] ph: ||r0||=464.6 → D_inv=0.002152
[GMRES BLOCK-SCALE] t: ||r0||=461 → D_inv=0.002169
[GMRES BLOCK-SCALE] mu: ||r0||=57.63 → D_inv=0.01735
[FGMRES] Z-basis memory budget: restart=8 x numel=1080491 => ~32.97 MiB per cycle
[PRECOND DEBUG] Input residual ||r|| = 2.634e+06 (call #15)
[PRECOND BLOCK NORMS] U: 4.062e+04, V: 122.3, MU: 1524
[PRECOND BLOCK NORMS] PHI: 8500
[PRECOND BLOCK NORMS] W: 20.98, THETA: 2058
[PRECOND TIMING] W-THETA coupled solve: 6 ms (3321 columns)
[PRECOND DEBUG] Output preconditioned ||M⁻¹r|| = 4.157e+04 (α₀=0, ratio=1, α_eff=0)
[PRECOND DEBUG] Ratio ||M⁻¹r|| / ||r|| = 0.01578
[GMRES REORTH] j=1 before=148.8 after1=81.48 after2=81.48 ratio=0.5475
[GMRES REORTH] j=2 before=119.4 after1=75.79 after2=75.79 ratio=0.635
[PRECOND DEBUG] Input residual ||r|| = 1.406e+06 (call #20)
[PRECOND BLOCK NORMS] U: 4.054e+04, V: 86.08, MU: 1354
[PRECOND BLOCK NORMS] PHI: 7636
[PRECOND BLOCK NORMS] W: 16.09, THETA: 1409
[PRECOND TIMING] W-THETA coupled solve: 6 ms (3321 columns)
[PRECOND DEBUG] Output preconditioned ||M⁻¹r|| = 4.129e+04 (α₀=0, ratio=1, α_eff=0)
[PRECOND DEBUG] Ratio ||M⁻¹r|| / ||r|| = 0.02937
[GMRES] restart=1 j=7: hess_est=0.5879, true_err=0.5879
[GMRES BLOCK r/b] restart=1 j=7 ru=13.9974 rv=106.8598 rw=114.6866 ph=171.4339 t=22.8023 mu=17.4983
[FGMRES] NOT CONVERGED: ||x||=0.0173, ||r_true||=574.2696, ||b||=1039.4686, rel_error=0.5525, tol=0.0000, restarts=1, arnoldi=8 (block-scaled)
SDIRK3_FROZEN_AB_BLOCKS stage=2 arm=M j=8 ru_rho0=1 ru_rho=0.07348 rv_rho0=1 rv_rho=0.5643 rw_rho0=1 rw_rho=0.6046 ph_rho0=1 ph_rho=0.9038 t_rho0=1 t_rho=0.1211 mu_rho0=1 mu_rho=0.7437
[GMRES BLOCK-SCALE] ru: ||r0||=466.6 → D_inv=0.002143
[GMRES BLOCK-SCALE] rv: ||r0||=463.9 → D_inv=0.002156
[GMRES BLOCK-SCALE] rw: ||r0||=464.6 → D_inv=0.002152
[GMRES BLOCK-SCALE] ph: ||r0||=464.6 → D_inv=0.002152
[GMRES BLOCK-SCALE] t: ||r0||=461 → D_inv=0.002169
[GMRES BLOCK-SCALE] mu: ||r0||=57.63 → D_inv=0.01735
[FGMRES] Z-basis memory budget: restart=8 x numel=1080491 => ~32.97 MiB per cycle
[GMRES REORTH] j=1 before=844 after1=527.8 after2=527.8 ratio=0.6253
[GMRES REORTH] j=2 before=681.9 after1=411.5 after2=411.5 ratio=0.6034
[GMRES] restart=1 j=7: hess_est=0.3534, true_err=0.3534
[GMRES BLOCK r/b] restart=1 j=7 ru=40.9857 rv=96.9539 rw=21.7991 ph=103.8607 t=38.1465 mu=6.9266
[FGMRES] NOT CONVERGED: ||x||=0.0099, ||r_true||=378.2021, ||b||=1039.4686, rel_error=0.3638, tol=0.0000, restarts=1, arnoldi=8 (block-scaled)
SDIRK3_FROZEN_AB_BLOCKS stage=2 arm=I j=8 ru_rho0=1 ru_rho=0.2151 rv_rho0=1 rv_rho=0.512 rw_rho0=1 rw_rho=0.1149 ph_rho0=1 ph_rho=0.5475 t_rho0=1 t_rho=0.2027 mu_rho0=1 mu_rho=0.2944
[GMRES BLOCK-SCALE] ru: ||r0||=466.6 → D_inv=0.002143
[GMRES BLOCK-SCALE] rv: ||r0||=463.9 → D_inv=0.002156
[GMRES BLOCK-SCALE] rw: ||r0||=464.6 → D_inv=0.002152
[GMRES BLOCK-SCALE] ph: ||r0||=464.6 → D_inv=0.002152
[GMRES BLOCK-SCALE] t: ||r0||=461 → D_inv=0.002169
[GMRES BLOCK-SCALE] mu: ||r0||=57.63 → D_inv=0.01735
[FGMRES] Z-basis memory budget: restart=8 x numel=1080491 => ~32.97 MiB per cycle
[GMRES REORTH] j=1 before=785.4 after1=539.5 after2=539.5 ratio=0.687
[GMRES REORTH] j=2 before=644.3 after1=418.3 after2=418.3 ratio=0.6493
[PRECOND DEBUG] Input residual ||r|| = 1.127e+07 (call #25)
[PRECOND BLOCK NORMS] U: 6.703e+04, V: 105, MU: 2608
[PRECOND BLOCK NORMS] PHI: 1.461e+04
[PRECOND BLOCK NORMS] W: 21.1, THETA: 2971
[PRECOND TIMING] W-THETA coupled solve: 5 ms (3321 columns)
[PRECOND DEBUG] Output preconditioned ||M⁻¹r|| = 6.871e+04 (α₀=0, ratio=1, α_eff=0)
[PRECOND DEBUG] Ratio ||M⁻¹r|| / ||r|| = 0.006098
[GMRES] restart=1 j=7: hess_est=0.5618, true_err=0.5618
[GMRES BLOCK r/b] restart=1 j=7 ru=71.2314 rv=154.5583 rw=66.0025 ph=139.7399 t=79.1080 mu=11.7054
[FGMRES] NOT CONVERGED: ||x||=0.0127, ||r_true||=596.1353, ||b||=1039.4686, rel_error=0.5735, tol=0.0000, restarts=1, arnoldi=8 (block-scaled)
SDIRK3_FROZEN_AB_BLOCKS stage=2 arm=Msel j=8 ru_rho0=1 ru_rho=0.3739 rv_rho0=1 rv_rho=0.8161 rw_rho0=1 rw_rho=0.348 ph_rho0=1 ph_rho=0.7367 t_rho0=1 t_rho=0.4203 mu_rho0=1 mu_rho=0.4975
[GMRES BLOCK-SCALE] ru: ||r0||=466.6 → D_inv=0.002143
[GMRES BLOCK-SCALE] rv: ||r0||=463.9 → D_inv=0.002156
[GMRES BLOCK-SCALE] rw: ||r0||=464.6 → D_inv=0.002152
[GMRES BLOCK-SCALE] ph: ||r0||=464.6 → D_inv=0.002152
[GMRES BLOCK-SCALE] t: ||r0||=461 → D_inv=0.002169
[GMRES BLOCK-SCALE] mu: ||r0||=57.63 → D_inv=0.01735
[FGMRES] Z-basis memory budget: restart=16 x numel=1080491 => ~65.95 MiB per cycle
[PRECOND DEBUG] Input residual ||r|| = 6.029e+06 (call #30)
[PRECOND BLOCK NORMS] U: 1.453e+05, V: 153.3, MU: 4807
[PRECOND BLOCK NORMS] PHI: 2.711e+04
[PRECOND BLOCK NORMS] W: 28.92, THETA: 4297
[PRECOND TIMING] W-THETA coupled solve: 6 ms (3321 columns)
[PRECOND DEBUG] Output preconditioned ||M⁻¹r|| = 1.48e+05 (α₀=0, ratio=1, α_eff=0)
[PRECOND DEBUG] Ratio ||M⁻¹r|| / ||r|| = 0.02454
[GMRES REORTH] j=1 before=148.8 after1=81.48 after2=81.48 ratio=0.5475
[GMRES REORTH] j=2 before=119.4 after1=75.79 after2=75.79 ratio=0.635
[PRECOND DEBUG] Input residual ||r|| = 2.382e+06 (call #35)
[PRECOND BLOCK NORMS] U: 8.267e+04, V: 106.6, MU: 2941
[PRECOND BLOCK NORMS] PHI: 1.649e+04
[PRECOND BLOCK NORMS] W: 21.91, THETA: 2769
[PRECOND TIMING] W-THETA coupled solve: 6 ms (3321 columns)
[PRECOND DEBUG] Output preconditioned ||M⁻¹r|| = 8.439e+04 (α₀=0, ratio=1, α_eff=0)
[PRECOND DEBUG] Ratio ||M⁻¹r|| / ||r|| = 0.03543
[PRECOND DEBUG] Input residual ||r|| = 7.181e+05 (call #40)
[PRECOND BLOCK NORMS] U: 3.935e+04, V: 95.43, MU: 1409
[PRECOND BLOCK NORMS] PHI: 7910
[PRECOND BLOCK NORMS] W: 7.195, THETA: 1088
[PRECOND TIMING] W-THETA coupled solve: 5 ms (3321 columns)
[PRECOND DEBUG] Output preconditioned ||M⁻¹r|| = 4.017e+04 (α₀=0, ratio=1, α_eff=0)
[PRECOND DEBUG] Ratio ||M⁻¹r|| / ||r|| = 0.05594
[PRECOND DEBUG] Input residual ||r|| = 1.065e+06 (call #45)
[PRECOND BLOCK NORMS] U: 1.313e+04, V: 90.1, MU: 461.1
[PRECOND BLOCK NORMS] PHI: 2583
[PRECOND BLOCK NORMS] W: 6.087, THETA: 592.3
[PRECOND TIMING] W-THETA coupled solve: 6 ms (3321 columns)
[PRECOND DEBUG] Output preconditioned ||M⁻¹r|| = 1.34e+04 (α₀=0, ratio=1, α_eff=0)
[PRECOND DEBUG] Ratio ||M⁻¹r|| / ||r|| = 0.01258
[GMRES] restart=1 j=15: hess_est=0.5205, true_err=0.5205
[GMRES BLOCK r/b] restart=1 j=15 ru=21.3685 rv=54.3569 rw=99.0752 ph=164.6885 t=29.4593 mu=16.2958
[FGMRES] NOT CONVERGED: ||x||=0.0177, ||r_true||=498.8445, ||b||=1039.4686, rel_error=0.4799, tol=0.0000, restarts=1, arnoldi=16 (block-scaled)
[GMRES BLOCK-SCALE] ru: ||r0||=466.6 → D_inv=0.002143
[GMRES BLOCK-SCALE] rv: ||r0||=463.9 → D_inv=0.002156
[GMRES BLOCK-SCALE] rw: ||r0||=464.6 → D_inv=0.002152
[GMRES BLOCK-SCALE] ph: ||r0||=464.6 → D_inv=0.002152
[GMRES BLOCK-SCALE] t: ||r0||=461 → D_inv=0.002169
[GMRES BLOCK-SCALE] mu: ||r0||=57.63 → D_inv=0.01735
[FGMRES] Z-basis memory budget: restart=16 x numel=1080491 => ~65.95 MiB per cycle
[GMRES REORTH] j=1 before=844 after1=527.8 after2=527.8 ratio=0.6253
[GMRES REORTH] j=2 before=681.9 after1=411.5 after2=411.5 ratio=0.6034
[GMRES] restart=1 j=15: hess_est=0.2853, true_err=0.2853
[GMRES BLOCK r/b] restart=1 j=15 ru=23.1476 rv=73.3673 rw=17.9190 ph=100.6464 t=29.6096 mu=2.1369
[FGMRES] NOT CONVERGED: ||x||=0.0111, ||r_true||=321.6658, ||b||=1039.4686, rel_error=0.3095, tol=0.0000, restarts=1, arnoldi=16 (block-scaled)
[GMRES BLOCK-SCALE] ru: ||r0||=466.6 → D_inv=0.002143
[GMRES BLOCK-SCALE] rv: ||r0||=463.9 → D_inv=0.002156
[GMRES BLOCK-SCALE] rw: ||r0||=464.6 → D_inv=0.002152
[GMRES BLOCK-SCALE] ph: ||r0||=464.6 → D_inv=0.002152
[GMRES BLOCK-SCALE] t: ||r0||=461 → D_inv=0.002169
[GMRES BLOCK-SCALE] mu: ||r0||=57.63 → D_inv=0.01735
[FGMRES] Z-basis memory budget: restart=16 x numel=1080491 => ~65.95 MiB per cycle
[GMRES REORTH] j=1 before=785.4 after1=539.5 after2=539.5 ratio=0.687
[GMRES REORTH] j=2 before=644.3 after1=418.3 after2=418.3 ratio=0.6493
[PRECOND DEBUG] Input residual ||r|| = 1.162e+07 (call #50)
[PRECOND BLOCK NORMS] U: 4.667e+04, V: 74.62, MU: 2049
[PRECOND BLOCK NORMS] PHI: 1.154e+04
[PRECOND BLOCK NORMS] W: 10.84, THETA: 2346
[PRECOND TIMING] W-THETA coupled solve: 5 ms (3321 columns)
[PRECOND DEBUG] Output preconditioned ||M⁻¹r|| = 4.816e+04 (α₀=0, ratio=1, α_eff=0)
[PRECOND DEBUG] Ratio ||M⁻¹r|| / ||r|| = 0.004143
[PRECOND DEBUG] Input residual ||r|| = 1.411e+07 (call #55)
[PRECOND BLOCK NORMS] U: 3.039e+04, V: 36.21, MU: 1295
[PRECOND BLOCK NORMS] PHI: 7276
[PRECOND BLOCK NORMS] W: 9.777, THETA: 1288
[PRECOND TIMING] W-THETA coupled solve: 5 ms (3321 columns)
[PRECOND DEBUG] Output preconditioned ||M⁻¹r|| = 3.13e+04 (α₀=0, ratio=1, α_eff=0)
[PRECOND DEBUG] Ratio ||M⁻¹r|| / ||r|| = 0.002219
[PRECOND DEBUG] Input residual ||r|| = 1.226e+07 (call #60)
[PRECOND BLOCK NORMS] U: 5e+04, V: 72, MU: 1982
[PRECOND BLOCK NORMS] PHI: 1.114e+04
[PRECOND BLOCK NORMS] W: 10.02, THETA: 1339
[PRECOND TIMING] W-THETA coupled solve: 5 ms (3321 columns)
[PRECOND DEBUG] Output preconditioned ||M⁻¹r|| = 5.127e+04 (α₀=0, ratio=1, α_eff=0)
[PRECOND DEBUG] Ratio ||M⁻¹r|| / ||r|| = 0.004181
[GMRES] restart=1 j=15: hess_est=0.4772, true_err=0.4772
[GMRES BLOCK r/b] restart=1 j=15 ru=45.3036 rv=159.8165 rw=37.3367 ph=125.8641 t=46.8728 mu=5.5889
[FGMRES] NOT CONVERGED: ||x||=0.0142, ||r_true||=531.2861, ||b||=1039.4686, rel_error=0.5111, tol=0.0000, restarts=1, arnoldi=16 (block-scaled)
[GMRES BLOCK-SCALE] ru: ||r0||=466.6 → D_inv=0.002143
[GMRES BLOCK-SCALE] rv: ||r0||=463.9 → D_inv=0.002156
[GMRES BLOCK-SCALE] rw: ||r0||=464.6 → D_inv=0.002152
[GMRES BLOCK-SCALE] ph: ||r0||=464.6 → D_inv=0.002152
[GMRES BLOCK-SCALE] t: ||r0||=461 → D_inv=0.002169
[GMRES BLOCK-SCALE] mu: ||r0||=57.63 → D_inv=0.01735
[FGMRES] Z-basis memory budget: restart=32 x numel=1080491 => ~131.9 MiB per cycle
[GMRES REORTH] j=1 before=148.8 after1=81.48 after2=81.48 ratio=0.5475
[GMRES REORTH] j=2 before=119.4 after1=75.79 after2=75.79 ratio=0.635
[PRECOND DEBUG] Input residual ||r|| = 2.804e+06 (call #65)
[PRECOND BLOCK NORMS] U: 1.002e+05, V: 114.3, MU: 3667
[PRECOND BLOCK NORMS] PHI: 2.053e+04
[PRECOND BLOCK NORMS] W: 13.45, THETA: 2639
[PRECOND TIMING] W-THETA coupled solve: 6 ms (3321 columns)
[PRECOND DEBUG] Output preconditioned ||M⁻¹r|| = 1.024e+05 (α₀=0, ratio=1, α_eff=0)
[PRECOND DEBUG] Ratio ||M⁻¹r|| / ||r|| = 0.03653
[PRECOND DEBUG] Input residual ||r|| = 5.658e+05 (call #70)
[PRECOND BLOCK NORMS] U: 3.243e+04, V: 92.55, MU: 1126
[PRECOND BLOCK NORMS] PHI: 6334
[PRECOND BLOCK NORMS] W: 8.39, THETA: 946.2
[PRECOND TIMING] W-THETA coupled solve: 5 ms (3321 columns)
[PRECOND DEBUG] Output preconditioned ||M⁻¹r|| = 3.307e+04 (α₀=0, ratio=1, α_eff=0)
[PRECOND DEBUG] Ratio ||M⁻¹r|| / ||r|| = 0.05844
[PRECOND DEBUG] Input residual ||r|| = 1.001e+06 (call #75)
[PRECOND BLOCK NORMS] U: 1.81e+04, V: 91.06, MU: 661.5
[PRECOND BLOCK NORMS] PHI: 3701
[PRECOND BLOCK NORMS] W: 4.941, THETA: 664.7
[PRECOND TIMING] W-THETA coupled solve: 5 ms (3321 columns)
[PRECOND DEBUG] Output preconditioned ||M⁻¹r|| = 1.85e+04 (α₀=0, ratio=1, α_eff=0)
[PRECOND DEBUG] Ratio ||M⁻¹r|| / ||r|| = 0.01848
[PRECOND DEBUG] Input residual ||r|| = 8.331e+05 (call #80)
[PRECOND BLOCK NORMS] U: 1.752e+04, V: 92.39, MU: 640.7
[PRECOND BLOCK NORMS] PHI: 3596
[PRECOND BLOCK NORMS] W: 7.649, THETA: 813.1
[PRECOND TIMING] W-THETA coupled solve: 5 ms (3321 columns)
[PRECOND DEBUG] Output preconditioned ||M⁻¹r|| = 1.791e+04 (α₀=0, ratio=1, α_eff=0)
[PRECOND DEBUG] Ratio ||M⁻¹r|| / ||r|| = 0.0215
[PRECOND DEBUG] Input residual ||r|| = 1.624e+06 (call #85)
[PRECOND BLOCK NORMS] U: 1.619e+04, V: 88.94, MU: 513.3
[PRECOND BLOCK NORMS] PHI: 2896
[PRECOND BLOCK NORMS] W: 15.21, THETA: 833.5
[PRECOND TIMING] W-THETA coupled solve: 5 ms (3321 columns)
[PRECOND DEBUG] Output preconditioned ||M⁻¹r|| = 1.647e+04 (α₀=0, ratio=1, α_eff=0)
[PRECOND DEBUG] Ratio ||M⁻¹r|| / ||r|| = 0.01014
[PRECOND DEBUG] Input residual ||r|| = 1.491e+06 (call #90)
[PRECOND BLOCK NORMS] U: 2.081e+04, V: 89.91, MU: 676.4
[PRECOND BLOCK NORMS] PHI: 3824
[PRECOND BLOCK NORMS] W: 21.76, THETA: 2122
[PRECOND TIMING] W-THETA coupled solve: 6 ms (3321 columns)
[PRECOND DEBUG] Output preconditioned ||M⁻¹r|| = 2.127e+04 (α₀=0, ratio=1, α_eff=0)
[PRECOND DEBUG] Ratio ||M⁻¹r|| / ||r|| = 0.01427
[GMRES] restart=1 j=31: hess_est=0.4615, true_err=0.4617
[GMRES BLOCK r/b] restart=1 j=31 ru=16.4795 rv=50.9378 rw=77.8798 ph=149.8467 t=22.7442 mu=14.7278
[FGMRES] NOT CONVERGED: ||x||=0.0201, ||r_true||=438.9504, ||b||=1039.4686, rel_error=0.4223, tol=0.0000, restarts=1, arnoldi=32 (block-scaled)
[GMRES BLOCK-SCALE] ru: ||r0||=466.6 → D_inv=0.002143
[GMRES BLOCK-SCALE] rv: ||r0||=463.9 → D_inv=0.002156
[GMRES BLOCK-SCALE] rw: ||r0||=464.6 → D_inv=0.002152
[GMRES BLOCK-SCALE] ph: ||r0||=464.6 → D_inv=0.002152
[GMRES BLOCK-SCALE] t: ||r0||=461 → D_inv=0.002169
[GMRES BLOCK-SCALE] mu: ||r0||=57.63 → D_inv=0.01735
[FGMRES] Z-basis memory budget: restart=32 x numel=1080491 => ~131.9 MiB per cycle
[GMRES REORTH] j=1 before=844 after1=527.8 after2=527.8 ratio=0.6253
[GMRES REORTH] j=2 before=681.9 after1=411.5 after2=411.5 ratio=0.6034
[GMRES] restart=1 j=31: hess_est=0.2721, true_err=0.2721
[GMRES BLOCK r/b] restart=1 j=31 ru=19.9444 rv=67.7639 rw=15.0190 ph=99.5743 t=25.9406 mu=1.5855
[FGMRES] NOT CONVERGED: ||x||=0.0115, ||r_true||=307.9249, ||b||=1039.4686, rel_error=0.2962, tol=0.0000, restarts=1, arnoldi=32 (block-scaled)
[GMRES BLOCK-SCALE] ru: ||r0||=466.6 → D_inv=0.002143
[GMRES BLOCK-SCALE] rv: ||r0||=463.9 → D_inv=0.002156
[GMRES BLOCK-SCALE] rw: ||r0||=464.6 → D_inv=0.002152
[GMRES BLOCK-SCALE] ph: ||r0||=464.6 → D_inv=0.002152
[GMRES BLOCK-SCALE] t: ||r0||=461 → D_inv=0.002169
[GMRES BLOCK-SCALE] mu: ||r0||=57.63 → D_inv=0.01735
[FGMRES] Z-basis memory budget: restart=32 x numel=1080491 => ~131.9 MiB per cycle
[PRECOND DEBUG] Input residual ||r|| = 1.233e+07 (call #95)
[PRECOND BLOCK NORMS] U: 5.819e+04, V: 112.8, MU: 2608
[PRECOND BLOCK NORMS] PHI: 1.466e+04
[PRECOND BLOCK NORMS] W: 7.677, THETA: 2098
[PRECOND TIMING] W-THETA coupled solve: 5 ms (3321 columns)
[PRECOND DEBUG] Output preconditioned ||M⁻¹r|| = 6.01e+04 (α₀=0, ratio=1, α_eff=0)
[PRECOND DEBUG] Ratio ||M⁻¹r|| / ||r|| = 0.004874
[GMRES REORTH] j=1 before=785.4 after1=539.5 after2=539.5 ratio=0.687
[GMRES REORTH] j=2 before=644.3 after1=418.3 after2=418.3 ratio=0.6493
[PRECOND DEBUG] Input residual ||r|| = 1.375e+07 (call #100)
[PRECOND BLOCK NORMS] U: 1.611e+04, V: 43.15, MU: 1101
[PRECOND BLOCK NORMS] PHI: 6187
[PRECOND BLOCK NORMS] W: 8.831, THETA: 1008
[PRECOND TIMING] W-THETA coupled solve: 5 ms (3321 columns)
[PRECOND DEBUG] Output preconditioned ||M⁻¹r|| = 1.732e+04 (α₀=0, ratio=1, α_eff=0)
[PRECOND DEBUG] Ratio ||M⁻¹r|| / ||r|| = 0.00126
[PRECOND DEBUG] Input residual ||r|| = 1.319e+07 (call #105)
[PRECOND BLOCK NORMS] U: 4.197e+04, V: 60.19, MU: 1688
[PRECOND BLOCK NORMS] PHI: 9501
[PRECOND BLOCK NORMS] W: 10.58, THETA: 1406
[PRECOND TIMING] W-THETA coupled solve: 6 ms (3321 columns)
[PRECOND DEBUG] Output preconditioned ||M⁻¹r|| = 4.309e+04 (α₀=0, ratio=1, α_eff=0)
[PRECOND DEBUG] Ratio ||M⁻¹r|| / ||r|| = 0.003266
[PRECOND DEBUG] Input residual ||r|| = 1.342e+07 (call #110)
[PRECOND BLOCK NORMS] U: 3.352e+04, V: 55.72, MU: 1574
[PRECOND BLOCK NORMS] PHI: 8858
[PRECOND BLOCK NORMS] W: 9.35, THETA: 916
[PRECOND TIMING] W-THETA coupled solve: 5 ms (3321 columns)
[PRECOND DEBUG] Output preconditioned ||M⁻¹r|| = 3.472e+04 (α₀=0, ratio=1, α_eff=0)
[PRECOND DEBUG] Ratio ||M⁻¹r|| / ||r|| = 0.002587
[PRECOND DEBUG] Input residual ||r|| = 1.318e+07 (call #115)
[PRECOND BLOCK NORMS] U: 4.471e+04, V: 65.08, MU: 1741
[PRECOND BLOCK NORMS] PHI: 9767
[PRECOND BLOCK NORMS] W: 10.14, THETA: 1462
[PRECOND TIMING] W-THETA coupled solve: 5 ms (3321 columns)
[PRECOND DEBUG] Output preconditioned ||M⁻¹r|| = 4.582e+04 (α₀=0, ratio=1, α_eff=0)
[PRECOND DEBUG] Ratio ||M⁻¹r|| / ||r|| = 0.003477
[PRECOND DEBUG] Input residual ||r|| = 1.281e+07 (call #120)
[PRECOND BLOCK NORMS] U: 3.351e+04, V: 60.94, MU: 1530
[PRECOND BLOCK NORMS] PHI: 8590
[PRECOND BLOCK NORMS] W: 10.16, THETA: 1256
[PRECOND TIMING] W-THETA coupled solve: 5 ms (3321 columns)
[PRECOND DEBUG] Output preconditioned ||M⁻¹r|| = 3.464e+04 (α₀=0, ratio=1, α_eff=0)
[PRECOND DEBUG] Ratio ||M⁻¹r|| / ||r|| = 0.002705
[PRECOND DEBUG] Input residual ||r|| = 1.315e+07 (call #125)
[PRECOND BLOCK NORMS] U: 2.618e+04, V: 50.85, MU: 1325
[PRECOND BLOCK NORMS] PHI: 7449
[PRECOND BLOCK NORMS] W: 8.274, THETA: 733.2
[PRECOND TIMING] W-THETA coupled solve: 5 ms (3321 columns)
[PRECOND DEBUG] Output preconditioned ||M⁻¹r|| = 2.726e+04 (α₀=0, ratio=1, α_eff=0)
[PRECOND DEBUG] Ratio ||M⁻¹r|| / ||r|| = 0.002074
[GMRES] restart=1 j=31: hess_est=0.3559, true_err=0.3558
[GMRES BLOCK r/b] restart=1 j=31 ru=14.4927 rv=100.1985 rw=9.7479 ph=127.7546 t=19.6035 mu=1.9710
[FGMRES] NOT CONVERGED: ||x||=0.0143, ||r_true||=402.8210, ||b||=1039.4686, rel_error=0.3875, tol=0.0000, restarts=1, arnoldi=32 (block-scaled)
[GMRES BLOCK-SCALE] ru: ||r0||=466.6 → D_inv=0.002143
[GMRES BLOCK-SCALE] rv: ||r0||=463.9 → D_inv=0.002156
[GMRES BLOCK-SCALE] rw: ||r0||=464.6 → D_inv=0.002152
[GMRES BLOCK-SCALE] ph: ||r0||=464.6 → D_inv=0.002152
[GMRES BLOCK-SCALE] t: ||r0||=461 → D_inv=0.002169
[GMRES BLOCK-SCALE] mu: ||r0||=57.63 → D_inv=0.01735
[FGMRES] Z-basis memory budget: restart=48 x numel=1080491 => ~197.8 MiB per cycle
[GMRES REORTH] j=1 before=148.8 after1=81.48 after2=81.48 ratio=0.5475
[GMRES REORTH] j=2 before=119.4 after1=75.79 after2=75.79 ratio=0.635
[PRECOND DEBUG] Input residual ||r|| = 2.01e+06 (call #130)
[PRECOND BLOCK NORMS] U: 8.295e+04, V: 87.27, MU: 2786
[PRECOND BLOCK NORMS] PHI: 1.57e+04
[PRECOND BLOCK NORMS] W: 37.64, THETA: 3423
[PRECOND TIMING] W-THETA coupled solve: 5 ms (3321 columns)
[PRECOND DEBUG] Output preconditioned ||M⁻¹r|| = 8.452e+04 (α₀=0, ratio=1, α_eff=0)
[PRECOND DEBUG] Ratio ||M⁻¹r|| / ||r|| = 0.04204
[PRECOND DEBUG] Input residual ||r|| = 1.96e+06 (call #135)
[PRECOND BLOCK NORMS] U: 4.228e+04, V: 89.18, MU: 1533
[PRECOND BLOCK NORMS] PHI: 8583
[PRECOND BLOCK NORMS] W: 11.89, THETA: 1449
[PRECOND TIMING] W-THETA coupled solve: 6 ms (3321 columns)
[PRECOND DEBUG] Output preconditioned ||M⁻¹r|| = 4.319e+04 (α₀=0, ratio=1, α_eff=0)
[PRECOND DEBUG] Ratio ||M⁻¹r|| / ||r|| = 0.02204
[PRECOND DEBUG] Input residual ||r|| = 1.208e+06 (call #140)
[PRECOND BLOCK NORMS] U: 2.626e+04, V: 92.44, MU: 966
[PRECOND BLOCK NORMS] PHI: 5418
[PRECOND BLOCK NORMS] W: 5.947, THETA: 853.6
[PRECOND TIMING] W-THETA coupled solve: 5 ms (3321 columns)
[PRECOND DEBUG] Output preconditioned ||M⁻¹r|| = 2.684e+04 (α₀=0, ratio=1, α_eff=0)
[PRECOND DEBUG] Ratio ||M⁻¹r|| / ||r|| = 0.02222
[PRECOND DEBUG] Input residual ||r|| = 1.832e+06 (call #145)
[PRECOND BLOCK NORMS] U: 1.052e+04, V: 87.49, MU: 367.8
[PRECOND BLOCK NORMS] PHI: 2057
[PRECOND BLOCK NORMS] W: 8.541, THETA: 568.8
[PRECOND TIMING] W-THETA coupled solve: 5 ms (3321 columns)
[PRECOND DEBUG] Output preconditioned ||M⁻¹r|| = 1.074e+04 (α₀=0, ratio=1, α_eff=0)
[PRECOND DEBUG] Ratio ||M⁻¹r|| / ||r|| = 0.005863
[PRECOND DEBUG] Input residual ||r|| = 1.151e+06 (call #150)
[PRECOND BLOCK NORMS] U: 1.8e+04, V: 92.54, MU: 603.1
[PRECOND BLOCK NORMS] PHI: 3402
[PRECOND BLOCK NORMS] W: 16.04, THETA: 1325
[PRECOND TIMING] W-THETA coupled solve: 5 ms (3321 columns)
[PRECOND DEBUG] Output preconditioned ||M⁻¹r|| = 1.837e+04 (α₀=0, ratio=1, α_eff=0)
[PRECOND DEBUG] Ratio ||M⁻¹r|| / ||r|| = 0.01596
[PRECOND DEBUG] Input residual ||r|| = 1.394e+06 (call #155)
[PRECOND BLOCK NORMS] U: 2.402e+04, V: 90.13, MU: 778.7
[PRECOND BLOCK NORMS] PHI: 4385
[PRECOND BLOCK NORMS] W: 24.3, THETA: 1700
[PRECOND TIMING] W-THETA coupled solve: 6 ms (3321 columns)
[PRECOND DEBUG] Output preconditioned ||M⁻¹r|| = 2.449e+04 (α₀=0, ratio=1, α_eff=0)
[PRECOND DEBUG] Ratio ||M⁻¹r|| / ||r|| = 0.01756
[PRECOND DEBUG] Input residual ||r|| = 1.13e+06 (call #160)
[PRECOND BLOCK NORMS] U: 3.175e+04, V: 81.19, MU: 1178
[PRECOND BLOCK NORMS] PHI: 6603
[PRECOND BLOCK NORMS] W: 13.21, THETA: 5472
[PRECOND TIMING] W-THETA coupled solve: 6 ms (3321 columns)
[PRECOND DEBUG] Output preconditioned ||M⁻¹r|| = 3.29e+04 (α₀=0, ratio=1, α_eff=0)
[PRECOND DEBUG] Ratio ||M⁻¹r|| / ||r|| = 0.02912
[PRECOND DEBUG] Input residual ||r|| = 2.256e+06 (call #165)
[PRECOND BLOCK NORMS] U: 8.493e+04, V: 118.1, MU: 3215
[PRECOND BLOCK NORMS] PHI: 1.806e+04
[PRECOND BLOCK NORMS] W: 26.69, THETA: 2781
[PRECOND TIMING] W-THETA coupled solve: 6 ms (3321 columns)
[PRECOND DEBUG] Output preconditioned ||M⁻¹r|| = 8.692e+04 (α₀=0, ratio=1, α_eff=0)
[PRECOND DEBUG] Ratio ||M⁻¹r|| / ||r|| = 0.03853
[PRECOND DEBUG] Input residual ||r|| = 2.191e+06 (call #170)
[PRECOND BLOCK NORMS] U: 8.79e+04, V: 115.9, MU: 3328
[PRECOND BLOCK NORMS] PHI: 1.87e+04
[PRECOND BLOCK NORMS] W: 30.52, THETA: 2752
[PRECOND TIMING] W-THETA coupled solve: 6 ms (3321 columns)
[PRECOND DEBUG] Output preconditioned ||M⁻¹r|| = 8.996e+04 (α₀=0, ratio=1, α_eff=0)
[PRECOND DEBUG] Ratio ||M⁻¹r|| / ||r|| = 0.04106
[GMRES] restart=1 j=47: hess_est=0.3842, true_err=0.3843
[GMRES BLOCK r/b] restart=1 j=47 ru=13.4563 rv=39.2917 rw=66.9434 ph=129.1277 t=19.5777 mu=11.5145
[FGMRES] NOT CONVERGED: ||x||=0.0244, ||r_true||=374.6125, ||b||=1039.4686, rel_error=0.3604, tol=0.0000, restarts=1, arnoldi=48 (block-scaled)
SDIRK3_FROZEN_AB_BLOCKS stage=2 arm=M j=48 ru_rho0=1 ru_rho=0.07064 rv_rho0=1 rv_rho=0.2075 rw_rho0=1 rw_rho=0.3529 ph_rho0=1 ph_rho=0.6807 t_rho0=1 t_rho=0.104 mu_rho0=1 mu_rho=0.4894
[GMRES BLOCK-SCALE] ru: ||r0||=466.6 → D_inv=0.002143
[GMRES BLOCK-SCALE] rv: ||r0||=463.9 → D_inv=0.002156
[GMRES BLOCK-SCALE] rw: ||r0||=464.6 → D_inv=0.002152
[GMRES BLOCK-SCALE] ph: ||r0||=464.6 → D_inv=0.002152
[GMRES BLOCK-SCALE] t: ||r0||=461 → D_inv=0.002169
[GMRES BLOCK-SCALE] mu: ||r0||=57.63 → D_inv=0.01735
[FGMRES] Z-basis memory budget: restart=48 x numel=1080491 => ~197.8 MiB per cycle
[GMRES REORTH] j=1 before=844 after1=527.8 after2=527.8 ratio=0.6253
[GMRES REORTH] j=2 before=681.9 after1=411.5 after2=411.5 ratio=0.6034
[GMRES] restart=1 j=47: hess_est=0.2623, true_err=0.2623
[GMRES BLOCK r/b] restart=1 j=47 ru=17.2718 rv=63.2723 rw=16.0184 ph=97.3156 t=25.0551 mu=1.6457
[FGMRES] NOT CONVERGED: ||x||=0.0117, ||r_true||=296.5214, ||b||=1039.4686, rel_error=0.2853, tol=0.0000, restarts=1, arnoldi=48 (block-scaled)
SDIRK3_FROZEN_AB_BLOCKS stage=2 arm=I j=48 ru_rho0=1 ru_rho=0.09066 rv_rho0=1 rv_rho=0.3341 rw_rho0=1 rw_rho=0.08445 ph_rho0=1 ph_rho=0.513 t_rho0=1 t_rho=0.1331 mu_rho0=1 mu_rho=0.06995
[GMRES BLOCK-SCALE] ru: ||r0||=466.6 → D_inv=0.002143
[GMRES BLOCK-SCALE] rv: ||r0||=463.9 → D_inv=0.002156
[GMRES BLOCK-SCALE] rw: ||r0||=464.6 → D_inv=0.002152
[GMRES BLOCK-SCALE] ph: ||r0||=464.6 → D_inv=0.002152
[GMRES BLOCK-SCALE] t: ||r0||=461 → D_inv=0.002169
[GMRES BLOCK-SCALE] mu: ||r0||=57.63 → D_inv=0.01735
[FGMRES] Z-basis memory budget: restart=48 x numel=1080491 => ~197.8 MiB per cycle
[PRECOND DEBUG] Input residual ||r|| = 1.233e+07 (call #175)
[PRECOND BLOCK NORMS] U: 5.819e+04, V: 112.8, MU: 2608
[PRECOND BLOCK NORMS] PHI: 1.466e+04
[PRECOND BLOCK NORMS] W: 7.677, THETA: 2098
[PRECOND TIMING] W-THETA coupled solve: 5 ms (3321 columns)
[PRECOND DEBUG] Output preconditioned ||M⁻¹r|| = 6.01e+04 (α₀=0, ratio=1, α_eff=0)
[PRECOND DEBUG] Ratio ||M⁻¹r|| / ||r|| = 0.004874
[GMRES REORTH] j=1 before=785.4 after1=539.5 after2=539.5 ratio=0.687
[GMRES REORTH] j=2 before=644.3 after1=418.3 after2=418.3 ratio=0.6493
[PRECOND DEBUG] Input residual ||r|| = 1.375e+07 (call #180)
[PRECOND BLOCK NORMS] U: 1.611e+04, V: 43.15, MU: 1101
[PRECOND BLOCK NORMS] PHI: 6187
[PRECOND BLOCK NORMS] W: 8.831, THETA: 1008
[PRECOND TIMING] W-THETA coupled solve: 5 ms (3321 columns)
[PRECOND DEBUG] Output preconditioned ||M⁻¹r|| = 1.732e+04 (α₀=0, ratio=1, α_eff=0)
[PRECOND DEBUG] Ratio ||M⁻¹r|| / ||r|| = 0.00126
[PRECOND DEBUG] Input residual ||r|| = 1.319e+07 (call #185)
[PRECOND BLOCK NORMS] U: 4.197e+04, V: 60.19, MU: 1688
[PRECOND BLOCK NORMS] PHI: 9501
[PRECOND BLOCK NORMS] W: 10.58, THETA: 1406
[PRECOND TIMING] W-THETA coupled solve: 5 ms (3321 columns)
[PRECOND DEBUG] Output preconditioned ||M⁻¹r|| = 4.309e+04 (α₀=0, ratio=1, α_eff=0)
[PRECOND DEBUG] Ratio ||M⁻¹r|| / ||r|| = 0.003266
[PRECOND DEBUG] Input residual ||r|| = 1.342e+07 (call #190)
[PRECOND BLOCK NORMS] U: 3.352e+04, V: 55.72, MU: 1574
[PRECOND BLOCK NORMS] PHI: 8858
[PRECOND BLOCK NORMS] W: 9.35, THETA: 916
[PRECOND TIMING] W-THETA coupled solve: 6 ms (3321 columns)
[PRECOND DEBUG] Output preconditioned ||M⁻¹r|| = 3.472e+04 (α₀=0, ratio=1, α_eff=0)
[PRECOND DEBUG] Ratio ||M⁻¹r|| / ||r|| = 0.002587
[PRECOND DEBUG] Input residual ||r|| = 1.318e+07 (call #195)
[PRECOND BLOCK NORMS] U: 4.471e+04, V: 65.08, MU: 1741
[PRECOND BLOCK NORMS] PHI: 9767
[PRECOND BLOCK NORMS] W: 10.14, THETA: 1462
[PRECOND TIMING] W-THETA coupled solve: 5 ms (3321 columns)
[PRECOND DEBUG] Output preconditioned ||M⁻¹r|| = 4.582e+04 (α₀=0, ratio=1, α_eff=0)
[PRECOND DEBUG] Ratio ||M⁻¹r|| / ||r|| = 0.003477
[PRECOND DEBUG] Input residual ||r|| = 1.281e+07 (call #200)
[PRECOND BLOCK NORMS] U: 3.351e+04, V: 60.94, MU: 1530
[PRECOND BLOCK NORMS] PHI: 8590
[PRECOND BLOCK NORMS] W: 10.16, THETA: 1256
[PRECOND TIMING] W-THETA coupled solve: 5 ms (3321 columns)
[PRECOND DEBUG] Output preconditioned ||M⁻¹r|| = 3.464e+04 (α₀=0, ratio=1, α_eff=0)
[PRECOND DEBUG] Ratio ||M⁻¹r|| / ||r|| = 0.002705
[PRECOND DEBUG] Input residual ||r|| = 1.315e+07 (call #205)
[PRECOND BLOCK NORMS] U: 2.618e+04, V: 50.85, MU: 1325
[PRECOND BLOCK NORMS] PHI: 7449
[PRECOND BLOCK NORMS] W: 8.274, THETA: 733.2
[PRECOND TIMING] W-THETA coupled solve: 5 ms (3321 columns)
[PRECOND DEBUG] Output preconditioned ||M⁻¹r|| = 2.726e+04 (α₀=0, ratio=1, α_eff=0)
[PRECOND DEBUG] Ratio ||M⁻¹r|| / ||r|| = 0.002074
[PRECOND DEBUG] Input residual ||r|| = 1.259e+07 (call #210)
[PRECOND BLOCK NORMS] U: 3.014e+04, V: 56.01, MU: 1369
[PRECOND BLOCK NORMS] PHI: 7703
[PRECOND BLOCK NORMS] W: 9.941, THETA: 1009
[PRECOND TIMING] W-THETA coupled solve: 5 ms (3321 columns)
[PRECOND DEBUG] Output preconditioned ||M⁻¹r|| = 3.115e+04 (α₀=0, ratio=1, α_eff=0)
[PRECOND DEBUG] Ratio ||M⁻¹r|| / ||r|| = 0.002474
[PRECOND DEBUG] Input residual ||r|| = 1.393e+07 (call #215)
[PRECOND BLOCK NORMS] U: 1.676e+04, V: 39.34, MU: 1093
[PRECOND BLOCK NORMS] PHI: 6147
[PRECOND BLOCK NORMS] W: 7.206, THETA: 558.4
[PRECOND TIMING] W-THETA coupled solve: 6 ms (3321 columns)
[PRECOND DEBUG] Output preconditioned ||M⁻¹r|| = 1.789e+04 (α₀=0, ratio=1, α_eff=0)
[PRECOND DEBUG] Ratio ||M⁻¹r|| / ||r|| = 0.001284
[PRECOND DEBUG] Input residual ||r|| = 1.122e+07 (call #220)
[PRECOND BLOCK NORMS] U: 4.233e+04, V: 72.72, MU: 1556
[PRECOND BLOCK NORMS] PHI: 8735
[PRECOND BLOCK NORMS] W: 12.65, THETA: 2045
[PRECOND TIMING] W-THETA coupled solve: 5 ms (3321 columns)
[PRECOND DEBUG] Output preconditioned ||M⁻¹r|| = 4.33e+04 (α₀=0, ratio=1, α_eff=0)
[PRECOND DEBUG] Ratio ||M⁻¹r|| / ||r|| = 0.00386
[GMRES] restart=1 j=47: hess_est=0.3188, true_err=0.3188
[GMRES BLOCK r/b] restart=1 j=47 ru=12.1569 rv=92.3614 rw=11.6443 ph=111.4578 t=22.5209 mu=1.5748
[FGMRES] NOT CONVERGED: ||x||=0.0142, ||r_true||=361.1660, ||b||=1039.4686, rel_error=0.3475, tol=0.0000, restarts=1, arnoldi=48 (block-scaled)
SDIRK3_FROZEN_AB_BLOCKS stage=2 arm=Msel j=48 ru_rho0=1 ru_rho=0.06382 rv_rho0=1 rv_rho=0.4877 rw_rho0=1 rw_rho=0.06139 ph_rho0=1 ph_rho=0.5876 t_rho0=1 t_rho=0.1197 mu_rho0=1 mu_rho=0.06693
[GMRES BLOCK-SCALE] ru: ||r0||=466.6 → D_inv=0.002143
[GMRES BLOCK-SCALE] rv: ||r0||=463.9 → D_inv=0.002156
[GMRES BLOCK-SCALE] rw: ||r0||=464.6 → D_inv=0.002152
[GMRES BLOCK-SCALE] ph: ||r0||=464.6 → D_inv=0.002152
[GMRES BLOCK-SCALE] t: ||r0||=461 → D_inv=0.002169
[GMRES BLOCK-SCALE] mu: ||r0||=57.63 → D_inv=0.01735
[FGMRES] Z-basis memory budget: restart=96 x numel=1080491 => ~395.7 MiB per cycle
[GMRES REORTH] j=1 before=148.8 after1=81.48 after2=81.48 ratio=0.5475
[GMRES REORTH] j=2 before=119.4 after1=75.79 after2=75.79 ratio=0.635
[PRECOND DEBUG] Input residual ||r|| = 2.804e+06 (call #225)
[PRECOND BLOCK NORMS] U: 1.002e+05, V: 114.3, MU: 3667
[PRECOND BLOCK NORMS] PHI: 2.053e+04
[PRECOND BLOCK NORMS] W: 13.45, THETA: 2639
[PRECOND TIMING] W-THETA coupled solve: 5 ms (3321 columns)
[PRECOND DEBUG] Output preconditioned ||M⁻¹r|| = 1.024e+05 (α₀=0, ratio=1, α_eff=0)
[PRECOND DEBUG] Ratio ||M⁻¹r|| / ||r|| = 0.03653
[PRECOND DEBUG] Input residual ||r|| = 5.658e+05 (call #230)
[PRECOND BLOCK NORMS] U: 3.243e+04, V: 92.55, MU: 1126
[PRECOND BLOCK NORMS] PHI: 6334
[PRECOND BLOCK NORMS] W: 8.39, THETA: 946.2
[PRECOND TIMING] W-THETA coupled solve: 5 ms (3321 columns)
[PRECOND DEBUG] Output preconditioned ||M⁻¹r|| = 3.307e+04 (α₀=0, ratio=1, α_eff=0)
[PRECOND DEBUG] Ratio ||M⁻¹r|| / ||r|| = 0.05844
[PRECOND DEBUG] Input residual ||r|| = 1.001e+06 (call #235)
[PRECOND BLOCK NORMS] U: 1.81e+04, V: 91.06, MU: 661.5
[PRECOND BLOCK NORMS] PHI: 3701
[PRECOND BLOCK NORMS] W: 4.941, THETA: 664.7
[PRECOND TIMING] W-THETA coupled solve: 5 ms (3321 columns)
[PRECOND DEBUG] Output preconditioned ||M⁻¹r|| = 1.85e+04 (α₀=0, ratio=1, α_eff=0)
[PRECOND DEBUG] Ratio ||M⁻¹r|| / ||r|| = 0.01848
[PRECOND DEBUG] Input residual ||r|| = 8.331e+05 (call #240)
[PRECOND BLOCK NORMS] U: 1.752e+04, V: 92.39, MU: 640.7
[PRECOND BLOCK NORMS] PHI: 3596
[PRECOND BLOCK NORMS] W: 7.649, THETA: 813.1
[PRECOND TIMING] W-THETA coupled solve: 6 ms (3321 columns)
[PRECOND DEBUG] Output preconditioned ||M⁻¹r|| = 1.791e+04 (α₀=0, ratio=1, α_eff=0)
[PRECOND DEBUG] Ratio ||M⁻¹r|| / ||r|| = 0.0215
[PRECOND DEBUG] Input residual ||r|| = 1.624e+06 (call #245)
[PRECOND BLOCK NORMS] U: 1.619e+04, V: 88.94, MU: 513.3
[PRECOND BLOCK NORMS] PHI: 2896
[PRECOND BLOCK NORMS] W: 15.21, THETA: 833.5
[PRECOND TIMING] W-THETA coupled solve: 5 ms (3321 columns)
[PRECOND DEBUG] Output preconditioned ||M⁻¹r|| = 1.647e+04 (α₀=0, ratio=1, α_eff=0)
[PRECOND DEBUG] Ratio ||M⁻¹r|| / ||r|| = 0.01014
[PRECOND DEBUG] Input residual ||r|| = 1.491e+06 (call #250)
[PRECOND BLOCK NORMS] U: 2.081e+04, V: 89.91, MU: 676.4
[PRECOND BLOCK NORMS] PHI: 3824
[PRECOND BLOCK NORMS] W: 21.76, THETA: 2122
[PRECOND TIMING] W-THETA coupled solve: 6 ms (3321 columns)
[PRECOND DEBUG] Output preconditioned ||M⁻¹r|| = 2.127e+04 (α₀=0, ratio=1, α_eff=0)
[PRECOND DEBUG] Ratio ||M⁻¹r|| / ||r|| = 0.01427
[PRECOND DEBUG] Input residual ||r|| = 1.655e+06 (call #255)
[PRECOND BLOCK NORMS] U: 2.436e+04, V: 77.21, MU: 822.8
[PRECOND BLOCK NORMS] PHI: 4630
[PRECOND BLOCK NORMS] W: 23.62, THETA: 2082
[PRECOND TIMING] W-THETA coupled solve: 6 ms (3321 columns)
[PRECOND DEBUG] Output preconditioned ||M⁻¹r|| = 2.489e+04 (α₀=0, ratio=1, α_eff=0)
[PRECOND DEBUG] Ratio ||M⁻¹r|| / ||r|| = 0.01504
[PRECOND DEBUG] Input residual ||r|| = 1.684e+06 (call #260)
[PRECOND BLOCK NORMS] U: 3.533e+04, V: 90.47, MU: 1358
[PRECOND BLOCK NORMS] PHI: 7624
[PRECOND BLOCK NORMS] W: 16.91, THETA: 2882
[PRECOND TIMING] W-THETA coupled solve: 5 ms (3321 columns)
[PRECOND DEBUG] Output preconditioned ||M⁻¹r|| = 3.628e+04 (α₀=0, ratio=1, α_eff=0)
[PRECOND DEBUG] Ratio ||M⁻¹r|| / ||r|| = 0.02154
[PRECOND DEBUG] Input residual ||r|| = 1.972e+06 (call #265)
[PRECOND BLOCK NORMS] U: 6.99e+04, V: 108.8, MU: 2698
[PRECOND BLOCK NORMS] PHI: 1.515e+04
[PRECOND BLOCK NORMS] W: 23.57, THETA: 2659
[PRECOND TIMING] W-THETA coupled solve: 6 ms (3321 columns)
[PRECOND DEBUG] Output preconditioned ||M⁻¹r|| = 7.161e+04 (α₀=0, ratio=1, α_eff=0)
[PRECOND DEBUG] Ratio ||M⁻¹r|| / ||r|| = 0.03631
[PRECOND DEBUG] Input residual ||r|| = 2.175e+06 (call #270)
[PRECOND BLOCK NORMS] U: 1e+05, V: 125.8, MU: 3843
[PRECOND BLOCK NORMS] PHI: 2.159e+04
[PRECOND BLOCK NORMS] W: 30.54, THETA: 4037
[PRECOND TIMING] W-THETA coupled solve: 5 ms (3321 columns)
[PRECOND DEBUG] Output preconditioned ||M⁻¹r|| = 1.024e+05 (α₀=0, ratio=1, α_eff=0)
[PRECOND DEBUG] Ratio ||M⁻¹r|| / ||r|| = 0.0471
[PRECOND DEBUG] Input residual ||r|| = 2.056e+06 (call #275)
[PRECOND BLOCK NORMS] U: 1.445e+05, V: 163.5, MU: 5523
[PRECOND BLOCK NORMS] PHI: 3.103e+04
[PRECOND BLOCK NORMS] W: 24.08, THETA: 4723
[PRECOND TIMING] W-THETA coupled solve: 6 ms (3321 columns)
[PRECOND DEBUG] Output preconditioned ||M⁻¹r|| = 1.48e+05 (α₀=0, ratio=1, α_eff=0)
[PRECOND DEBUG] Ratio ||M⁻¹r|| / ||r|| = 0.07199
[PRECOND DEBUG] Input residual ||r|| = 1.706e+06 (call #280)
[PRECOND BLOCK NORMS] U: 1.671e+05, V: 186.9, MU: 6282
[PRECOND BLOCK NORMS] PHI: 3.53e+04
[PRECOND BLOCK NORMS] W: 23.4, THETA: 3630
[PRECOND TIMING] W-THETA coupled solve: 5 ms (3321 columns)
[PRECOND DEBUG] Output preconditioned ||M⁻¹r|| = 1.709e+05 (α₀=0, ratio=1, α_eff=0)
[PRECOND DEBUG] Ratio ||M⁻¹r|| / ||r|| = 0.1002
[PRECOND DEBUG] Input residual ||r|| = 1.899e+06 (call #285)
[PRECOND BLOCK NORMS] U: 1.193e+05, V: 140.2, MU: 4465
[PRECOND BLOCK NORMS] PHI: 2.51e+04
[PRECOND BLOCK NORMS] W: 28.53, THETA: 3458
[PRECOND TIMING] W-THETA coupled solve: 6 ms (3321 columns)
[PRECOND DEBUG] Output preconditioned ||M⁻¹r|| = 1.221e+05 (α₀=0, ratio=1, α_eff=0)
[PRECOND DEBUG] Ratio ||M⁻¹r|| / ||r|| = 0.06428
[PRECOND DEBUG] Input residual ||r|| = 1.585e+06 (call #290)
[PRECOND BLOCK NORMS] U: 1.089e+05, V: 126.9, MU: 3968
[PRECOND BLOCK NORMS] PHI: 2.23e+04
[PRECOND BLOCK NORMS] W: 27.84, THETA: 5575
[PRECOND TIMING] W-THETA coupled solve: 5 ms (3321 columns)
[PRECOND DEBUG] Output preconditioned ||M⁻¹r|| = 1.113e+05 (α₀=0, ratio=1, α_eff=0)
[PRECOND DEBUG] Ratio ||M⁻¹r|| / ||r|| = 0.07026
[PRECOND DEBUG] Input residual ||r|| = 2.583e+06 (call #295)
[PRECOND BLOCK NORMS] U: 7.458e+04, V: 101.2, MU: 2525
[PRECOND BLOCK NORMS] PHI: 1.419e+04
[PRECOND BLOCK NORMS] W: 34.63, THETA: 4460
[PRECOND TIMING] W-THETA coupled solve: 5 ms (3321 columns)
[PRECOND DEBUG] Output preconditioned ||M⁻¹r|| = 7.608e+04 (α₀=0, ratio=1, α_eff=0)
[PRECOND DEBUG] Ratio ||M⁻¹r|| / ||r|| = 0.02945
[PRECOND DEBUG] Input residual ||r|| = 2.593e+06 (call #300)
[PRECOND BLOCK NORMS] U: 6.915e+04, V: 106.3, MU: 3220
[PRECOND BLOCK NORMS] PHI: 1.809e+04
[PRECOND BLOCK NORMS] W: 34.81, THETA: 5932
[PRECOND TIMING] W-THETA coupled solve: 5 ms (3321 columns)
[PRECOND DEBUG] Output preconditioned ||M⁻¹r|| = 7.178e+04 (α₀=0, ratio=1, α_eff=0)
[PRECOND DEBUG] Ratio ||M⁻¹r|| / ||r|| = 0.02769
[PRECOND DEBUG] Input residual ||r|| = 2.418e+06 (call #305)
[PRECOND BLOCK NORMS] U: 8.884e+04, V: 113.2, MU: 3670
[PRECOND BLOCK NORMS] PHI: 2.063e+04
[PRECOND BLOCK NORMS] W: 40.59, THETA: 6223
[PRECOND TIMING] W-THETA coupled solve: 5 ms (3321 columns)
[PRECOND DEBUG] Output preconditioned ||M⁻¹r|| = 9.148e+04 (α₀=0, ratio=1, α_eff=0)
[PRECOND DEBUG] Ratio ||M⁻¹r|| / ||r|| = 0.03783
[PRECOND DEBUG] Input residual ||r|| = 2.919e+06 (call #310)
[PRECOND BLOCK NORMS] U: 9.459e+04, V: 124.9, MU: 4194
[PRECOND BLOCK NORMS] PHI: 2.358e+04
[PRECOND BLOCK NORMS] W: 35.84, THETA: 6605
[PRECOND TIMING] W-THETA coupled solve: 5 ms (3321 columns)
[PRECOND DEBUG] Output preconditioned ||M⁻¹r|| = 9.778e+04 (α₀=0, ratio=1, α_eff=0)
[PRECOND DEBUG] Ratio ||M⁻¹r|| / ||r|| = 0.0335
[PRECOND DEBUG] Input residual ||r|| = 3.726e+06 (call #315)
[PRECOND BLOCK NORMS] U: 7.181e+04, V: 104.2, MU: 3436
[PRECOND BLOCK NORMS] PHI: 1.931e+04
[PRECOND BLOCK NORMS] W: 40.52, THETA: 6127
[PRECOND TIMING] W-THETA coupled solve: 5 ms (3321 columns)
[PRECOND DEBUG] Output preconditioned ||M⁻¹r|| = 7.468e+04 (α₀=0, ratio=1, α_eff=0)
[PRECOND DEBUG] Ratio ||M⁻¹r|| / ||r|| = 0.02005
[GMRES] restart=1 j=95: hess_est=0.3104, true_err=0.3105
[GMRES BLOCK r/b] restart=1 j=95 ru=10.1429 rv=13.0211 rw=62.1331 ph=102.2414 t=20.1191 mu=9.4550
[FGMRES] NOT CONVERGED: ||x||=0.0222, ||r_true||=300.7635, ||b||=1039.4686, rel_error=0.2893, tol=0.0000, restarts=1, arnoldi=96 (block-scaled)
[GMRES BLOCK-SCALE] ru: ||r0||=466.6 → D_inv=0.002143
[GMRES BLOCK-SCALE] rv: ||r0||=463.9 → D_inv=0.002156
[GMRES BLOCK-SCALE] rw: ||r0||=464.6 → D_inv=0.002152
[GMRES BLOCK-SCALE] ph: ||r0||=464.6 → D_inv=0.002152
[GMRES BLOCK-SCALE] t: ||r0||=461 → D_inv=0.002169
[GMRES BLOCK-SCALE] mu: ||r0||=57.63 → D_inv=0.01735
[FGMRES] Z-basis memory budget: restart=96 x numel=1080491 => ~395.7 MiB per cycle
[GMRES REORTH] j=1 before=844 after1=527.8 after2=527.8 ratio=0.6253
[GMRES REORTH] j=2 before=681.9 after1=411.5 after2=411.5 ratio=0.6034
[GMRES] restart=1 j=95: hess_est=0.2454, true_err=0.2454
[GMRES BLOCK r/b] restart=1 j=95 ru=14.5300 rv=47.5582 rw=16.9317 ph=98.2245 t=22.0086 mu=1.2168
[FGMRES] NOT CONVERGED: ||x||=0.0125, ||r_true||=278.0972, ||b||=1039.4686, rel_error=0.2675, tol=0.0000, restarts=1, arnoldi=96 (block-scaled)
[GMRES BLOCK-SCALE] ru: ||r0||=466.6 → D_inv=0.002143
[GMRES BLOCK-SCALE] rv: ||r0||=463.9 → D_inv=0.002156
[GMRES BLOCK-SCALE] rw: ||r0||=464.6 → D_inv=0.002152
[GMRES BLOCK-SCALE] ph: ||r0||=464.6 → D_inv=0.002152
[GMRES BLOCK-SCALE] t: ||r0||=461 → D_inv=0.002169
[GMRES BLOCK-SCALE] mu: ||r0||=57.63 → D_inv=0.01735
[FGMRES] Z-basis memory budget: restart=96 x numel=1080491 => ~395.7 MiB per cycle
[GMRES REORTH] j=1 before=785.4 after1=539.5 after2=539.5 ratio=0.687
[PRECOND DEBUG] Input residual ||r|| = 1.096e+07 (call #320)
[PRECOND BLOCK NORMS] U: 6.275e+04, V: 38.87, MU: 2306
[PRECOND BLOCK NORMS] PHI: 1.3e+04
[PRECOND BLOCK NORMS] W: 9.681, THETA: 2739
[PRECOND TIMING] W-THETA coupled solve: 6 ms (3321 columns)
[PRECOND DEBUG] Output preconditioned ||M⁻¹r|| = 6.417e+04 (α₀=0, ratio=1, α_eff=0)
[PRECOND DEBUG] Ratio ||M⁻¹r|| / ||r|| = 0.005857
[GMRES REORTH] j=2 before=644.3 after1=418.3 after2=418.3 ratio=0.6493
[PRECOND DEBUG] Input residual ||r|| = 1.35e+07 (call #325)
[PRECOND BLOCK NORMS] U: 4.206e+04, V: 34.54, MU: 1346
[PRECOND BLOCK NORMS] PHI: 7534
[PRECOND BLOCK NORMS] W: 11.7, THETA: 2040
[PRECOND TIMING] W-THETA coupled solve: 6 ms (3321 columns)
[PRECOND DEBUG] Output preconditioned ||M⁻¹r|| = 4.279e+04 (α₀=0, ratio=1, α_eff=0)
[PRECOND DEBUG] Ratio ||M⁻¹r|| / ||r|| = 0.003169
[PRECOND DEBUG] Input residual ||r|| = 1.318e+07 (call #330)
[PRECOND BLOCK NORMS] U: 4.034e+04, V: 50.44, MU: 1588
[PRECOND BLOCK NORMS] PHI: 8914
[PRECOND BLOCK NORMS] W: 8.616, THETA: 1127
[PRECOND TIMING] W-THETA coupled solve: 6 ms (3321 columns)
[PRECOND DEBUG] Output preconditioned ||M⁻¹r|| = 4.136e+04 (α₀=0, ratio=1, α_eff=0)
[PRECOND DEBUG] Ratio ||M⁻¹r|| / ||r|| = 0.003139
[PRECOND DEBUG] Input residual ||r|| = 1.244e+07 (call #335)
[PRECOND BLOCK NORMS] U: 5.353e+04, V: 77.09, MU: 2003
[PRECOND BLOCK NORMS] PHI: 1.124e+04
[PRECOND BLOCK NORMS] W: 10.39, THETA: 1669
[PRECOND TIMING] W-THETA coupled solve: 5 ms (3321 columns)
[PRECOND DEBUG] Output preconditioned ||M⁻¹r|| = 5.475e+04 (α₀=0, ratio=1, α_eff=0)
[PRECOND DEBUG] Ratio ||M⁻¹r|| / ||r|| = 0.004401
[PRECOND DEBUG] Input residual ||r|| = 1.327e+07 (call #340)
[PRECOND BLOCK NORMS] U: 2.833e+04, V: 55.22, MU: 1389
[PRECOND BLOCK NORMS] PHI: 7813
[PRECOND BLOCK NORMS] W: 8.934, THETA: 957.8
[PRECOND TIMING] W-THETA coupled solve: 5 ms (3321 columns)
[PRECOND DEBUG] Output preconditioned ||M⁻¹r|| = 2.943e+04 (α₀=0, ratio=1, α_eff=0)
[PRECOND DEBUG] Ratio ||M⁻¹r|| / ||r|| = 0.002218
[PRECOND DEBUG] Input residual ||r|| = 1.323e+07 (call #345)
[PRECOND BLOCK NORMS] U: 2.921e+04, V: 51.37, MU: 1324
[PRECOND BLOCK NORMS] PHI: 7435
[PRECOND BLOCK NORMS] W: 8.895, THETA: 998.5
[PRECOND TIMING] W-THETA coupled solve: 5 ms (3321 columns)
[PRECOND DEBUG] Output preconditioned ||M⁻¹r|| = 3.019e+04 (α₀=0, ratio=1, α_eff=0)
[PRECOND DEBUG] Ratio ||M⁻¹r|| / ||r|| = 0.002281
[PRECOND DEBUG] Input residual ||r|| = 1.158e+07 (call #350)
[PRECOND BLOCK NORMS] U: 3.679e+04, V: 65.13, MU: 1486
[PRECOND BLOCK NORMS] PHI: 8353
[PRECOND BLOCK NORMS] W: 10.26, THETA: 1492
[PRECOND TIMING] W-THETA coupled solve: 6 ms (3321 columns)
[PRECOND DEBUG] Output preconditioned ||M⁻¹r|| = 3.778e+04 (α₀=0, ratio=1, α_eff=0)
[PRECOND DEBUG] Ratio ||M⁻¹r|| / ||r|| = 0.003262
[PRECOND DEBUG] Input residual ||r|| = 1.362e+07 (call #355)
[PRECOND BLOCK NORMS] U: 2.248e+04, V: 46.14, MU: 1193
[PRECOND BLOCK NORMS] PHI: 6711
[PRECOND BLOCK NORMS] W: 7.091, THETA: 794.4
[PRECOND TIMING] W-THETA coupled solve: 5 ms (3321 columns)
[PRECOND DEBUG] Output preconditioned ||M⁻¹r|| = 2.35e+04 (α₀=0, ratio=1, α_eff=0)
[PRECOND DEBUG] Ratio ||M⁻¹r|| / ||r|| = 0.001726
[PRECOND DEBUG] Input residual ||r|| = 1.127e+07 (call #360)
[PRECOND BLOCK NORMS] U: 4.564e+04, V: 79.48, MU: 1761
[PRECOND BLOCK NORMS] PHI: 9892
[PRECOND BLOCK NORMS] W: 11.88, THETA: 1824
[PRECOND TIMING] W-THETA coupled solve: 6 ms (3321 columns)
[PRECOND DEBUG] Output preconditioned ||M⁻¹r|| = 4.676e+04 (α₀=0, ratio=1, α_eff=0)
[PRECOND DEBUG] Ratio ||M⁻¹r|| / ||r|| = 0.00415
[PRECOND DEBUG] Input residual ||r|| = 1.01e+07 (call #365)
[PRECOND BLOCK NORMS] U: 4.376e+04, V: 81.43, MU: 1607
[PRECOND BLOCK NORMS] PHI: 9026
[PRECOND BLOCK NORMS] W: 12.08, THETA: 2118
[PRECOND TIMING] W-THETA coupled solve: 5 ms (3321 columns)
[PRECOND DEBUG] Output preconditioned ||M⁻¹r|| = 4.476e+04 (α₀=0, ratio=1, α_eff=0)
[PRECOND DEBUG] Ratio ||M⁻¹r|| / ||r|| = 0.004429
[PRECOND DEBUG] Input residual ||r|| = 1.403e+07 (call #370)
[PRECOND BLOCK NORMS] U: 1.76e+04, V: 37.42, MU: 1099
[PRECOND BLOCK NORMS] PHI: 6177
[PRECOND BLOCK NORMS] W: 7.551, THETA: 736.1
[PRECOND TIMING] W-THETA coupled solve: 5 ms (3321 columns)
[PRECOND DEBUG] Output preconditioned ||M⁻¹r|| = 1.869e+04 (α₀=0, ratio=1, α_eff=0)
[PRECOND DEBUG] Ratio ||M⁻¹r|| / ||r|| = 0.001332
[PRECOND DEBUG] Input residual ||r|| = 6.84e+06 (call #375)
[PRECOND BLOCK NORMS] U: 6.316e+04, V: 109.8, MU: 2210
[PRECOND BLOCK NORMS] PHI: 1.241e+04
[PRECOND BLOCK NORMS] W: 16.49, THETA: 2702
[PRECOND TIMING] W-THETA coupled solve: 6 ms (3321 columns)
[PRECOND DEBUG] Output preconditioned ||M⁻¹r|| = 6.446e+04 (α₀=0, ratio=1, α_eff=0)
[PRECOND DEBUG] Ratio ||M⁻¹r|| / ||r|| = 0.009424
[PRECOND DEBUG] Input residual ||r|| = 1.264e+07 (call #380)
[PRECOND BLOCK NORMS] U: 3.612e+04, V: 61.97, MU: 1494
[PRECOND BLOCK NORMS] PHI: 8395
[PRECOND BLOCK NORMS] W: 10.38, THETA: 1682
[PRECOND TIMING] W-THETA coupled solve: 6 ms (3321 columns)
[PRECOND DEBUG] Output preconditioned ||M⁻¹r|| = 3.715e+04 (α₀=0, ratio=1, α_eff=0)
[PRECOND DEBUG] Ratio ||M⁻¹r|| / ||r|| = 0.002939
[PRECOND DEBUG] Input residual ||r|| = 1.284e+07 (call #385)
[PRECOND BLOCK NORMS] U: 3.48e+04, V: 59.49, MU: 1479
[PRECOND BLOCK NORMS] PHI: 8306
[PRECOND BLOCK NORMS] W: 10.15, THETA: 1528
[PRECOND TIMING] W-THETA coupled solve: 6 ms (3321 columns)
[PRECOND DEBUG] Output preconditioned ||M⁻¹r|| = 3.584e+04 (α₀=0, ratio=1, α_eff=0)
[PRECOND DEBUG] Ratio ||M⁻¹r|| / ||r|| = 0.002791
[PRECOND DEBUG] Input residual ||r|| = 1.178e+07 (call #390)
[PRECOND BLOCK NORMS] U: 4.541e+04, V: 74.72, MU: 1740
[PRECOND BLOCK NORMS] PHI: 9778
[PRECOND BLOCK NORMS] W: 11.9, THETA: 1896
[PRECOND TIMING] W-THETA coupled solve: 6 ms (3321 columns)
[PRECOND DEBUG] Output preconditioned ||M⁻¹r|| = 4.651e+04 (α₀=0, ratio=1, α_eff=0)
[PRECOND DEBUG] Ratio ||M⁻¹r|| / ||r|| = 0.003948
[PRECOND DEBUG] Input residual ||r|| = 1.054e+07 (call #395)
[PRECOND BLOCK NORMS] U: 5.277e+04, V: 90.01, MU: 1967
[PRECOND BLOCK NORMS] PHI: 1.106e+04
[PRECOND BLOCK NORMS] W: 12.97, THETA: 1957
[PRECOND TIMING] W-THETA coupled solve: 6 ms (3321 columns)
[PRECOND DEBUG] Output preconditioned ||M⁻¹r|| = 5.398e+04 (α₀=0, ratio=1, α_eff=0)
[PRECOND DEBUG] Ratio ||M⁻¹r|| / ||r|| = 0.005119
[PRECOND DEBUG] Input residual ||r|| = 1.052e+07 (call #400)
[PRECOND BLOCK NORMS] U: 6.055e+04, V: 92.98, MU: 2240
[PRECOND BLOCK NORMS] PHI: 1.259e+04
[PRECOND BLOCK NORMS] W: 13.12, THETA: 2005
[PRECOND TIMING] W-THETA coupled solve: 6 ms (3321 columns)
[PRECOND DEBUG] Output preconditioned ||M⁻¹r|| = 6.191e+04 (α₀=0, ratio=1, α_eff=0)
[PRECOND DEBUG] Ratio ||M⁻¹r|| / ||r|| = 0.005883
[PRECOND DEBUG] Input residual ||r|| = 7.052e+06 (call #405)
[PRECOND BLOCK NORMS] U: 6.911e+04, V: 113.4, MU: 2438
[PRECOND BLOCK NORMS] PHI: 1.371e+04
[PRECOND BLOCK NORMS] W: 18.11, THETA: 2390
[PRECOND TIMING] W-THETA coupled solve: 5 ms (3321 columns)
[PRECOND DEBUG] Output preconditioned ||M⁻¹r|| = 7.052e+04 (α₀=0, ratio=1, α_eff=0)
[PRECOND DEBUG] Ratio ||M⁻¹r|| / ||r|| = 0.01
[PRECOND DEBUG] Input residual ||r|| = 1.329e+07 (call #410)
[PRECOND BLOCK NORMS] U: 3.392e+04, V: 60.13, MU: 1474
[PRECOND BLOCK NORMS] PHI: 8287
[PRECOND BLOCK NORMS] W: 10.23, THETA: 1213
[PRECOND TIMING] W-THETA coupled solve: 6 ms (3321 columns)
[PRECOND DEBUG] Output preconditioned ||M⁻¹r|| = 3.496e+04 (α₀=0, ratio=1, α_eff=0)
[PRECOND DEBUG] Ratio ||M⁻¹r|| / ||r|| = 0.002631
[GMRES] restart=1 j=95: hess_est=0.2694, true_err=0.2694
[GMRES BLOCK r/b] restart=1 j=95 ru=13.2288 rv=61.1032 rw=17.8565 ph=103.2039 t=19.6061 mu=2.4375
[FGMRES] NOT CONVERGED: ||x||=0.0143, ||r_true||=302.6398, ||b||=1039.4686, rel_error=0.2911, tol=0.0000, restarts=1, arnoldi=96 (block-scaled)
[GMRES BLOCK-SCALE] ru: ||r0||=466.6 → D_inv=0.002143
[GMRES BLOCK-SCALE] rv: ||r0||=463.9 → D_inv=0.002156
[GMRES BLOCK-SCALE] rw: ||r0||=464.6 → D_inv=0.002152
[GMRES BLOCK-SCALE] ph: ||r0||=464.6 → D_inv=0.002152
[GMRES BLOCK-SCALE] t: ||r0||=461 → D_inv=0.002169
[GMRES BLOCK-SCALE] mu: ||r0||=57.63 → D_inv=0.01735
[FGMRES] Z-basis memory budget: restart=192 x numel=1080491 => ~791.4 MiB per cycle
[PRECOND DEBUG] Input residual ||r|| = 2.634e+06 (call #415)
[PRECOND BLOCK NORMS] U: 4.062e+04, V: 122.3, MU: 1524
[PRECOND BLOCK NORMS] PHI: 8500
[PRECOND BLOCK NORMS] W: 20.98, THETA: 2058
[PRECOND TIMING] W-THETA coupled solve: 6 ms (3321 columns)
[PRECOND DEBUG] Output preconditioned ||M⁻¹r|| = 4.157e+04 (α₀=0, ratio=1, α_eff=0)
[PRECOND DEBUG] Ratio ||M⁻¹r|| / ||r|| = 0.01578
[GMRES REORTH] j=1 before=148.8 after1=81.48 after2=81.48 ratio=0.5475
[GMRES REORTH] j=2 before=119.4 after1=75.79 after2=75.79 ratio=0.635
[PRECOND DEBUG] Input residual ||r|| = 1.406e+06 (call #420)
[PRECOND BLOCK NORMS] U: 4.054e+04, V: 86.08, MU: 1354
[PRECOND BLOCK NORMS] PHI: 7636
[PRECOND BLOCK NORMS] W: 16.09, THETA: 1409
[PRECOND TIMING] W-THETA coupled solve: 6 ms (3321 columns)
[PRECOND DEBUG] Output preconditioned ||M⁻¹r|| = 4.129e+04 (α₀=0, ratio=1, α_eff=0)
[PRECOND DEBUG] Ratio ||M⁻¹r|| / ||r|| = 0.02937
[PRECOND DEBUG] Input residual ||r|| = 1.272e+06 (call #425)
[PRECOND BLOCK NORMS] U: 3.268e+04, V: 92.12, MU: 1196
[PRECOND BLOCK NORMS] PHI: 6694
[PRECOND BLOCK NORMS] W: 8.118, THETA: 1019
[PRECOND TIMING] W-THETA coupled solve: 5 ms (3321 columns)
[PRECOND DEBUG] Output preconditioned ||M⁻¹r|| = 3.339e+04 (α₀=0, ratio=1, α_eff=0)
[PRECOND DEBUG] Ratio ||M⁻¹r|| / ||r|| = 0.02626
[PRECOND DEBUG] Input residual ||r|| = 1.194e+06 (call #430)
[PRECOND BLOCK NORMS] U: 2.433e+04, V: 92.57, MU: 902
[PRECOND BLOCK NORMS] PHI: 5054
[PRECOND BLOCK NORMS] W: 6.481, THETA: 887.9
[PRECOND TIMING] W-THETA coupled solve: 6 ms (3321 columns)
[PRECOND DEBUG] Output preconditioned ||M⁻¹r|| = 2.487e+04 (α₀=0, ratio=1, α_eff=0)
[PRECOND DEBUG] Ratio ||M⁻¹r|| / ||r|| = 0.02083
[PRECOND DEBUG] Input residual ||r|| = 1.908e+06 (call #435)
[PRECOND BLOCK NORMS] U: 1.339e+04, V: 88.57, MU: 514.8
[PRECOND BLOCK NORMS] PHI: 2862
[PRECOND BLOCK NORMS] W: 10.63, THETA: 722.9
[PRECOND TIMING] W-THETA coupled solve: 6 ms (3321 columns)
[PRECOND DEBUG] Output preconditioned ||M⁻¹r|| = 1.372e+04 (α₀=0, ratio=1, α_eff=0)
[PRECOND DEBUG] Ratio ||M⁻¹r|| / ||r|| = 0.007191
[PRECOND DEBUG] Input residual ||r|| = 1.453e+06 (call #440)
[PRECOND BLOCK NORMS] U: 2.398e+04, V: 92.88, MU: 864.4
[PRECOND BLOCK NORMS] PHI: 4848
[PRECOND BLOCK NORMS] W: 19.08, THETA: 1618
[PRECOND TIMING] W-THETA coupled solve: 5 ms (3321 columns)
[PRECOND DEBUG] Output preconditioned ||M⁻¹r|| = 2.453e+04 (α₀=0, ratio=1, α_eff=0)
[PRECOND DEBUG] Ratio ||M⁻¹r|| / ||r|| = 0.01688
[PRECOND DEBUG] Input residual ||r|| = 1.336e+06 (call #445)
[PRECOND BLOCK NORMS] U: 2.671e+04, V: 87.46, MU: 840
[PRECOND BLOCK NORMS] PHI: 4750
[PRECOND BLOCK NORMS] W: 23.44, THETA: 3046
[PRECOND TIMING] W-THETA coupled solve: 5 ms (3321 columns)
[PRECOND DEBUG] Output preconditioned ||M⁻¹r|| = 2.731e+04 (α₀=0, ratio=1, α_eff=0)
[PRECOND DEBUG] Ratio ||M⁻¹r|| / ||r|| = 0.02045
[PRECOND DEBUG] Input residual ||r|| = 1.675e+06 (call #450)
[PRECOND BLOCK NORMS] U: 4.439e+04, V: 89.88, MU: 1682
[PRECOND BLOCK NORMS] PHI: 9452
[PRECOND BLOCK NORMS] W: 19.84, THETA: 2064
[PRECOND TIMING] W-THETA coupled solve: 6 ms (3321 columns)
[PRECOND DEBUG] Output preconditioned ||M⁻¹r|| = 4.546e+04 (α₀=0, ratio=1, α_eff=0)
[PRECOND DEBUG] Ratio ||M⁻¹r|| / ||r|| = 0.02714
[PRECOND DEBUG] Input residual ||r|| = 2.346e+06 (call #455)
[PRECOND BLOCK NORMS] U: 9.792e+04, V: 124.7, MU: 3751
[PRECOND BLOCK NORMS] PHI: 2.107e+04
[PRECOND BLOCK NORMS] W: 34.59, THETA: 2479
[PRECOND TIMING] W-THETA coupled solve: 5 ms (3321 columns)
[PRECOND DEBUG] Output preconditioned ||M⁻¹r|| = 1.002e+05 (α₀=0, ratio=1, α_eff=0)
[PRECOND DEBUG] Ratio ||M⁻¹r|| / ||r|| = 0.04273
[PRECOND DEBUG] Input residual ||r|| = 2.605e+06 (call #460)
[PRECOND BLOCK NORMS] U: 1.638e+05, V: 179.8, MU: 6338
[PRECOND BLOCK NORMS] PHI: 3.561e+04
[PRECOND BLOCK NORMS] W: 29.17, THETA: 3131
[PRECOND TIMING] W-THETA coupled solve: 6 ms (3321 columns)
[PRECOND DEBUG] Output preconditioned ||M⁻¹r|| = 1.678e+05 (α₀=0, ratio=1, α_eff=0)
[PRECOND DEBUG] Ratio ||M⁻¹r|| / ||r|| = 0.06441
[PRECOND DEBUG] Input residual ||r|| = 2.295e+06 (call #465)
[PRECOND BLOCK NORMS] U: 1.263e+05, V: 150.5, MU: 4851
[PRECOND BLOCK NORMS] PHI: 2.726e+04
[PRECOND BLOCK NORMS] W: 32.49, THETA: 3586
[PRECOND TIMING] W-THETA coupled solve: 6 ms (3321 columns)
[PRECOND DEBUG] Output preconditioned ||M⁻¹r|| = 1.293e+05 (α₀=0, ratio=1, α_eff=0)
[PRECOND DEBUG] Ratio ||M⁻¹r|| / ||r|| = 0.05636
[PRECOND DEBUG] Input residual ||r|| = 1.639e+06 (call #470)
[PRECOND BLOCK NORMS] U: 1.612e+05, V: 183.2, MU: 6135
[PRECOND BLOCK NORMS] PHI: 3.447e+04
[PRECOND BLOCK NORMS] W: 19.35, THETA: 4164
[PRECOND TIMING] W-THETA coupled solve: 5 ms (3321 columns)
[PRECOND DEBUG] Output preconditioned ||M⁻¹r|| = 1.65e+05 (α₀=0, ratio=1, α_eff=0)
[PRECOND DEBUG] Ratio ||M⁻¹r|| / ||r|| = 0.1007
[PRECOND DEBUG] Input residual ||r|| = 1.966e+06 (call #475)
[PRECOND BLOCK NORMS] U: 1.162e+05, V: 128.9, MU: 4065
[PRECOND BLOCK NORMS] PHI: 2.285e+04
[PRECOND BLOCK NORMS] W: 21.02, THETA: 3907
[PRECOND TIMING] W-THETA coupled solve: 5 ms (3321 columns)
[PRECOND DEBUG] Output preconditioned ||M⁻¹r|| = 1.186e+05 (α₀=0, ratio=1, α_eff=0)
[PRECOND DEBUG] Ratio ||M⁻¹r|| / ||r|| = 0.0603
[PRECOND DEBUG] Input residual ||r|| = 2.277e+06 (call #480)
[PRECOND BLOCK NORMS] U: 1.044e+05, V: 112.9, MU: 3424
[PRECOND BLOCK NORMS] PHI: 1.924e+04
[PRECOND BLOCK NORMS] W: 28.26, THETA: 5147
[PRECOND TIMING] W-THETA coupled solve: 5 ms (3321 columns)
[PRECOND DEBUG] Output preconditioned ||M⁻¹r|| = 1.063e+05 (α₀=0, ratio=1, α_eff=0)
[PRECOND DEBUG] Ratio ||M⁻¹r|| / ||r|| = 0.04667
[PRECOND DEBUG] Input residual ||r|| = 1.863e+06 (call #485)
[PRECOND BLOCK NORMS] U: 1.479e+05, V: 162.5, MU: 5533
[PRECOND BLOCK NORMS] PHI: 3.109e+04
[PRECOND BLOCK NORMS] W: 26.09, THETA: 5628
[PRECOND TIMING] W-THETA coupled solve: 5 ms (3321 columns)
[PRECOND DEBUG] Output preconditioned ||M⁻¹r|| = 1.513e+05 (α₀=0, ratio=1, α_eff=0)
[PRECOND DEBUG] Ratio ||M⁻¹r|| / ||r|| = 0.08121
[PRECOND DEBUG] Input residual ||r|| = 3.043e+06 (call #490)
[PRECOND BLOCK NORMS] U: 1.376e+05, V: 147, MU: 5100
[PRECOND BLOCK NORMS] PHI: 2.864e+04
[PRECOND BLOCK NORMS] W: 36.56, THETA: 5269
[PRECOND TIMING] W-THETA coupled solve: 5 ms (3321 columns)
[PRECOND DEBUG] Output preconditioned ||M⁻¹r|| = 1.407e+05 (α₀=0, ratio=1, α_eff=0)
[PRECOND DEBUG] Ratio ||M⁻¹r|| / ||r|| = 0.04624
[PRECOND DEBUG] Input residual ||r|| = 2.702e+06 (call #495)
[PRECOND BLOCK NORMS] U: 8.65e+04, V: 109.5, MU: 3481
[PRECOND BLOCK NORMS] PHI: 1.956e+04
[PRECOND BLOCK NORMS] W: 39.4, THETA: 6543
[PRECOND TIMING] W-THETA coupled solve: 6 ms (3321 columns)
[PRECOND DEBUG] Output preconditioned ||M⁻¹r|| = 8.898e+04 (α₀=0, ratio=1, α_eff=0)
[PRECOND DEBUG] Ratio ||M⁻¹r|| / ||r|| = 0.03293
[PRECOND DEBUG] Input residual ||r|| = 2.723e+06 (call #500)
[PRECOND BLOCK NORMS] U: 1.25e+05, V: 125.4, MU: 4234
[PRECOND BLOCK NORMS] PHI: 2.381e+04
[PRECOND BLOCK NORMS] W: 35.72, THETA: 6321
[PRECOND TIMING] W-THETA coupled solve: 5 ms (3321 columns)
[PRECOND DEBUG] Output preconditioned ||M⁻¹r|| = 1.275e+05 (α₀=0, ratio=1, α_eff=0)
[PRECOND DEBUG] Ratio ||M⁻¹r|| / ||r|| = 0.04681
[PRECOND DEBUG] Input residual ||r|| = 2.397e+06 (call #505)
[PRECOND BLOCK NORMS] U: 1.179e+05, V: 134.5, MU: 4385
[PRECOND BLOCK NORMS] PHI: 2.465e+04
[PRECOND BLOCK NORMS] W: 33.72, THETA: 5732
[PRECOND TIMING] W-THETA coupled solve: 5 ms (3321 columns)
[PRECOND DEBUG] Output preconditioned ||M⁻¹r|| = 1.206e+05 (α₀=0, ratio=1, α_eff=0)
[PRECOND DEBUG] Ratio ||M⁻¹r|| / ||r|| = 0.05034
[PRECOND DEBUG] Input residual ||r|| = 3.411e+06 (call #510)
[PRECOND BLOCK NORMS] U: 7.111e+04, V: 103, MU: 3226
[PRECOND BLOCK NORMS] PHI: 1.812e+04
[PRECOND BLOCK NORMS] W: 43.45, THETA: 6107
[PRECOND TIMING] W-THETA coupled solve: 5 ms (3321 columns)
[PRECOND DEBUG] Output preconditioned ||M⁻¹r|| = 7.369e+04 (α₀=0, ratio=1, α_eff=0)
[PRECOND DEBUG] Ratio ||M⁻¹r|| / ||r|| = 0.0216
[PRECOND DEBUG] Input residual ||r|| = 2.873e+06 (call #515)
[PRECOND BLOCK NORMS] U: 9.678e+04, V: 119.7, MU: 3885
[PRECOND BLOCK NORMS] PHI: 2.183e+04
[PRECOND BLOCK NORMS] W: 47.26, THETA: 5570
[PRECOND TIMING] W-THETA coupled solve: 5 ms (3321 columns)
[PRECOND DEBUG] Output preconditioned ||M⁻¹r|| = 9.942e+04 (α₀=0, ratio=1, α_eff=0)
[PRECOND DEBUG] Ratio ||M⁻¹r|| / ||r|| = 0.03461
[PRECOND DEBUG] Input residual ||r|| = 3.356e+06 (call #520)
[PRECOND BLOCK NORMS] U: 1.214e+05, V: 115.1, MU: 3912
[PRECOND BLOCK NORMS] PHI: 2.196e+04
[PRECOND BLOCK NORMS] W: 63.99, THETA: 5397
[PRECOND TIMING] W-THETA coupled solve: 6 ms (3321 columns)
[PRECOND DEBUG] Output preconditioned ||M⁻¹r|| = 1.236e+05 (α₀=0, ratio=1, α_eff=0)
[PRECOND DEBUG] Ratio ||M⁻¹r|| / ||r|| = 0.03682
[PRECOND DEBUG] Input residual ||r|| = 3.689e+06 (call #525)
[PRECOND BLOCK NORMS] U: 1.146e+05, V: 117, MU: 3894
[PRECOND BLOCK NORMS] PHI: 2.188e+04
[PRECOND BLOCK NORMS] W: 45.67, THETA: 4836
[PRECOND TIMING] W-THETA coupled solve: 6 ms (3321 columns)
[PRECOND DEBUG] Output preconditioned ||M⁻¹r|| = 1.169e+05 (α₀=0, ratio=1, α_eff=0)
[PRECOND DEBUG] Ratio ||M⁻¹r|| / ||r|| = 0.03168
[PRECOND DEBUG] Input residual ||r|| = 3.242e+06 (call #530)
[PRECOND BLOCK NORMS] U: 1.034e+05, V: 122.6, MU: 3997
[PRECOND BLOCK NORMS] PHI: 2.245e+04
[PRECOND BLOCK NORMS] W: 37.61, THETA: 4943
[PRECOND TIMING] W-THETA coupled solve: 6 ms (3321 columns)
[PRECOND DEBUG] Output preconditioned ||M⁻¹r|| = 1.06e+05 (α₀=0, ratio=1, α_eff=0)
[PRECOND DEBUG] Ratio ||M⁻¹r|| / ||r|| = 0.03269
[PRECOND DEBUG] Input residual ||r|| = 3.474e+06 (call #535)
[PRECOND BLOCK NORMS] U: 1.074e+05, V: 117.6, MU: 3865
[PRECOND BLOCK NORMS] PHI: 2.169e+04
[PRECOND BLOCK NORMS] W: 46.58, THETA: 5018
[PRECOND TIMING] W-THETA coupled solve: 6 ms (3321 columns)
[PRECOND DEBUG] Output preconditioned ||M⁻¹r|| = 1.098e+05 (α₀=0, ratio=1, α_eff=0)
[PRECOND DEBUG] Ratio ||M⁻¹r|| / ||r|| = 0.03159
[PRECOND DEBUG] Input residual ||r|| = 3.229e+06 (call #540)
[PRECOND BLOCK NORMS] U: 1.11e+05, V: 121.5, MU: 4148
[PRECOND BLOCK NORMS] PHI: 2.331e+04
[PRECOND BLOCK NORMS] W: 50.01, THETA: 5221
[PRECOND TIMING] W-THETA coupled solve: 6 ms (3321 columns)
[PRECOND DEBUG] Output preconditioned ||M⁻¹r|| = 1.136e+05 (α₀=0, ratio=1, α_eff=0)
[PRECOND DEBUG] Ratio ||M⁻¹r|| / ||r|| = 0.03519
[PRECOND DEBUG] Input residual ||r|| = 2.629e+06 (call #545)
[PRECOND BLOCK NORMS] U: 1.576e+05, V: 169.3, MU: 5977
[PRECOND BLOCK NORMS] PHI: 3.358e+04
[PRECOND BLOCK NORMS] W: 51.3, THETA: 4740
[PRECOND TIMING] W-THETA coupled solve: 6 ms (3321 columns)
[PRECOND DEBUG] Output preconditioned ||M⁻¹r|| = 1.613e+05 (α₀=0, ratio=1, α_eff=0)
[PRECOND DEBUG] Ratio ||M⁻¹r|| / ||r|| = 0.06137
[PRECOND DEBUG] Input residual ||r|| = 3.08e+06 (call #550)
[PRECOND BLOCK NORMS] U: 1.218e+05, V: 158.7, MU: 5608
[PRECOND BLOCK NORMS] PHI: 3.15e+04
[PRECOND BLOCK NORMS] W: 49.09, THETA: 5318
[PRECOND TIMING] W-THETA coupled solve: 5 ms (3321 columns)
[PRECOND DEBUG] Output preconditioned ||M⁻¹r|| = 1.26e+05 (α₀=0, ratio=1, α_eff=0)
[PRECOND DEBUG] Ratio ||M⁻¹r|| / ||r|| = 0.04092
[PRECOND DEBUG] Input residual ||r|| = 2.691e+06 (call #555)
[PRECOND BLOCK NORMS] U: 1.373e+05, V: 136.1, MU: 4685
[PRECOND BLOCK NORMS] PHI: 2.633e+04
[PRECOND BLOCK NORMS] W: 43.47, THETA: 5736
[PRECOND TIMING] W-THETA coupled solve: 6 ms (3321 columns)
[PRECOND DEBUG] Output preconditioned ||M⁻¹r|| = 1.399e+05 (α₀=0, ratio=1, α_eff=0)
[PRECOND DEBUG] Ratio ||M⁻¹r|| / ||r|| = 0.052
[PRECOND DEBUG] Input residual ||r|| = 3.486e+06 (call #560)
[PRECOND BLOCK NORMS] U: 1.109e+05, V: 237.3, MU: 8658
[PRECOND BLOCK NORMS] PHI: 4.863e+04
[PRECOND BLOCK NORMS] W: 46.14, THETA: 5430
[PRECOND TIMING] W-THETA coupled solve: 6 ms (3321 columns)
[PRECOND DEBUG] Output preconditioned ||M⁻¹r|| = 1.215e+05 (α₀=0, ratio=1, α_eff=0)
[PRECOND DEBUG] Ratio ||M⁻¹r|| / ||r|| = 0.03487
[PRECOND DEBUG] Input residual ||r|| = 2.928e+06 (call #565)
[PRECOND BLOCK NORMS] U: 1.354e+05, V: 301.6, MU: 1.109e+04
[PRECOND BLOCK NORMS] PHI: 6.234e+04
[PRECOND BLOCK NORMS] W: 53.37, THETA: 5501
[PRECOND TIMING] W-THETA coupled solve: 6 ms (3321 columns)
[PRECOND DEBUG] Output preconditioned ||M⁻¹r|| = 1.496e+05 (α₀=0, ratio=1, α_eff=0)
[PRECOND DEBUG] Ratio ||M⁻¹r|| / ||r|| = 0.05109
[PRECOND DEBUG] Input residual ||r|| = 3.348e+06 (call #570)
[PRECOND BLOCK NORMS] U: 1.688e+05, V: 384.1, MU: 1.421e+04
[PRECOND BLOCK NORMS] PHI: 7.987e+04
[PRECOND BLOCK NORMS] W: 54.89, THETA: 4822
[PRECOND TIMING] W-THETA coupled solve: 6 ms (3321 columns)
[PRECOND DEBUG] Output preconditioned ||M⁻¹r|| = 1.873e+05 (α₀=0, ratio=1, α_eff=0)
[PRECOND DEBUG] Ratio ||M⁻¹r|| / ||r|| = 0.05594
[PRECOND DEBUG] Input residual ||r|| = 3.289e+06 (call #575)
[PRECOND BLOCK NORMS] U: 1.645e+05, V: 310.6, MU: 1.145e+04
[PRECOND BLOCK NORMS] PHI: 6.434e+04
[PRECOND BLOCK NORMS] W: 73.62, THETA: 3612
[PRECOND TIMING] W-THETA coupled solve: 5 ms (3321 columns)
[PRECOND DEBUG] Output preconditioned ||M⁻¹r|| = 1.77e+05 (α₀=0, ratio=1, α_eff=0)
[PRECOND DEBUG] Ratio ||M⁻¹r|| / ||r|| = 0.05383
[PRECOND DEBUG] Input residual ||r|| = 2.791e+06 (call #580)
[PRECOND BLOCK NORMS] U: 1.859e+05, V: 373, MU: 1.381e+04
[PRECOND BLOCK NORMS] PHI: 7.759e+04
[PRECOND BLOCK NORMS] W: 74.76, THETA: 3889
[PRECOND TIMING] W-THETA coupled solve: 5 ms (3321 columns)
[PRECOND DEBUG] Output preconditioned ||M⁻¹r|| = 2.019e+05 (α₀=0, ratio=1, α_eff=0)
[PRECOND DEBUG] Ratio ||M⁻¹r|| / ||r|| = 0.07234
[PRECOND DEBUG] Input residual ||r|| = 3.134e+06 (call #585)
[PRECOND BLOCK NORMS] U: 1.63e+05, V: 288.8, MU: 1.062e+04
[PRECOND BLOCK NORMS] PHI: 5.963e+04
[PRECOND BLOCK NORMS] W: 77.31, THETA: 3250
[PRECOND TIMING] W-THETA coupled solve: 5 ms (3321 columns)
[PRECOND DEBUG] Output preconditioned ||M⁻¹r|| = 1.739e+05 (α₀=0, ratio=1, α_eff=0)
[PRECOND DEBUG] Ratio ||M⁻¹r|| / ||r|| = 0.05548
[PRECOND DEBUG] Input residual ||r|| = 3.001e+06 (call #590)
[PRECOND BLOCK NORMS] U: 1.707e+05, V: 420.2, MU: 1.56e+04
[PRECOND BLOCK NORMS] PHI: 8.769e+04
[PRECOND BLOCK NORMS] W: 65.61, THETA: 4393
[PRECOND TIMING] W-THETA coupled solve: 6 ms (3321 columns)
[PRECOND DEBUG] Output preconditioned ||M⁻¹r|| = 1.926e+05 (α₀=0, ratio=1, α_eff=0)
[PRECOND DEBUG] Ratio ||M⁻¹r|| / ||r|| = 0.06418
[PRECOND DEBUG] Input residual ||r|| = 2.221e+06 (call #595)
[PRECOND BLOCK NORMS] U: 2.123e+05, V: 347.2, MU: 1.282e+04
[PRECOND BLOCK NORMS] PHI: 7.201e+04
[PRECOND BLOCK NORMS] W: 56.38, THETA: 4146
[PRECOND TIMING] W-THETA coupled solve: 5 ms (3321 columns)
[PRECOND DEBUG] Output preconditioned ||M⁻¹r|| = 2.246e+05 (α₀=0, ratio=1, α_eff=0)
[PRECOND DEBUG] Ratio ||M⁻¹r|| / ||r|| = 0.1011
[PRECOND DEBUG] Input residual ||r|| = 2.165e+06 (call #600)
[PRECOND BLOCK NORMS] U: 2.103e+05, V: 437.7, MU: 1.619e+04
[PRECOND BLOCK NORMS] PHI: 9.097e+04
[PRECOND BLOCK NORMS] W: 56.54, THETA: 3753
[PRECOND TIMING] W-THETA coupled solve: 6 ms (3321 columns)
[PRECOND DEBUG] Output preconditioned ||M⁻¹r|| = 2.297e+05 (α₀=0, ratio=1, α_eff=0)
[PRECOND DEBUG] Ratio ||M⁻¹r|| / ||r|| = 0.1061
[PRECOND DEBUG] Input residual ||r|| = 2.089e+06 (call #605)
[PRECOND BLOCK NORMS] U: 2.187e+05, V: 434.8, MU: 1.609e+04
[PRECOND BLOCK NORMS] PHI: 9.042e+04
[PRECOND BLOCK NORMS] W: 65.33, THETA: 3451
[PRECOND TIMING] W-THETA coupled solve: 5 ms (3321 columns)
[PRECOND DEBUG] Output preconditioned ||M⁻¹r|| = 2.372e+05 (α₀=0, ratio=1, α_eff=0)
[PRECOND DEBUG] Ratio ||M⁻¹r|| / ||r|| = 0.1135
[GMRES] restart=1 j=191: hess_est=0.2598, true_err=0.2599
[GMRES BLOCK r/b] restart=1 j=191 ru=10.8995 rv=8.9369 rw=61.2977 ph=78.0708 t=11.4173 mu=8.2268
[FGMRES] NOT CONVERGED: ||x||=0.0130, ||r_true||=247.9579, ||b||=1039.4686, rel_error=0.2385, tol=0.0000, restarts=1, arnoldi=192 (block-scaled)
[GMRES BLOCK-SCALE] ru: ||r0||=466.6 → D_inv=0.002143
[GMRES BLOCK-SCALE] rv: ||r0||=463.9 → D_inv=0.002156
[GMRES BLOCK-SCALE] rw: ||r0||=464.6 → D_inv=0.002152
[GMRES BLOCK-SCALE] ph: ||r0||=464.6 → D_inv=0.002152
[GMRES BLOCK-SCALE] t: ||r0||=461 → D_inv=0.002169
[GMRES BLOCK-SCALE] mu: ||r0||=57.63 → D_inv=0.01735
[FGMRES] Z-basis memory budget: restart=192 x numel=1080491 => ~791.4 MiB per cycle
[GMRES REORTH] j=1 before=844 after1=527.8 after2=527.8 ratio=0.6253
[GMRES REORTH] j=2 before=681.9 after1=411.5 after2=411.5 ratio=0.6034
[GMRES] restart=1 j=191: hess_est=0.2202, true_err=0.2202
[GMRES BLOCK r/b] restart=1 j=191 ru=12.5107 rv=29.8769 rw=13.9050 ph=93.6122 t=19.1776 mu=1.1264
[FGMRES] NOT CONVERGED: ||x||=0.0148, ||r_true||=249.4806, ||b||=1039.4686, rel_error=0.2400, tol=0.0000, restarts=1, arnoldi=192 (block-scaled)
[GMRES BLOCK-SCALE] ru: ||r0||=466.6 → D_inv=0.002143
[GMRES BLOCK-SCALE] rv: ||r0||=463.9 → D_inv=0.002156
[GMRES BLOCK-SCALE] rw: ||r0||=464.6 → D_inv=0.002152
[GMRES BLOCK-SCALE] ph: ||r0||=464.6 → D_inv=0.002152
[GMRES BLOCK-SCALE] t: ||r0||=461 → D_inv=0.002169
[GMRES BLOCK-SCALE] mu: ||r0||=57.63 → D_inv=0.01735
[FGMRES] Z-basis memory budget: restart=192 x numel=1080491 => ~791.4 MiB per cycle
[GMRES REORTH] j=1 before=785.4 after1=539.5 after2=539.5 ratio=0.687
[GMRES REORTH] j=2 before=644.3 after1=418.3 after2=418.3 ratio=0.6493
[PRECOND DEBUG] Input residual ||r|| = 1.162e+07 (call #610)
[PRECOND BLOCK NORMS] U: 4.667e+04, V: 74.62, MU: 2049
[PRECOND BLOCK NORMS] PHI: 1.154e+04
[PRECOND BLOCK NORMS] W: 10.84, THETA: 2346
[PRECOND TIMING] W-THETA coupled solve: 6 ms (3321 columns)
[PRECOND DEBUG] Output preconditioned ||M⁻¹r|| = 4.816e+04 (α₀=0, ratio=1, α_eff=0)
[PRECOND DEBUG] Ratio ||M⁻¹r|| / ||r|| = 0.004143
[PRECOND DEBUG] Input residual ||r|| = 1.411e+07 (call #615)
[PRECOND BLOCK NORMS] U: 3.039e+04, V: 36.21, MU: 1295
[PRECOND BLOCK NORMS] PHI: 7276
[PRECOND BLOCK NORMS] W: 9.777, THETA: 1288
[PRECOND TIMING] W-THETA coupled solve: 5 ms (3321 columns)
[PRECOND DEBUG] Output preconditioned ||M⁻¹r|| = 3.13e+04 (α₀=0, ratio=1, α_eff=0)
[PRECOND DEBUG] Ratio ||M⁻¹r|| / ||r|| = 0.002219
[PRECOND DEBUG] Input residual ||r|| = 1.226e+07 (call #620)
[PRECOND BLOCK NORMS] U: 5e+04, V: 72, MU: 1982
[PRECOND BLOCK NORMS] PHI: 1.114e+04
[PRECOND BLOCK NORMS] W: 10.02, THETA: 1339
[PRECOND TIMING] W-THETA coupled solve: 5 ms (3321 columns)
[PRECOND DEBUG] Output preconditioned ||M⁻¹r|| = 5.127e+04 (α₀=0, ratio=1, α_eff=0)
[PRECOND DEBUG] Ratio ||M⁻¹r|| / ||r|| = 0.004181
[PRECOND DEBUG] Input residual ||r|| = 1.245e+07 (call #625)
[PRECOND BLOCK NORMS] U: 5.562e+04, V: 76.81, MU: 2032
[PRECOND BLOCK NORMS] PHI: 1.14e+04
[PRECOND BLOCK NORMS] W: 10.49, THETA: 1739
[PRECOND TIMING] W-THETA coupled solve: 5 ms (3321 columns)
[PRECOND DEBUG] Output preconditioned ||M⁻¹r|| = 5.684e+04 (α₀=0, ratio=1, α_eff=0)
[PRECOND DEBUG] Ratio ||M⁻¹r|| / ||r|| = 0.004566
[PRECOND DEBUG] Input residual ||r|| = 1.357e+07 (call #630)
[PRECOND BLOCK NORMS] U: 2.436e+04, V: 43.23, MU: 1268
[PRECOND BLOCK NORMS] PHI: 7115
[PRECOND BLOCK NORMS] W: 9.73, THETA: 1012
[PRECOND TIMING] W-THETA coupled solve: 5 ms (3321 columns)
[PRECOND DEBUG] Output preconditioned ||M⁻¹r|| = 2.543e+04 (α₀=0, ratio=1, α_eff=0)
[PRECOND DEBUG] Ratio ||M⁻¹r|| / ||r|| = 0.001874
[PRECOND DEBUG] Input residual ||r|| = 1.276e+07 (call #635)
[PRECOND BLOCK NORMS] U: 3.052e+04, V: 57.16, MU: 1390
[PRECOND BLOCK NORMS] PHI: 7806
[PRECOND BLOCK NORMS] W: 8.9, THETA: 983.5
[PRECOND TIMING] W-THETA coupled solve: 5 ms (3321 columns)
[PRECOND DEBUG] Output preconditioned ||M⁻¹r|| = 3.155e+04 (α₀=0, ratio=1, α_eff=0)
[PRECOND DEBUG] Ratio ||M⁻¹r|| / ||r|| = 0.002473
[PRECOND DEBUG] Input residual ||r|| = 1.282e+07 (call #640)
[PRECOND BLOCK NORMS] U: 2.844e+04, V: 53.85, MU: 1335
[PRECOND BLOCK NORMS] PHI: 7507
[PRECOND BLOCK NORMS] W: 8.538, THETA: 1086
[PRECOND TIMING] W-THETA coupled solve: 5 ms (3321 columns)
[PRECOND DEBUG] Output preconditioned ||M⁻¹r|| = 2.946e+04 (α₀=0, ratio=1, α_eff=0)
[PRECOND DEBUG] Ratio ||M⁻¹r|| / ||r|| = 0.002298
[PRECOND DEBUG] Input residual ||r|| = 1.159e+07 (call #645)
[PRECOND BLOCK NORMS] U: 3.269e+04, V: 63.7, MU: 1381
[PRECOND BLOCK NORMS] PHI: 7774
[PRECOND BLOCK NORMS] W: 11.63, THETA: 1285
[PRECOND TIMING] W-THETA coupled solve: 5 ms (3321 columns)
[PRECOND DEBUG] Output preconditioned ||M⁻¹r|| = 3.364e+04 (α₀=0, ratio=1, α_eff=0)
[PRECOND DEBUG] Ratio ||M⁻¹r|| / ||r|| = 0.002903
[PRECOND DEBUG] Input residual ||r|| = 1.318e+07 (call #650)
[PRECOND BLOCK NORMS] U: 3.332e+04, V: 56.49, MU: 1418
[PRECOND BLOCK NORMS] PHI: 7972
[PRECOND BLOCK NORMS] W: 8.99, THETA: 1274
[PRECOND TIMING] W-THETA coupled solve: 5 ms (3321 columns)
[PRECOND DEBUG] Output preconditioned ||M⁻¹r|| = 3.431e+04 (α₀=0, ratio=1, α_eff=0)
[PRECOND DEBUG] Ratio ||M⁻¹r|| / ||r|| = 0.002604
[PRECOND DEBUG] Input residual ||r|| = 1.241e+07 (call #655)
[PRECOND BLOCK NORMS] U: 3.34e+04, V: 58.32, MU: 1343
[PRECOND BLOCK NORMS] PHI: 7540
[PRECOND BLOCK NORMS] W: 10.56, THETA: 1699
[PRECOND TIMING] W-THETA coupled solve: 5 ms (3321 columns)
[PRECOND DEBUG] Output preconditioned ||M⁻¹r|| = 3.43e+04 (α₀=0, ratio=1, α_eff=0)
[PRECOND DEBUG] Ratio ||M⁻¹r|| / ||r|| = 0.002763
[PRECOND DEBUG] Input residual ||r|| = 9.468e+06 (call #660)
[PRECOND BLOCK NORMS] U: 5.339e+04, V: 92.09, MU: 1922
[PRECOND BLOCK NORMS] PHI: 1.08e+04
[PRECOND BLOCK NORMS] W: 13.38, THETA: 2331
[PRECOND TIMING] W-THETA coupled solve: 6 ms (3321 columns)
[PRECOND DEBUG] Output preconditioned ||M⁻¹r|| = 5.455e+04 (α₀=0, ratio=1, α_eff=0)
[PRECOND DEBUG] Ratio ||M⁻¹r|| / ||r|| = 0.005761
[PRECOND DEBUG] Input residual ||r|| = 1.375e+07 (call #665)
[PRECOND BLOCK NORMS] U: 2.37e+04, V: 47.54, MU: 1268
[PRECOND BLOCK NORMS] PHI: 7132
[PRECOND BLOCK NORMS] W: 7.208, THETA: 772.2
[PRECOND TIMING] W-THETA coupled solve: 6 ms (3321 columns)
[PRECOND DEBUG] Output preconditioned ||M⁻¹r|| = 2.479e+04 (α₀=0, ratio=1, α_eff=0)
[PRECOND DEBUG] Ratio ||M⁻¹r|| / ||r|| = 0.001803
[PRECOND DEBUG] Input residual ||r|| = 1.268e+07 (call #670)
[PRECOND BLOCK NORMS] U: 4.137e+04, V: 69.34, MU: 1757
[PRECOND BLOCK NORMS] PHI: 9890
[PRECOND BLOCK NORMS] W: 10.25, THETA: 1269
[PRECOND TIMING] W-THETA coupled solve: 6 ms (3321 columns)
[PRECOND DEBUG] Output preconditioned ||M⁻¹r|| = 4.258e+04 (α₀=0, ratio=1, α_eff=0)
[PRECOND DEBUG] Ratio ||M⁻¹r|| / ||r|| = 0.003359
[PRECOND DEBUG] Input residual ||r|| = 1.242e+07 (call #675)
[PRECOND BLOCK NORMS] U: 4.491e+04, V: 72.27, MU: 1811
[PRECOND BLOCK NORMS] PHI: 1.019e+04
[PRECOND BLOCK NORMS] W: 12.12, THETA: 1324
[PRECOND TIMING] W-THETA coupled solve: 9 ms (3321 columns)
[PRECOND DEBUG] Output preconditioned ||M⁻¹r|| = 4.61e+04 (α₀=0, ratio=1, α_eff=0)
[PRECOND DEBUG] Ratio ||M⁻¹r|| / ||r|| = 0.003711
[PRECOND DEBUG] Input residual ||r|| = 9.916e+06 (call #680)
[PRECOND BLOCK NORMS] U: 5.047e+04, V: 89.37, MU: 1874
[PRECOND BLOCK NORMS] PHI: 1.054e+04
[PRECOND BLOCK NORMS] W: 15.25, THETA: 2002
[PRECOND TIMING] W-THETA coupled solve: 5 ms (3321 columns)
[PRECOND DEBUG] Output preconditioned ||M⁻¹r|| = 5.162e+04 (α₀=0, ratio=1, α_eff=0)
[PRECOND DEBUG] Ratio ||M⁻¹r|| / ||r|| = 0.005206
[PRECOND DEBUG] Input residual ||r|| = 1.142e+07 (call #685)
[PRECOND BLOCK NORMS] U: 4.948e+04, V: 81.45, MU: 1904
[PRECOND BLOCK NORMS] PHI: 1.07e+04
[PRECOND BLOCK NORMS] W: 14.59, THETA: 1725
[PRECOND TIMING] W-THETA coupled solve: 5 ms (3321 columns)
[PRECOND DEBUG] Output preconditioned ||M⁻¹r|| = 5.068e+04 (α₀=0, ratio=1, α_eff=0)
[PRECOND DEBUG] Ratio ||M⁻¹r|| / ||r|| = 0.004437
[PRECOND DEBUG] Input residual ||r|| = 1.04e+07 (call #690)
[PRECOND BLOCK NORMS] U: 5.242e+04, V: 89.38, MU: 1960
[PRECOND BLOCK NORMS] PHI: 1.101e+04
[PRECOND BLOCK NORMS] W: 12.01, THETA: 1989
[PRECOND TIMING] W-THETA coupled solve: 5 ms (3321 columns)
[PRECOND DEBUG] Output preconditioned ||M⁻¹r|| = 5.363e+04 (α₀=0, ratio=1, α_eff=0)
[PRECOND DEBUG] Ratio ||M⁻¹r|| / ||r|| = 0.005158
[PRECOND DEBUG] Input residual ||r|| = 1.04e+07 (call #695)
[PRECOND BLOCK NORMS] U: 5.029e+04, V: 85.2, MU: 1873
[PRECOND BLOCK NORMS] PHI: 1.052e+04
[PRECOND BLOCK NORMS] W: 14.87, THETA: 2070
[PRECOND TIMING] W-THETA coupled solve: 5 ms (3321 columns)
[PRECOND DEBUG] Output preconditioned ||M⁻¹r|| = 5.144e+04 (α₀=0, ratio=1, α_eff=0)
[PRECOND DEBUG] Ratio ||M⁻¹r|| / ||r|| = 0.004944
[PRECOND DEBUG] Input residual ||r|| = 1.009e+07 (call #700)
[PRECOND BLOCK NORMS] U: 5.703e+04, V: 96.1, MU: 2137
[PRECOND BLOCK NORMS] PHI: 1.202e+04
[PRECOND BLOCK NORMS] W: 15.62, THETA: 2021
[PRECOND TIMING] W-THETA coupled solve: 6 ms (3321 columns)
[PRECOND DEBUG] Output preconditioned ||M⁻¹r|| = 5.835e+04 (α₀=0, ratio=1, α_eff=0)
[PRECOND DEBUG] Ratio ||M⁻¹r|| / ||r|| = 0.00578
[PRECOND DEBUG] Input residual ||r|| = 1.331e+07 (call #705)
[PRECOND BLOCK NORMS] U: 3.05e+04, V: 51.8, MU: 1373
[PRECOND BLOCK NORMS] PHI: 7715
[PRECOND BLOCK NORMS] W: 9.725, THETA: 1223
[PRECOND TIMING] W-THETA coupled solve: 6 ms (3321 columns)
[PRECOND DEBUG] Output preconditioned ||M⁻¹r|| = 3.151e+04 (α₀=0, ratio=1, α_eff=0)
[PRECOND DEBUG] Ratio ||M⁻¹r|| / ||r|| = 0.002367
[PRECOND DEBUG] Input residual ||r|| = 1.288e+07 (call #710)
[PRECOND BLOCK NORMS] U: 4.006e+04, V: 65.31, MU: 1700
[PRECOND BLOCK NORMS] PHI: 9567
[PRECOND BLOCK NORMS] W: 9.312, THETA: 1024
[PRECOND TIMING] W-THETA coupled solve: 6 ms (3321 columns)
[PRECOND DEBUG] Output preconditioned ||M⁻¹r|| = 4.123e+04 (α₀=0, ratio=1, α_eff=0)
[PRECOND DEBUG] Ratio ||M⁻¹r|| / ||r|| = 0.003201
[PRECOND DEBUG] Input residual ||r|| = 1.304e+07 (call #715)
[PRECOND BLOCK NORMS] U: 3.597e+04, V: 59.28, MU: 1537
[PRECOND BLOCK NORMS] PHI: 8645
[PRECOND BLOCK NORMS] W: 9.553, THETA: 1182
[PRECOND TIMING] W-THETA coupled solve: 6 ms (3321 columns)
[PRECOND DEBUG] Output preconditioned ||M⁻¹r|| = 3.704e+04 (α₀=0, ratio=1, α_eff=0)
[PRECOND DEBUG] Ratio ||M⁻¹r|| / ||r|| = 0.00284
[PRECOND DEBUG] Input residual ||r|| = 1.356e+07 (call #720)
[PRECOND BLOCK NORMS] U: 3.485e+04, V: 53.02, MU: 1552
[PRECOND BLOCK NORMS] PHI: 8732
[PRECOND BLOCK NORMS] W: 8.618, THETA: 862.7
[PRECOND TIMING] W-THETA coupled solve: 6 ms (3321 columns)
[PRECOND DEBUG] Output preconditioned ||M⁻¹r|| = 3.596e+04 (α₀=0, ratio=1, α_eff=0)
[PRECOND DEBUG] Ratio ||M⁻¹r|| / ||r|| = 0.002652
[PRECOND DEBUG] Input residual ||r|| = 1.334e+07 (call #725)
[PRECOND BLOCK NORMS] U: 3.554e+04, V: 58.06, MU: 1572
[PRECOND BLOCK NORMS] PHI: 8846
[PRECOND BLOCK NORMS] W: 8.247, THETA: 849.1
[PRECOND TIMING] W-THETA coupled solve: 6 ms (3321 columns)
[PRECOND DEBUG] Output preconditioned ||M⁻¹r|| = 3.667e+04 (α₀=0, ratio=1, α_eff=0)
[PRECOND DEBUG] Ratio ||M⁻¹r|| / ||r|| = 0.002748
[PRECOND DEBUG] Input residual ||r|| = 1.187e+07 (call #730)
[PRECOND BLOCK NORMS] U: 4.38e+04, V: 74.52, MU: 1712
[PRECOND BLOCK NORMS] PHI: 9626
[PRECOND BLOCK NORMS] W: 10.85, THETA: 1574
[PRECOND TIMING] W-THETA coupled solve: 6 ms (3321 columns)
[PRECOND DEBUG] Output preconditioned ||M⁻¹r|| = 4.49e+04 (α₀=0, ratio=1, α_eff=0)
[PRECOND DEBUG] Ratio ||M⁻¹r|| / ||r|| = 0.003782
[PRECOND DEBUG] Input residual ||r|| = 1.304e+07 (call #735)
[PRECOND BLOCK NORMS] U: 4.151e+04, V: 60.64, MU: 1711
[PRECOND BLOCK NORMS] PHI: 9625
[PRECOND BLOCK NORMS] W: 8.835, THETA: 1154
[PRECOND TIMING] W-THETA coupled solve: 5 ms (3321 columns)
[PRECOND DEBUG] Output preconditioned ||M⁻¹r|| = 4.265e+04 (α₀=0, ratio=1, α_eff=0)
[PRECOND DEBUG] Ratio ||M⁻¹r|| / ||r|| = 0.003271
[PRECOND DEBUG] Input residual ||r|| = 1.215e+07 (call #740)
[PRECOND BLOCK NORMS] U: 4.2e+04, V: 61.12, MU: 1627
[PRECOND BLOCK NORMS] PHI: 9141
[PRECOND BLOCK NORMS] W: 11.25, THETA: 1671
[PRECOND TIMING] W-THETA coupled solve: 6 ms (3321 columns)
[PRECOND DEBUG] Output preconditioned ||M⁻¹r|| = 4.304e+04 (α₀=0, ratio=1, α_eff=0)
[PRECOND DEBUG] Ratio ||M⁻¹r|| / ||r|| = 0.003542
[PRECOND DEBUG] Input residual ||r|| = 1.289e+07 (call #745)
[PRECOND BLOCK NORMS] U: 4.311e+04, V: 56.27, MU: 1754
[PRECOND BLOCK NORMS] PHI: 9868
[PRECOND BLOCK NORMS] W: 9.845, THETA: 1253
[PRECOND TIMING] W-THETA coupled solve: 6 ms (3321 columns)
[PRECOND DEBUG] Output preconditioned ||M⁻¹r|| = 4.427e+04 (α₀=0, ratio=1, α_eff=0)
[PRECOND DEBUG] Ratio ||M⁻¹r|| / ||r|| = 0.003435
[PRECOND DEBUG] Input residual ||r|| = 1.325e+07 (call #750)
[PRECOND BLOCK NORMS] U: 3.183e+04, V: 49.24, MU: 1432
[PRECOND BLOCK NORMS] PHI: 8055
[PRECOND BLOCK NORMS] W: 9.518, THETA: 974.4
[PRECOND TIMING] W-THETA coupled solve: 6 ms (3321 columns)
[PRECOND DEBUG] Output preconditioned ||M⁻¹r|| = 3.288e+04 (α₀=0, ratio=1, α_eff=0)
[PRECOND DEBUG] Ratio ||M⁻¹r|| / ||r|| = 0.002482
[PRECOND DEBUG] Input residual ||r|| = 9.639e+06 (call #755)
[PRECOND BLOCK NORMS] U: 6.333e+04, V: 85.45, MU: 2335
[PRECOND BLOCK NORMS] PHI: 1.314e+04
[PRECOND BLOCK NORMS] W: 13.74, THETA: 1985
[PRECOND TIMING] W-THETA coupled solve: 6 ms (3321 columns)
[PRECOND DEBUG] Output preconditioned ||M⁻¹r|| = 6.474e+04 (α₀=0, ratio=1, α_eff=0)
[PRECOND DEBUG] Ratio ||M⁻¹r|| / ||r|| = 0.006716
[PRECOND DEBUG] Input residual ||r|| = 1.227e+07 (call #760)
[PRECOND BLOCK NORMS] U: 4.357e+04, V: 64.14, MU: 1717
[PRECOND BLOCK NORMS] PHI: 9655
[PRECOND BLOCK NORMS] W: 10.61, THETA: 1500
[PRECOND TIMING] W-THETA coupled solve: 5 ms (3321 columns)
[PRECOND DEBUG] Output preconditioned ||M⁻¹r|| = 4.468e+04 (α₀=0, ratio=1, α_eff=0)
[PRECOND DEBUG] Ratio ||M⁻¹r|| / ||r|| = 0.003642
[PRECOND DEBUG] Input residual ||r|| = 1.079e+07 (call #765)
[PRECOND BLOCK NORMS] U: 5.293e+04, V: 78.81, MU: 1967
[PRECOND BLOCK NORMS] PHI: 1.106e+04
[PRECOND BLOCK NORMS] W: 11.88, THETA: 1904
[PRECOND TIMING] W-THETA coupled solve: 5 ms (3321 columns)
[PRECOND DEBUG] Output preconditioned ||M⁻¹r|| = 5.413e+04 (α₀=0, ratio=1, α_eff=0)
[PRECOND DEBUG] Ratio ||M⁻¹r|| / ||r|| = 0.005017
[PRECOND DEBUG] Input residual ||r|| = 1.282e+07 (call #770)
[PRECOND BLOCK NORMS] U: 3.827e+04, V: 56.5, MU: 1515
[PRECOND BLOCK NORMS] PHI: 8507
[PRECOND BLOCK NORMS] W: 10.68, THETA: 1638
[PRECOND TIMING] W-THETA coupled solve: 5 ms (3321 columns)
[PRECOND DEBUG] Output preconditioned ||M⁻¹r|| = 3.926e+04 (α₀=0, ratio=1, α_eff=0)
[PRECOND DEBUG] Ratio ||M⁻¹r|| / ||r|| = 0.003061
[PRECOND DEBUG] Input residual ||r|| = 1.33e+07 (call #775)
[PRECOND BLOCK NORMS] U: 3.601e+04, V: 49.39, MU: 1566
[PRECOND BLOCK NORMS] PHI: 8815
[PRECOND BLOCK NORMS] W: 10.3, THETA: 945.8
[PRECOND TIMING] W-THETA coupled solve: 5 ms (3321 columns)
[PRECOND DEBUG] Output preconditioned ||M⁻¹r|| = 3.711e+04 (α₀=0, ratio=1, α_eff=0)
[PRECOND DEBUG] Ratio ||M⁻¹r|| / ||r|| = 0.00279
[PRECOND DEBUG] Input residual ||r|| = 1.383e+07 (call #780)
[PRECOND BLOCK NORMS] U: 3.419e+04, V: 45.23, MU: 1516
[PRECOND BLOCK NORMS] PHI: 8530
[PRECOND BLOCK NORMS] W: 7.809, THETA: 847.8
[PRECOND TIMING] W-THETA coupled solve: 5 ms (3321 columns)
[PRECOND DEBUG] Output preconditioned ||M⁻¹r|| = 3.527e+04 (α₀=0, ratio=1, α_eff=0)
[PRECOND DEBUG] Ratio ||M⁻¹r|| / ||r|| = 0.002551
[PRECOND DEBUG] Input residual ||r|| = 1.215e+07 (call #785)
[PRECOND BLOCK NORMS] U: 3.823e+04, V: 58.24, MU: 1497
[PRECOND BLOCK NORMS] PHI: 8408
[PRECOND BLOCK NORMS] W: 11.12, THETA: 1671
[PRECOND TIMING] W-THETA coupled solve: 5 ms (3321 columns)
[PRECOND DEBUG] Output preconditioned ||M⁻¹r|| = 3.921e+04 (α₀=0, ratio=1, α_eff=0)
[PRECOND DEBUG] Ratio ||M⁻¹r|| / ||r|| = 0.003226
[PRECOND DEBUG] Input residual ||r|| = 1.291e+07 (call #790)
[PRECOND BLOCK NORMS] U: 3.182e+04, V: 47.86, MU: 1356
[PRECOND BLOCK NORMS] PHI: 7616
[PRECOND BLOCK NORMS] W: 9.917, THETA: 1337
[PRECOND TIMING] W-THETA coupled solve: 5 ms (3321 columns)
[PRECOND DEBUG] Output preconditioned ||M⁻¹r|| = 3.277e+04 (α₀=0, ratio=1, α_eff=0)
[PRECOND DEBUG] Ratio ||M⁻¹r|| / ||r|| = 0.002538
[PRECOND DEBUG] Input residual ||r|| = 1.216e+07 (call #795)
[PRECOND BLOCK NORMS] U: 4.268e+04, V: 60.47, MU: 1680
[PRECOND BLOCK NORMS] PHI: 9444
[PRECOND BLOCK NORMS] W: 10.51, THETA: 1586
[PRECOND TIMING] W-THETA coupled solve: 5 ms (3321 columns)
[PRECOND DEBUG] Output preconditioned ||M⁻¹r|| = 4.377e+04 (α₀=0, ratio=1, α_eff=0)
[PRECOND DEBUG] Ratio ||M⁻¹r|| / ||r|| = 0.003601
[GMRES] restart=1 j=191: hess_est=0.2316, true_err=0.2316
[GMRES BLOCK r/b] restart=1 j=191 ru=14.7258 rv=34.0239 rw=15.1103 ph=97.3092 t=19.9461 mu=1.2420
[FGMRES] NOT CONVERGED: ||x||=0.0151, ||r_true||=262.3140, ||b||=1039.4686, rel_error=0.2524, tol=0.0000, restarts=1, arnoldi=192 (block-scaled)
[GMRES BLOCK-SCALE] ru: ||r0||=466.6 → D_inv=0.002143
[GMRES BLOCK-SCALE] rv: ||r0||=463.9 → D_inv=0.002156
[GMRES BLOCK-SCALE] rw: ||r0||=464.6 → D_inv=0.002152
[GMRES BLOCK-SCALE] ph: ||r0||=464.6 → D_inv=0.002152
[GMRES BLOCK-SCALE] t: ||r0||=461 → D_inv=0.002169
[GMRES BLOCK-SCALE] mu: ||r0||=57.63 → D_inv=0.01735
[FGMRES] Z-basis memory budget: restart=192 x numel=1080491 => ~791.4 MiB per cycle
[GMRES REORTH] j=1 before=785.4 after1=539.5 after2=539.5 ratio=0.687
[PRECOND DEBUG] Input residual ||r|| = 1.096e+07 (call #800)
[PRECOND BLOCK NORMS] U: 6.275e+04, V: 38.87, MU: 2306
[PRECOND BLOCK NORMS] PHI: 1.3e+04
[PRECOND BLOCK NORMS] W: 9.681, THETA: 2739
[PRECOND TIMING] W-THETA coupled solve: 5 ms (3321 columns)
[PRECOND DEBUG] Output preconditioned ||M⁻¹r|| = 6.417e+04 (α₀=0, ratio=1, α_eff=0)
[PRECOND DEBUG] Ratio ||M⁻¹r|| / ||r|| = 0.005857
[GMRES REORTH] j=2 before=644.3 after1=418.3 after2=418.3 ratio=0.6493
[PRECOND DEBUG] Input residual ||r|| = 1.35e+07 (call #805)
[PRECOND BLOCK NORMS] U: 4.206e+04, V: 34.54, MU: 1346
[PRECOND BLOCK NORMS] PHI: 7534
[PRECOND BLOCK NORMS] W: 11.7, THETA: 2040
[PRECOND TIMING] W-THETA coupled solve: 5 ms (3321 columns)
[PRECOND DEBUG] Output preconditioned ||M⁻¹r|| = 4.279e+04 (α₀=0, ratio=1, α_eff=0)
[PRECOND DEBUG] Ratio ||M⁻¹r|| / ||r|| = 0.003169
[PRECOND DEBUG] Input residual ||r|| = 1.318e+07 (call #810)
[PRECOND BLOCK NORMS] U: 4.034e+04, V: 50.44, MU: 1588
[PRECOND BLOCK NORMS] PHI: 8914
[PRECOND BLOCK NORMS] W: 8.616, THETA: 1127
[PRECOND TIMING] W-THETA coupled solve: 6 ms (3321 columns)
[PRECOND DEBUG] Output preconditioned ||M⁻¹r|| = 4.136e+04 (α₀=0, ratio=1, α_eff=0)
[PRECOND DEBUG] Ratio ||M⁻¹r|| / ||r|| = 0.003139
[PRECOND DEBUG] Input residual ||r|| = 1.244e+07 (call #815)
[PRECOND BLOCK NORMS] U: 5.353e+04, V: 77.09, MU: 2003
[PRECOND BLOCK NORMS] PHI: 1.124e+04
[PRECOND BLOCK NORMS] W: 10.39, THETA: 1669
[PRECOND TIMING] W-THETA coupled solve: 6 ms (3321 columns)
[PRECOND DEBUG] Output preconditioned ||M⁻¹r|| = 5.475e+04 (α₀=0, ratio=1, α_eff=0)
[PRECOND DEBUG] Ratio ||M⁻¹r|| / ||r|| = 0.004401
[PRECOND DEBUG] Input residual ||r|| = 1.327e+07 (call #820)
[PRECOND BLOCK NORMS] U: 2.833e+04, V: 55.22, MU: 1389
[PRECOND BLOCK NORMS] PHI: 7813
[PRECOND BLOCK NORMS] W: 8.934, THETA: 957.8
[PRECOND TIMING] W-THETA coupled solve: 6 ms (3321 columns)
[PRECOND DEBUG] Output preconditioned ||M⁻¹r|| = 2.943e+04 (α₀=0, ratio=1, α_eff=0)
[PRECOND DEBUG] Ratio ||M⁻¹r|| / ||r|| = 0.002218
[PRECOND DEBUG] Input residual ||r|| = 1.323e+07 (call #825)
[PRECOND BLOCK NORMS] U: 2.921e+04, V: 51.37, MU: 1324
[PRECOND BLOCK NORMS] PHI: 7435
[PRECOND BLOCK NORMS] W: 8.895, THETA: 998.5
[PRECOND TIMING] W-THETA coupled solve: 6 ms (3321 columns)
[PRECOND DEBUG] Output preconditioned ||M⁻¹r|| = 3.019e+04 (α₀=0, ratio=1, α_eff=0)
[PRECOND DEBUG] Ratio ||M⁻¹r|| / ||r|| = 0.002281
[PRECOND DEBUG] Input residual ||r|| = 1.158e+07 (call #830)
[PRECOND BLOCK NORMS] U: 3.679e+04, V: 65.13, MU: 1486
[PRECOND BLOCK NORMS] PHI: 8353
[PRECOND BLOCK NORMS] W: 10.26, THETA: 1492
[PRECOND TIMING] W-THETA coupled solve: 6 ms (3321 columns)
[PRECOND DEBUG] Output preconditioned ||M⁻¹r|| = 3.778e+04 (α₀=0, ratio=1, α_eff=0)
[PRECOND DEBUG] Ratio ||M⁻¹r|| / ||r|| = 0.003262
[PRECOND DEBUG] Input residual ||r|| = 1.362e+07 (call #835)
[PRECOND BLOCK NORMS] U: 2.248e+04, V: 46.14, MU: 1193
[PRECOND BLOCK NORMS] PHI: 6711
[PRECOND BLOCK NORMS] W: 7.091, THETA: 794.4
[PRECOND TIMING] W-THETA coupled solve: 6 ms (3321 columns)
[PRECOND DEBUG] Output preconditioned ||M⁻¹r|| = 2.35e+04 (α₀=0, ratio=1, α_eff=0)
[PRECOND DEBUG] Ratio ||M⁻¹r|| / ||r|| = 0.001726
[PRECOND DEBUG] Input residual ||r|| = 1.127e+07 (call #840)
[PRECOND BLOCK NORMS] U: 4.564e+04, V: 79.48, MU: 1761
[PRECOND BLOCK NORMS] PHI: 9892
[PRECOND BLOCK NORMS] W: 11.88, THETA: 1824
[PRECOND TIMING] W-THETA coupled solve: 6 ms (3321 columns)
[PRECOND DEBUG] Output preconditioned ||M⁻¹r|| = 4.676e+04 (α₀=0, ratio=1, α_eff=0)
[PRECOND DEBUG] Ratio ||M⁻¹r|| / ||r|| = 0.00415
[PRECOND DEBUG] Input residual ||r|| = 1.01e+07 (call #845)
[PRECOND BLOCK NORMS] U: 4.376e+04, V: 81.43, MU: 1607
[PRECOND BLOCK NORMS] PHI: 9026
[PRECOND BLOCK NORMS] W: 12.08, THETA: 2118
[PRECOND TIMING] W-THETA coupled solve: 6 ms (3321 columns)
[PRECOND DEBUG] Output preconditioned ||M⁻¹r|| = 4.476e+04 (α₀=0, ratio=1, α_eff=0)
[PRECOND DEBUG] Ratio ||M⁻¹r|| / ||r|| = 0.004429
[PRECOND DEBUG] Input residual ||r|| = 1.403e+07 (call #850)
[PRECOND BLOCK NORMS] U: 1.76e+04, V: 37.42, MU: 1099
[PRECOND BLOCK NORMS] PHI: 6177
[PRECOND BLOCK NORMS] W: 7.551, THETA: 736.1
[PRECOND TIMING] W-THETA coupled solve: 6 ms (3321 columns)
[PRECOND DEBUG] Output preconditioned ||M⁻¹r|| = 1.869e+04 (α₀=0, ratio=1, α_eff=0)
[PRECOND DEBUG] Ratio ||M⁻¹r|| / ||r|| = 0.001332
[PRECOND DEBUG] Input residual ||r|| = 6.84e+06 (call #855)
[PRECOND BLOCK NORMS] U: 6.316e+04, V: 109.8, MU: 2210
[PRECOND BLOCK NORMS] PHI: 1.241e+04
[PRECOND BLOCK NORMS] W: 16.49, THETA: 2702
[PRECOND TIMING] W-THETA coupled solve: 5 ms (3321 columns)
[PRECOND DEBUG] Output preconditioned ||M⁻¹r|| = 6.446e+04 (α₀=0, ratio=1, α_eff=0)
[PRECOND DEBUG] Ratio ||M⁻¹r|| / ||r|| = 0.009424
[PRECOND DEBUG] Input residual ||r|| = 1.264e+07 (call #860)
[PRECOND BLOCK NORMS] U: 3.612e+04, V: 61.97, MU: 1494
[PRECOND BLOCK NORMS] PHI: 8395
[PRECOND BLOCK NORMS] W: 10.38, THETA: 1682
[PRECOND TIMING] W-THETA coupled solve: 6 ms (3321 columns)
[PRECOND DEBUG] Output preconditioned ||M⁻¹r|| = 3.715e+04 (α₀=0, ratio=1, α_eff=0)
[PRECOND DEBUG] Ratio ||M⁻¹r|| / ||r|| = 0.002939
[PRECOND DEBUG] Input residual ||r|| = 1.284e+07 (call #865)
[PRECOND BLOCK NORMS] U: 3.48e+04, V: 59.49, MU: 1479
[PRECOND BLOCK NORMS] PHI: 8306
[PRECOND BLOCK NORMS] W: 10.15, THETA: 1528
[PRECOND TIMING] W-THETA coupled solve: 6 ms (3321 columns)
[PRECOND DEBUG] Output preconditioned ||M⁻¹r|| = 3.584e+04 (α₀=0, ratio=1, α_eff=0)
[PRECOND DEBUG] Ratio ||M⁻¹r|| / ||r|| = 0.002791
[PRECOND DEBUG] Input residual ||r|| = 1.178e+07 (call #870)
[PRECOND BLOCK NORMS] U: 4.541e+04, V: 74.72, MU: 1740
[PRECOND BLOCK NORMS] PHI: 9778
[PRECOND BLOCK NORMS] W: 11.9, THETA: 1896
[PRECOND TIMING] W-THETA coupled solve: 5 ms (3321 columns)
[PRECOND DEBUG] Output preconditioned ||M⁻¹r|| = 4.651e+04 (α₀=0, ratio=1, α_eff=0)
[PRECOND DEBUG] Ratio ||M⁻¹r|| / ||r|| = 0.003948
[PRECOND DEBUG] Input residual ||r|| = 1.054e+07 (call #875)
[PRECOND BLOCK NORMS] U: 5.277e+04, V: 90.01, MU: 1967
[PRECOND BLOCK NORMS] PHI: 1.106e+04
[PRECOND BLOCK NORMS] W: 12.97, THETA: 1957
[PRECOND TIMING] W-THETA coupled solve: 5 ms (3321 columns)
[PRECOND DEBUG] Output preconditioned ||M⁻¹r|| = 5.398e+04 (α₀=0, ratio=1, α_eff=0)
[PRECOND DEBUG] Ratio ||M⁻¹r|| / ||r|| = 0.005119
[PRECOND DEBUG] Input residual ||r|| = 1.052e+07 (call #880)
[PRECOND BLOCK NORMS] U: 6.055e+04, V: 92.98, MU: 2240
[PRECOND BLOCK NORMS] PHI: 1.259e+04
[PRECOND BLOCK NORMS] W: 13.12, THETA: 2005
[PRECOND TIMING] W-THETA coupled solve: 6 ms (3321 columns)
[PRECOND DEBUG] Output preconditioned ||M⁻¹r|| = 6.191e+04 (α₀=0, ratio=1, α_eff=0)
[PRECOND DEBUG] Ratio ||M⁻¹r|| / ||r|| = 0.005883
[PRECOND DEBUG] Input residual ||r|| = 7.052e+06 (call #885)
[PRECOND BLOCK NORMS] U: 6.911e+04, V: 113.4, MU: 2438
[PRECOND BLOCK NORMS] PHI: 1.371e+04
[PRECOND BLOCK NORMS] W: 18.11, THETA: 2390
[PRECOND TIMING] W-THETA coupled solve: 5 ms (3321 columns)
[PRECOND DEBUG] Output preconditioned ||M⁻¹r|| = 7.052e+04 (α₀=0, ratio=1, α_eff=0)
[PRECOND DEBUG] Ratio ||M⁻¹r|| / ||r|| = 0.01
[PRECOND DEBUG] Input residual ||r|| = 1.329e+07 (call #890)
[PRECOND BLOCK NORMS] U: 3.392e+04, V: 60.13, MU: 1474
[PRECOND BLOCK NORMS] PHI: 8287
[PRECOND BLOCK NORMS] W: 10.23, THETA: 1213
[PRECOND TIMING] W-THETA coupled solve: 5 ms (3321 columns)
[PRECOND DEBUG] Output preconditioned ||M⁻¹r|| = 3.496e+04 (α₀=0, ratio=1, α_eff=0)
[PRECOND DEBUG] Ratio ||M⁻¹r|| / ||r|| = 0.002631
[PRECOND DEBUG] Input residual ||r|| = 1.294e+07 (call #895)
[PRECOND BLOCK NORMS] U: 3.804e+04, V: 63.86, MU: 1606
[PRECOND BLOCK NORMS] PHI: 9021
[PRECOND BLOCK NORMS] W: 9.74, THETA: 1444
[PRECOND TIMING] W-THETA coupled solve: 6 ms (3321 columns)
[PRECOND DEBUG] Output preconditioned ||M⁻¹r|| = 3.915e+04 (α₀=0, ratio=1, α_eff=0)
[PRECOND DEBUG] Ratio ||M⁻¹r|| / ||r|| = 0.003025
[PRECOND DEBUG] Input residual ||r|| = 1.321e+07 (call #900)
[PRECOND BLOCK NORMS] U: 3.267e+04, V: 55.07, MU: 1441
[PRECOND BLOCK NORMS] PHI: 8103
[PRECOND BLOCK NORMS] W: 9.867, THETA: 1203
[PRECOND TIMING] W-THETA coupled solve: 5 ms (3321 columns)
[PRECOND DEBUG] Output preconditioned ||M⁻¹r|| = 3.371e+04 (α₀=0, ratio=1, α_eff=0)
[PRECOND DEBUG] Ratio ||M⁻¹r|| / ||r|| = 0.002552
[PRECOND DEBUG] Input residual ||r|| = 1.305e+07 (call #905)
[PRECOND BLOCK NORMS] U: 3.587e+04, V: 63.06, MU: 1573
[PRECOND BLOCK NORMS] PHI: 8850
[PRECOND BLOCK NORMS] W: 8.06, THETA: 1074
[PRECOND TIMING] W-THETA coupled solve: 5 ms (3321 columns)
[PRECOND DEBUG] Output preconditioned ||M⁻¹r|| = 3.699e+04 (α₀=0, ratio=1, α_eff=0)
[PRECOND DEBUG] Ratio ||M⁻¹r|| / ||r|| = 0.002834
[PRECOND DEBUG] Input residual ||r|| = 1.362e+07 (call #910)
[PRECOND BLOCK NORMS] U: 2.856e+04, V: 47.23, MU: 1348
[PRECOND BLOCK NORMS] PHI: 7578
[PRECOND BLOCK NORMS] W: 9.385, THETA: 961.4
[PRECOND TIMING] W-THETA coupled solve: 5 ms (3321 columns)
[PRECOND DEBUG] Output preconditioned ||M⁻¹r|| = 2.96e+04 (α₀=0, ratio=1, α_eff=0)
[PRECOND DEBUG] Ratio ||M⁻¹r|| / ||r|| = 0.002172
[PRECOND DEBUG] Input residual ||r|| = 1.348e+07 (call #915)
[PRECOND BLOCK NORMS] U: 3.024e+04, V: 52.54, MU: 1394
[PRECOND BLOCK NORMS] PHI: 7837
[PRECOND BLOCK NORMS] W: 8.629, THETA: 985.4
[PRECOND TIMING] W-THETA coupled solve: 5 ms (3321 columns)
[PRECOND DEBUG] Output preconditioned ||M⁻¹r|| = 3.128e+04 (α₀=0, ratio=1, α_eff=0)
[PRECOND DEBUG] Ratio ||M⁻¹r|| / ||r|| = 0.00232
[PRECOND DEBUG] Input residual ||r|| = 1.333e+07 (call #920)
[PRECOND BLOCK NORMS] U: 3.352e+04, V: 60.96, MU: 1515
[PRECOND BLOCK NORMS] PHI: 8529
[PRECOND BLOCK NORMS] W: 7.663, THETA: 817
[PRECOND TIMING] W-THETA coupled solve: 5 ms (3321 columns)
[PRECOND DEBUG] Output preconditioned ||M⁻¹r|| = 3.463e+04 (α₀=0, ratio=1, α_eff=0)
[PRECOND DEBUG] Ratio ||M⁻¹r|| / ||r|| = 0.002598
[PRECOND DEBUG] Input residual ||r|| = 1.332e+07 (call #925)
[PRECOND BLOCK NORMS] U: 3.173e+04, V: 47.02, MU: 1434
[PRECOND BLOCK NORMS] PHI: 8065
[PRECOND BLOCK NORMS] W: 10.08, THETA: 978.1
[PRECOND TIMING] W-THETA coupled solve: 5 ms (3321 columns)
[PRECOND DEBUG] Output preconditioned ||M⁻¹r|| = 3.279e+04 (α₀=0, ratio=1, α_eff=0)
[PRECOND DEBUG] Ratio ||M⁻¹r|| / ||r|| = 0.002461
[PRECOND DEBUG] Input residual ||r|| = 1.249e+07 (call #930)
[PRECOND BLOCK NORMS] U: 4.4e+04, V: 73.33, MU: 1781
[PRECOND BLOCK NORMS] PHI: 1.002e+04
[PRECOND BLOCK NORMS] W: 9.109, THETA: 1287
[PRECOND TIMING] W-THETA coupled solve: 6 ms (3321 columns)
[PRECOND DEBUG] Output preconditioned ||M⁻¹r|| = 4.518e+04 (α₀=0, ratio=1, α_eff=0)
[PRECOND DEBUG] Ratio ||M⁻¹r|| / ||r|| = 0.003618
[PRECOND DEBUG] Input residual ||r|| = 1.017e+07 (call #935)
[PRECOND BLOCK NORMS] U: 6.314e+04, V: 79.78, MU: 2332
[PRECOND BLOCK NORMS] PHI: 1.312e+04
[PRECOND BLOCK NORMS] W: 13.89, THETA: 1757
[PRECOND TIMING] W-THETA coupled solve: 6 ms (3321 columns)
[PRECOND DEBUG] Output preconditioned ||M⁻¹r|| = 6.455e+04 (α₀=0, ratio=1, α_eff=0)
[PRECOND DEBUG] Ratio ||M⁻¹r|| / ||r|| = 0.006346
[PRECOND DEBUG] Input residual ||r|| = 1.251e+07 (call #940)
[PRECOND BLOCK NORMS] U: 4.869e+04, V: 65.6, MU: 1934
[PRECOND BLOCK NORMS] PHI: 1.089e+04
[PRECOND BLOCK NORMS] W: 10.08, THETA: 1153
[PRECOND TIMING] W-THETA coupled solve: 6 ms (3321 columns)
[PRECOND DEBUG] Output preconditioned ||M⁻¹r|| = 4.993e+04 (α₀=0, ratio=1, α_eff=0)
[PRECOND DEBUG] Ratio ||M⁻¹r|| / ||r|| = 0.003991
[PRECOND DEBUG] Input residual ||r|| = 1.311e+07 (call #945)
[PRECOND BLOCK NORMS] U: 3.881e+04, V: 55.02, MU: 1652
[PRECOND BLOCK NORMS] PHI: 9292
[PRECOND BLOCK NORMS] W: 9.499, THETA: 1261
[PRECOND TIMING] W-THETA coupled solve: 5 ms (3321 columns)
[PRECOND DEBUG] Output preconditioned ||M⁻¹r|| = 3.996e+04 (α₀=0, ratio=1, α_eff=0)
[PRECOND DEBUG] Ratio ||M⁻¹r|| / ||r|| = 0.003048
[PRECOND DEBUG] Input residual ||r|| = 1.229e+07 (call #950)
[PRECOND BLOCK NORMS] U: 3.837e+04, V: 57.66, MU: 1559
[PRECOND BLOCK NORMS] PHI: 8762
[PRECOND BLOCK NORMS] W: 10.44, THETA: 1540
[PRECOND TIMING] W-THETA coupled solve: 5 ms (3321 columns)
[PRECOND DEBUG] Output preconditioned ||M⁻¹r|| = 3.941e+04 (α₀=0, ratio=1, α_eff=0)
[PRECOND DEBUG] Ratio ||M⁻¹r|| / ||r|| = 0.003206
[PRECOND DEBUG] Input residual ||r|| = 1.172e+07 (call #955)
[PRECOND BLOCK NORMS] U: 4.615e+04, V: 63.31, MU: 1775
[PRECOND BLOCK NORMS] PHI: 9976
[PRECOND BLOCK NORMS] W: 10.89, THETA: 1712
[PRECOND TIMING] W-THETA coupled solve: 5 ms (3321 columns)
[PRECOND DEBUG] Output preconditioned ||M⁻¹r|| = 4.727e+04 (α₀=0, ratio=1, α_eff=0)
[PRECOND DEBUG] Ratio ||M⁻¹r|| / ||r|| = 0.004035
[PRECOND DEBUG] Input residual ||r|| = 1.144e+07 (call #960)
[PRECOND BLOCK NORMS] U: 4.787e+04, V: 68.89, MU: 1790
[PRECOND BLOCK NORMS] PHI: 1.006e+04
[PRECOND BLOCK NORMS] W: 11.47, THETA: 1916
[PRECOND TIMING] W-THETA coupled solve: 6 ms (3321 columns)
[PRECOND DEBUG] Output preconditioned ||M⁻¹r|| = 4.898e+04 (α₀=0, ratio=1, α_eff=0)
[PRECOND DEBUG] Ratio ||M⁻¹r|| / ||r|| = 0.004282
[PRECOND DEBUG] Input residual ||r|| = 1.25e+07 (call #965)
[PRECOND BLOCK NORMS] U: 3.558e+04, V: 56.9, MU: 1422
[PRECOND BLOCK NORMS] PHI: 7983
[PRECOND BLOCK NORMS] W: 11.04, THETA: 1681
[PRECOND TIMING] W-THETA coupled solve: 5 ms (3321 columns)
[PRECOND DEBUG] Output preconditioned ||M⁻¹r|| = 3.653e+04 (α₀=0, ratio=1, α_eff=0)
[PRECOND DEBUG] Ratio ||M⁻¹r|| / ||r|| = 0.002921
[PRECOND DEBUG] Input residual ||r|| = 1.094e+07 (call #970)
[PRECOND BLOCK NORMS] U: 5.388e+04, V: 79.68, MU: 1987
[PRECOND BLOCK NORMS] PHI: 1.118e+04
[PRECOND BLOCK NORMS] W: 12.88, THETA: 1936
[PRECOND TIMING] W-THETA coupled solve: 5 ms (3321 columns)
[PRECOND DEBUG] Output preconditioned ||M⁻¹r|| = 5.509e+04 (α₀=0, ratio=1, α_eff=0)
[PRECOND DEBUG] Ratio ||M⁻¹r|| / ||r|| = 0.005034
[PRECOND DEBUG] Input residual ||r|| = 1.082e+07 (call #975)
[PRECOND BLOCK NORMS] U: 5.453e+04, V: 87.31, MU: 2008
[PRECOND BLOCK NORMS] PHI: 1.129e+04
[PRECOND BLOCK NORMS] W: 12.52, THETA: 2035
[PRECOND TIMING] W-THETA coupled solve: 5 ms (3321 columns)
[PRECOND DEBUG] Output preconditioned ||M⁻¹r|| = 5.575e+04 (α₀=0, ratio=1, α_eff=0)
[PRECOND DEBUG] Ratio ||M⁻¹r|| / ||r|| = 0.005153
[PRECOND DEBUG] Input residual ||r|| = 1.186e+07 (call #980)
[PRECOND BLOCK NORMS] U: 4.563e+04, V: 70.76, MU: 1718
[PRECOND BLOCK NORMS] PHI: 9660
[PRECOND BLOCK NORMS] W: 11.97, THETA: 1783
[PRECOND TIMING] W-THETA coupled solve: 5 ms (3321 columns)
[PRECOND DEBUG] Output preconditioned ||M⁻¹r|| = 4.67e+04 (α₀=0, ratio=1, α_eff=0)
[PRECOND DEBUG] Ratio ||M⁻¹r|| / ||r|| = 0.003938
[PRECOND DEBUG] Input residual ||r|| = 1.123e+07 (call #985)
[PRECOND BLOCK NORMS] U: 4.949e+04, V: 68.51, MU: 1852
[PRECOND BLOCK NORMS] PHI: 1.041e+04
[PRECOND BLOCK NORMS] W: 12.29, THETA: 1862
[PRECOND TIMING] W-THETA coupled solve: 5 ms (3321 columns)
[PRECOND DEBUG] Output preconditioned ||M⁻¹r|| = 5.064e+04 (α₀=0, ratio=1, α_eff=0)
[PRECOND DEBUG] Ratio ||M⁻¹r|| / ||r|| = 0.004508
[GMRES] restart=1 j=191: hess_est=0.2316, true_err=0.2316
[GMRES BLOCK r/b] restart=1 j=191 ru=14.7258 rv=34.0239 rw=15.1103 ph=97.3092 t=19.9461 mu=1.2420
[FGMRES] NOT CONVERGED: ||x||=0.0151, ||r_true||=262.3140, ||b||=1039.4686, rel_error=0.2524, tol=0.0000, restarts=1, arnoldi=192 (block-scaled)
[GMRES BLOCK-SCALE] ru: ||r0||=466.6 → D_inv=0.002143
[GMRES BLOCK-SCALE] rv: ||r0||=463.9 → D_inv=0.002156
[GMRES BLOCK-SCALE] rw: ||r0||=464.6 → D_inv=0.002152
[GMRES BLOCK-SCALE] ph: ||r0||=464.6 → D_inv=0.002152
[GMRES BLOCK-SCALE] t: ||r0||=461 → D_inv=0.002169
[GMRES BLOCK-SCALE] mu: ||r0||=57.63 → D_inv=0.01735
[FGMRES] Z-basis memory budget: restart=192 x numel=1080491 => ~791.4 MiB per cycle
[GMRES REORTH] j=1 before=844 after1=527.8 after2=527.8 ratio=0.6253
[GMRES REORTH] j=2 before=681.9 after1=411.5 after2=411.5 ratio=0.6034
[GMRES] restart=1 j=191: hess_est=0.2202, true_err=0.2202
[GMRES BLOCK r/b] restart=1 j=191 ru=12.5107 rv=29.8769 rw=13.9050 ph=93.6122 t=19.1776 mu=1.1264
[FGMRES] NOT CONVERGED: ||x||=0.0148, ||r_true||=249.4806, ||b||=1039.4686, rel_error=0.2400, tol=0.0000, restarts=1, arnoldi=192 (block-scaled)
[GMRES BLOCK-SCALE] ru: ||r0||=466.6 → D_inv=0.002143
[GMRES BLOCK-SCALE] rv: ||r0||=463.9 → D_inv=0.002156
[GMRES BLOCK-SCALE] rw: ||r0||=464.6 → D_inv=0.002152
[GMRES BLOCK-SCALE] ph: ||r0||=464.6 → D_inv=0.002152
[GMRES BLOCK-SCALE] t: ||r0||=461 → D_inv=0.002169
[GMRES BLOCK-SCALE] mu: ||r0||=57.63 → D_inv=0.01735
[FGMRES] Z-basis memory budget: restart=192 x numel=1080491 => ~791.4 MiB per cycle
[PRECOND DEBUG] Input residual ||r|| = 6.029e+06 (call #990)
[PRECOND BLOCK NORMS] U: 1.453e+05, V: 153.3, MU: 4807
[PRECOND BLOCK NORMS] PHI: 2.711e+04
[PRECOND BLOCK NORMS] W: 28.92, THETA: 4297
[PRECOND TIMING] W-THETA coupled solve: 5 ms (3321 columns)
[PRECOND DEBUG] Output preconditioned ||M⁻¹r|| = 1.48e+05 (α₀=0, ratio=1, α_eff=0)
[PRECOND DEBUG] Ratio ||M⁻¹r|| / ||r|| = 0.02454
[GMRES REORTH] j=1 before=148.8 after1=81.48 after2=81.48 ratio=0.5475
[GMRES REORTH] j=2 before=119.4 after1=75.79 after2=75.79 ratio=0.635
[PRECOND DEBUG] Input residual ||r|| = 2.382e+06 (call #995)
[PRECOND BLOCK NORMS] U: 8.267e+04, V: 106.6, MU: 2941
[PRECOND BLOCK NORMS] PHI: 1.649e+04
[PRECOND BLOCK NORMS] W: 21.91, THETA: 2769
[PRECOND TIMING] W-THETA coupled solve: 5 ms (3321 columns)
[PRECOND DEBUG] Output preconditioned ||M⁻¹r|| = 8.439e+04 (α₀=0, ratio=1, α_eff=0)
[PRECOND DEBUG] Ratio ||M⁻¹r|| / ||r|| = 0.03543
[PRECOND DEBUG] Input residual ||r|| = 7.181e+05 (call #1000)
[PRECOND BLOCK NORMS] U: 3.935e+04, V: 95.43, MU: 1409
[PRECOND BLOCK NORMS] PHI: 7910
[PRECOND BLOCK NORMS] W: 7.195, THETA: 1088
[PRECOND TIMING] W-THETA coupled solve: 5 ms (3321 columns)
[PRECOND DEBUG] Output preconditioned ||M⁻¹r|| = 4.017e+04 (α₀=0, ratio=1, α_eff=0)
[PRECOND DEBUG] Ratio ||M⁻¹r|| / ||r|| = 0.05594
[PRECOND DEBUG] Input residual ||r|| = 1.065e+06 (call #1005)
[PRECOND BLOCK NORMS] U: 1.313e+04, V: 90.1, MU: 461.1
[PRECOND BLOCK NORMS] PHI: 2583
[PRECOND BLOCK NORMS] W: 6.087, THETA: 592.3
[PRECOND TIMING] W-THETA coupled solve: 5 ms (3321 columns)
[PRECOND DEBUG] Output preconditioned ||M⁻¹r|| = 1.34e+04 (α₀=0, ratio=1, α_eff=0)
[PRECOND DEBUG] Ratio ||M⁻¹r|| / ||r|| = 0.01258
[PRECOND DEBUG] Input residual ||r|| = 7.841e+05 (call #1010)
[PRECOND BLOCK NORMS] U: 1.797e+04, V: 93.27, MU: 650.3
[PRECOND BLOCK NORMS] PHI: 3648
[PRECOND BLOCK NORMS] W: 9.506, THETA: 974.7
[PRECOND TIMING] W-THETA coupled solve: 5 ms (3321 columns)
[PRECOND DEBUG] Output preconditioned ||M⁻¹r|| = 1.837e+04 (α₀=0, ratio=1, α_eff=0)
[PRECOND DEBUG] Ratio ||M⁻¹r|| / ||r|| = 0.02343
[PRECOND DEBUG] Input residual ||r|| = 1.501e+06 (call #1015)
[PRECOND BLOCK NORMS] U: 2.009e+04, V: 89.54, MU: 683
[PRECOND BLOCK NORMS] PHI: 3830
[PRECOND BLOCK NORMS] W: 18.86, THETA: 1114
[PRECOND TIMING] W-THETA coupled solve: 6 ms (3321 columns)
[PRECOND DEBUG] Output preconditioned ||M⁻¹r|| = 2.049e+04 (α₀=0, ratio=1, α_eff=0)
[PRECOND DEBUG] Ratio ||M⁻¹r|| / ||r|| = 0.01365
[PRECOND DEBUG] Input residual ||r|| = 1.77e+06 (call #1020)
[PRECOND BLOCK NORMS] U: 2.732e+04, V: 88.45, MU: 982.7
[PRECOND BLOCK NORMS] PHI: 5511
[PRECOND BLOCK NORMS] W: 23.15, THETA: 2547
[PRECOND TIMING] W-THETA coupled solve: 5 ms (3321 columns)
[PRECOND DEBUG] Output preconditioned ||M⁻¹r|| = 2.8e+04 (α₀=0, ratio=1, α_eff=0)
[PRECOND DEBUG] Ratio ||M⁻¹r|| / ||r|| = 0.01582
[PRECOND DEBUG] Input residual ||r|| = 1.389e+06 (call #1025)
[PRECOND BLOCK NORMS] U: 3.05e+04, V: 78.53, MU: 984
[PRECOND BLOCK NORMS] PHI: 5566
[PRECOND BLOCK NORMS] W: 18.87, THETA: 4503
[PRECOND TIMING] W-THETA coupled solve: 5 ms (3321 columns)
[PRECOND DEBUG] Output preconditioned ||M⁻¹r|| = 3.134e+04 (α₀=0, ratio=1, α_eff=0)
[PRECOND DEBUG] Ratio ||M⁻¹r|| / ||r|| = 0.02256
[PRECOND DEBUG] Input residual ||r|| = 2.722e+06 (call #1030)
[PRECOND BLOCK NORMS] U: 8.487e+04, V: 110.2, MU: 3199
[PRECOND BLOCK NORMS] PHI: 1.797e+04
[PRECOND BLOCK NORMS] W: 34.29, THETA: 2159
[PRECOND TIMING] W-THETA coupled solve: 5 ms (3321 columns)
[PRECOND DEBUG] Output preconditioned ||M⁻¹r|| = 8.683e+04 (α₀=0, ratio=1, α_eff=0)
[PRECOND DEBUG] Ratio ||M⁻¹r|| / ||r|| = 0.0319
[PRECOND DEBUG] Input residual ||r|| = 2.371e+06 (call #1035)
[PRECOND BLOCK NORMS] U: 1.163e+05, V: 140.9, MU: 4442
[PRECOND BLOCK NORMS] PHI: 2.496e+04
[PRECOND BLOCK NORMS] W: 31.91, THETA: 2411
[PRECOND TIMING] W-THETA coupled solve: 5 ms (3321 columns)
[PRECOND DEBUG] Output preconditioned ||M⁻¹r|| = 1.191e+05 (α₀=0, ratio=1, α_eff=0)
[PRECOND DEBUG] Ratio ||M⁻¹r|| / ||r|| = 0.05022
[PRECOND DEBUG] Input residual ||r|| = 2.143e+06 (call #1040)
[PRECOND BLOCK NORMS] U: 1.325e+05, V: 153.7, MU: 5078
[PRECOND BLOCK NORMS] PHI: 2.853e+04
[PRECOND BLOCK NORMS] W: 29.46, THETA: 4105
[PRECOND TIMING] W-THETA coupled solve: 5 ms (3321 columns)
[PRECOND DEBUG] Output preconditioned ||M⁻¹r|| = 1.357e+05 (α₀=0, ratio=1, α_eff=0)
[PRECOND DEBUG] Ratio ||M⁻¹r|| / ||r|| = 0.06333
[PRECOND DEBUG] Input residual ||r|| = 1.764e+06 (call #1045)
[PRECOND BLOCK NORMS] U: 1.309e+05, V: 153.5, MU: 4974
[PRECOND BLOCK NORMS] PHI: 2.795e+04
[PRECOND BLOCK NORMS] W: 21.92, THETA: 3597
[PRECOND TIMING] W-THETA coupled solve: 6 ms (3321 columns)
[PRECOND DEBUG] Output preconditioned ||M⁻¹r|| = 1.34e+05 (α₀=0, ratio=1, α_eff=0)
[PRECOND DEBUG] Ratio ||M⁻¹r|| / ||r|| = 0.07593
[PRECOND DEBUG] Input residual ||r|| = 1.866e+06 (call #1050)
[PRECOND BLOCK NORMS] U: 1.53e+05, V: 171, MU: 5678
[PRECOND BLOCK NORMS] PHI: 3.191e+04
[PRECOND BLOCK NORMS] W: 27.95, THETA: 3812
[PRECOND TIMING] W-THETA coupled solve: 5 ms (3321 columns)
[PRECOND DEBUG] Output preconditioned ||M⁻¹r|| = 1.564e+05 (α₀=0, ratio=1, α_eff=0)
[PRECOND DEBUG] Ratio ||M⁻¹r|| / ||r|| = 0.08381
[PRECOND DEBUG] Input residual ||r|| = 1.464e+06 (call #1055)
[PRECOND BLOCK NORMS] U: 2.218e+05, V: 231.3, MU: 8290
[PRECOND BLOCK NORMS] PHI: 4.659e+04
[PRECOND BLOCK NORMS] W: 23.57, THETA: 4672
[PRECOND TIMING] W-THETA coupled solve: 6 ms (3321 columns)
[PRECOND DEBUG] Output preconditioned ||M⁻¹r|| = 2.269e+05 (α₀=0, ratio=1, α_eff=0)
[PRECOND DEBUG] Ratio ||M⁻¹r|| / ||r|| = 0.1549
[PRECOND DEBUG] Input residual ||r|| = 3.154e+06 (call #1060)
[PRECOND BLOCK NORMS] U: 1.243e+05, V: 130.1, MU: 4501
[PRECOND BLOCK NORMS] PHI: 2.527e+04
[PRECOND BLOCK NORMS] W: 39.55, THETA: 5866
[PRECOND TIMING] W-THETA coupled solve: 6 ms (3321 columns)
[PRECOND DEBUG] Output preconditioned ||M⁻¹r|| = 1.271e+05 (α₀=0, ratio=1, α_eff=0)
[PRECOND DEBUG] Ratio ||M⁻¹r|| / ||r|| = 0.04029
[PRECOND DEBUG] Input residual ||r|| = 1.984e+06 (call #1065)
[PRECOND BLOCK NORMS] U: 1.529e+05, V: 167.6, MU: 5666
[PRECOND BLOCK NORMS] PHI: 3.184e+04
[PRECOND BLOCK NORMS] W: 24.51, THETA: 5305
[PRECOND TIMING] W-THETA coupled solve: 5 ms (3321 columns)
[PRECOND DEBUG] Output preconditioned ||M⁻¹r|| = 1.563e+05 (α₀=0, ratio=1, α_eff=0)
[PRECOND DEBUG] Ratio ||M⁻¹r|| / ||r|| = 0.07882
[PRECOND DEBUG] Input residual ||r|| = 2.463e+06 (call #1070)
[PRECOND BLOCK NORMS] U: 1.096e+05, V: 118.5, MU: 3755
[PRECOND BLOCK NORMS] PHI: 2.11e+04
[PRECOND BLOCK NORMS] W: 39.11, THETA: 6224
[PRECOND TIMING] W-THETA coupled solve: 5 ms (3321 columns)
[PRECOND DEBUG] Output preconditioned ||M⁻¹r|| = 1.118e+05 (α₀=0, ratio=1, α_eff=0)
[PRECOND DEBUG] Ratio ||M⁻¹r|| / ||r|| = 0.04541
[PRECOND DEBUG] Input residual ||r|| = 2.47e+06 (call #1075)
[PRECOND BLOCK NORMS] U: 1.046e+05, V: 118.5, MU: 3864
[PRECOND BLOCK NORMS] PHI: 2.172e+04
[PRECOND BLOCK NORMS] W: 36.45, THETA: 6023
[PRECOND TIMING] W-THETA coupled solve: 5 ms (3321 columns)
[PRECOND DEBUG] Output preconditioned ||M⁻¹r|| = 1.07e+05 (α₀=0, ratio=1, α_eff=0)
[PRECOND DEBUG] Ratio ||M⁻¹r|| / ||r|| = 0.04334
[PRECOND DEBUG] Input residual ||r|| = 2.951e+06 (call #1080)
[PRECOND BLOCK NORMS] U: 9.521e+04, V: 131.7, MU: 4381
[PRECOND BLOCK NORMS] PHI: 2.461e+04
[PRECOND BLOCK NORMS] W: 34.3, THETA: 5560
[PRECOND TIMING] W-THETA coupled solve: 6 ms (3321 columns)
[PRECOND DEBUG] Output preconditioned ||M⁻¹r|| = 9.856e+04 (α₀=0, ratio=1, α_eff=0)
[PRECOND DEBUG] Ratio ||M⁻¹r|| / ||r|| = 0.0334
[PRECOND DEBUG] Input residual ||r|| = 2.818e+06 (call #1085)
[PRECOND BLOCK NORMS] U: 8.817e+04, V: 125.2, MU: 4080
[PRECOND BLOCK NORMS] PHI: 2.292e+04
[PRECOND BLOCK NORMS] W: 48.45, THETA: 5724
[PRECOND TIMING] W-THETA coupled solve: 5 ms (3321 columns)
[PRECOND DEBUG] Output preconditioned ||M⁻¹r|| = 9.136e+04 (α₀=0, ratio=1, α_eff=0)
[PRECOND DEBUG] Ratio ||M⁻¹r|| / ||r|| = 0.03242
[PRECOND DEBUG] Input residual ||r|| = 3.838e+06 (call #1090)
[PRECOND BLOCK NORMS] U: 7.81e+04, V: 104, MU: 3407
[PRECOND BLOCK NORMS] PHI: 1.913e+04
[PRECOND BLOCK NORMS] W: 47.39, THETA: 5912
[PRECOND TIMING] W-THETA coupled solve: 5 ms (3321 columns)
[PRECOND DEBUG] Output preconditioned ||M⁻¹r|| = 8.069e+04 (α₀=0, ratio=1, α_eff=0)
[PRECOND DEBUG] Ratio ||M⁻¹r|| / ||r|| = 0.02102
[PRECOND DEBUG] Input residual ||r|| = 3.34e+06 (call #1095)
[PRECOND BLOCK NORMS] U: 1.205e+05, V: 126.7, MU: 4355
[PRECOND BLOCK NORMS] PHI: 2.449e+04
[PRECOND BLOCK NORMS] W: 61.87, THETA: 5284
[PRECOND TIMING] W-THETA coupled solve: 5 ms (3321 columns)
[PRECOND DEBUG] Output preconditioned ||M⁻¹r|| = 1.232e+05 (α₀=0, ratio=1, α_eff=0)
[PRECOND DEBUG] Ratio ||M⁻¹r|| / ||r|| = 0.03688
[PRECOND DEBUG] Input residual ||r|| = 3.835e+06 (call #1100)
[PRECOND BLOCK NORMS] U: 1.146e+05, V: 117, MU: 3945
[PRECOND BLOCK NORMS] PHI: 2.216e+04
[PRECOND BLOCK NORMS] W: 48.26, THETA: 5159
[PRECOND TIMING] W-THETA coupled solve: 5 ms (3321 columns)
[PRECOND DEBUG] Output preconditioned ||M⁻¹r|| = 1.169e+05 (α₀=0, ratio=1, α_eff=0)
[PRECOND DEBUG] Ratio ||M⁻¹r|| / ||r|| = 0.03047
[PRECOND DEBUG] Input residual ||r|| = 3.277e+06 (call #1105)
[PRECOND BLOCK NORMS] U: 1.173e+05, V: 120.8, MU: 3908
[PRECOND BLOCK NORMS] PHI: 2.196e+04
[PRECOND BLOCK NORMS] W: 39.63, THETA: 4677
[PRECOND TIMING] W-THETA coupled solve: 6 ms (3321 columns)
[PRECOND DEBUG] Output preconditioned ||M⁻¹r|| = 1.195e+05 (α₀=0, ratio=1, α_eff=0)
[PRECOND DEBUG] Ratio ||M⁻¹r|| / ||r|| = 0.03647
[PRECOND DEBUG] Input residual ||r|| = 3.468e+06 (call #1110)
[PRECOND BLOCK NORMS] U: 1.175e+05, V: 121.2, MU: 4067
[PRECOND BLOCK NORMS] PHI: 2.287e+04
[PRECOND BLOCK NORMS] W: 47.97, THETA: 4977
[PRECOND TIMING] W-THETA coupled solve: 6 ms (3321 columns)
[PRECOND DEBUG] Output preconditioned ||M⁻¹r|| = 1.198e+05 (α₀=0, ratio=1, α_eff=0)
[PRECOND DEBUG] Ratio ||M⁻¹r|| / ||r|| = 0.03455
[PRECOND DEBUG] Input residual ||r|| = 3.216e+06 (call #1115)
[PRECOND BLOCK NORMS] U: 1.4e+05, V: 141.3, MU: 4867
[PRECOND BLOCK NORMS] PHI: 2.737e+04
[PRECOND BLOCK NORMS] W: 53.07, THETA: 4850
[PRECOND TIMING] W-THETA coupled solve: 6 ms (3321 columns)
[PRECOND DEBUG] Output preconditioned ||M⁻¹r|| = 1.428e+05 (α₀=0, ratio=1, α_eff=0)
[PRECOND DEBUG] Ratio ||M⁻¹r|| / ||r|| = 0.0444
[PRECOND DEBUG] Input residual ||r|| = 3.439e+06 (call #1120)
[PRECOND BLOCK NORMS] U: 1.093e+05, V: 119.9, MU: 4051
[PRECOND BLOCK NORMS] PHI: 2.276e+04
[PRECOND BLOCK NORMS] W: 46.32, THETA: 5142
[PRECOND TIMING] W-THETA coupled solve: 6 ms (3321 columns)
[PRECOND DEBUG] Output preconditioned ||M⁻¹r|| = 1.118e+05 (α₀=0, ratio=1, α_eff=0)
[PRECOND DEBUG] Ratio ||M⁻¹r|| / ||r|| = 0.0325
[PRECOND DEBUG] Input residual ||r|| = 2.925e+06 (call #1125)
[PRECOND BLOCK NORMS] U: 1.542e+05, V: 193, MU: 6936
[PRECOND BLOCK NORMS] PHI: 3.896e+04
[PRECOND BLOCK NORMS] W: 50.14, THETA: 4785
[PRECOND TIMING] W-THETA coupled solve: 6 ms (3321 columns)
[PRECOND DEBUG] Output preconditioned ||M⁻¹r|| = 1.593e+05 (α₀=0, ratio=1, α_eff=0)
[PRECOND DEBUG] Ratio ||M⁻¹r|| / ||r|| = 0.05446
[PRECOND DEBUG] Input residual ||r|| = 3.092e+06 (call #1130)
[PRECOND BLOCK NORMS] U: 1.25e+05, V: 184.3, MU: 6597
[PRECOND BLOCK NORMS] PHI: 3.71e+04
[PRECOND BLOCK NORMS] W: 44.49, THETA: 5175
[PRECOND TIMING] W-THETA coupled solve: 5 ms (3321 columns)
[PRECOND DEBUG] Output preconditioned ||M⁻¹r|| = 1.307e+05 (α₀=0, ratio=1, α_eff=0)
[PRECOND DEBUG] Ratio ||M⁻¹r|| / ||r|| = 0.04226
[PRECOND DEBUG] Input residual ||r|| = 2.713e+06 (call #1135)
[PRECOND BLOCK NORMS] U: 1.154e+05, V: 148.3, MU: 5082
[PRECOND BLOCK NORMS] PHI: 2.854e+04
[PRECOND BLOCK NORMS] W: 41.26, THETA: 5583
[PRECOND TIMING] W-THETA coupled solve: 6 ms (3321 columns)
[PRECOND DEBUG] Output preconditioned ||M⁻¹r|| = 1.191e+05 (α₀=0, ratio=1, α_eff=0)
[PRECOND DEBUG] Ratio ||M⁻¹r|| / ||r|| = 0.04389
[PRECOND DEBUG] Input residual ||r|| = 2.831e+06 (call #1140)
[PRECOND BLOCK NORMS] U: 1.629e+05, V: 350.8, MU: 1.298e+04
[PRECOND BLOCK NORMS] PHI: 7.292e+04
[PRECOND BLOCK NORMS] W: 58.52, THETA: 5444
[PRECOND TIMING] W-THETA coupled solve: 6 ms (3321 columns)
[PRECOND DEBUG] Output preconditioned ||M⁻¹r|| = 1.79e+05 (α₀=0, ratio=1, α_eff=0)
[PRECOND DEBUG] Ratio ||M⁻¹r|| / ||r|| = 0.06323
[PRECOND DEBUG] Input residual ||r|| = 3.189e+06 (call #1145)
[PRECOND BLOCK NORMS] U: 1.408e+05, V: 272.9, MU: 9986
[PRECOND BLOCK NORMS] PHI: 5.612e+04
[PRECOND BLOCK NORMS] W: 49.59, THETA: 4370
[PRECOND TIMING] W-THETA coupled solve: 6 ms (3321 columns)
[PRECOND DEBUG] Output preconditioned ||M⁻¹r|| = 1.519e+05 (α₀=0, ratio=1, α_eff=0)
[PRECOND DEBUG] Ratio ||M⁻¹r|| / ||r|| = 0.04764
[PRECOND DEBUG] Input residual ||r|| = 3.403e+06 (call #1150)
[PRECOND BLOCK NORMS] U: 1.483e+05, V: 360.1, MU: 1.329e+04
[PRECOND BLOCK NORMS] PHI: 7.469e+04
[PRECOND BLOCK NORMS] W: 71.49, THETA: 3429
[PRECOND TIMING] W-THETA coupled solve: 5 ms (3321 columns)
[PRECOND DEBUG] Output preconditioned ||M⁻¹r|| = 1.666e+05 (α₀=0, ratio=1, α_eff=0)
[PRECOND DEBUG] Ratio ||M⁻¹r|| / ||r|| = 0.04897
[PRECOND DEBUG] Input residual ||r|| = 3.504e+06 (call #1155)
[PRECOND BLOCK NORMS] U: 1.527e+05, V: 332.7, MU: 1.233e+04
[PRECOND BLOCK NORMS] PHI: 6.928e+04
[PRECOND BLOCK NORMS] W: 77.97, THETA: 3899
[PRECOND TIMING] W-THETA coupled solve: 6 ms (3321 columns)
[PRECOND DEBUG] Output preconditioned ||M⁻¹r|| = 1.682e+05 (α₀=0, ratio=1, α_eff=0)
[PRECOND DEBUG] Ratio ||M⁻¹r|| / ||r|| = 0.04799
[PRECOND DEBUG] Input residual ||r|| = 3.42e+06 (call #1160)
[PRECOND BLOCK NORMS] U: 1.419e+05, V: 332.9, MU: 1.23e+04
[PRECOND BLOCK NORMS] PHI: 6.911e+04
[PRECOND BLOCK NORMS] W: 67.54, THETA: 3290
[PRECOND TIMING] W-THETA coupled solve: 6 ms (3321 columns)
[PRECOND DEBUG] Output preconditioned ||M⁻¹r|| = 1.583e+05 (α₀=0, ratio=1, α_eff=0)
[PRECOND DEBUG] Ratio ||M⁻¹r|| / ||r|| = 0.04629
[PRECOND DEBUG] Input residual ||r|| = 2.706e+06 (call #1165)
[PRECOND BLOCK NORMS] U: 1.486e+05, V: 291.3, MU: 1.077e+04
[PRECOND BLOCK NORMS] PHI: 6.053e+04
[PRECOND BLOCK NORMS] W: 71, THETA: 4380
[PRECOND TIMING] W-THETA coupled solve: 6 ms (3321 columns)
[PRECOND DEBUG] Output preconditioned ||M⁻¹r|| = 1.609e+05 (α₀=0, ratio=1, α_eff=0)
[PRECOND DEBUG] Ratio ||M⁻¹r|| / ||r|| = 0.05944
[PRECOND DEBUG] Input residual ||r|| = 2.896e+06 (call #1170)
[PRECOND BLOCK NORMS] U: 1.674e+05, V: 362.9, MU: 1.344e+04
[PRECOND BLOCK NORMS] PHI: 7.552e+04
[PRECOND BLOCK NORMS] W: 66.11, THETA: 4537
[PRECOND TIMING] W-THETA coupled solve: 6 ms (3321 columns)
[PRECOND DEBUG] Output preconditioned ||M⁻¹r|| = 1.842e+05 (α₀=0, ratio=1, α_eff=0)
[PRECOND DEBUG] Ratio ||M⁻¹r|| / ||r|| = 0.06359
[PRECOND DEBUG] Input residual ||r|| = 2.172e+06 (call #1175)
[PRECOND BLOCK NORMS] U: 1.715e+05, V: 369, MU: 1.363e+04
[PRECOND BLOCK NORMS] PHI: 7.658e+04
[PRECOND BLOCK NORMS] W: 75.56, THETA: 3401
[PRECOND TIMING] W-THETA coupled solve: 5 ms (3321 columns)
[PRECOND DEBUG] Output preconditioned ||M⁻¹r|| = 1.883e+05 (α₀=0, ratio=1, α_eff=0)
[PRECOND DEBUG] Ratio ||M⁻¹r|| / ||r|| = 0.08668
[PRECOND DEBUG] Input residual ||r|| = 2.076e+06 (call #1180)
[PRECOND BLOCK NORMS] U: 2.207e+05, V: 377, MU: 1.396e+04
[PRECOND BLOCK NORMS] PHI: 7.845e+04
[PRECOND BLOCK NORMS] W: 60.84, THETA: 3618
[PRECOND TIMING] W-THETA coupled solve: 5 ms (3321 columns)
[PRECOND DEBUG] Output preconditioned ||M⁻¹r|| = 2.347e+05 (α₀=0, ratio=1, α_eff=0)
[PRECOND DEBUG] Ratio ||M⁻¹r|| / ||r|| = 0.113
[GMRES] restart=1 j=191: hess_est=0.2598, true_err=0.2599
[GMRES BLOCK r/b] restart=1 j=191 ru=10.8995 rv=8.9369 rw=61.2977 ph=78.0708 t=11.4173 mu=8.2268
[FGMRES] NOT CONVERGED: ||x||=0.0130, ||r_true||=247.9579, ||b||=1039.4686, rel_error=0.2385, tol=0.0000, restarts=1, arnoldi=192 (block-scaled)
[GMRES BLOCK-SCALE] ru: ||r0||=466.6 → D_inv=0.002143
[GMRES BLOCK-SCALE] rv: ||r0||=463.9 → D_inv=0.002156
[GMRES BLOCK-SCALE] rw: ||r0||=464.6 → D_inv=0.002152
[GMRES BLOCK-SCALE] ph: ||r0||=464.6 → D_inv=0.002152
[GMRES BLOCK-SCALE] t: ||r0||=461 → D_inv=0.002169
[GMRES BLOCK-SCALE] mu: ||r0||=57.63 → D_inv=0.01735
[FGMRES] Z-basis memory budget: restart=96 x numel=1080491 => ~395.7 MiB per cycle
[GMRES REORTH] j=1 before=785.4 after1=539.5 after2=539.5 ratio=0.687
[GMRES REORTH] j=2 before=644.3 after1=418.3 after2=418.3 ratio=0.6493
[PRECOND DEBUG] Input residual ||r|| = 1.127e+07 (call #1185)
[PRECOND BLOCK NORMS] U: 6.703e+04, V: 105, MU: 2608
[PRECOND BLOCK NORMS] PHI: 1.461e+04
[PRECOND BLOCK NORMS] W: 21.1, THETA: 2971
[PRECOND TIMING] W-THETA coupled solve: 6 ms (3321 columns)
[PRECOND DEBUG] Output preconditioned ||M⁻¹r|| = 6.871e+04 (α₀=0, ratio=1, α_eff=0)
[PRECOND DEBUG] Ratio ||M⁻¹r|| / ||r|| = 0.006098
[PRECOND DEBUG] Input residual ||r|| = 1.078e+07 (call #1190)
[PRECOND BLOCK NORMS] U: 3.757e+04, V: 86.22, MU: 1734
[PRECOND BLOCK NORMS] PHI: 9723
[PRECOND BLOCK NORMS] W: 7.952, THETA: 1264
[PRECOND TIMING] W-THETA coupled solve: 6 ms (3321 columns)
[PRECOND DEBUG] Output preconditioned ||M⁻¹r|| = 3.886e+04 (α₀=0, ratio=1, α_eff=0)
[PRECOND DEBUG] Ratio ||M⁻¹r|| / ||r|| = 0.003607
[PRECOND DEBUG] Input residual ||r|| = 1.314e+07 (call #1195)
[PRECOND BLOCK NORMS] U: 4.344e+04, V: 62.08, MU: 1818
[PRECOND BLOCK NORMS] PHI: 1.023e+04
[PRECOND BLOCK NORMS] W: 10.57, THETA: 1384
[PRECOND TIMING] W-THETA coupled solve: 6 ms (3321 columns)
[PRECOND DEBUG] Output preconditioned ||M⁻¹r|| = 4.468e+04 (α₀=0, ratio=1, α_eff=0)
[PRECOND DEBUG] Ratio ||M⁻¹r|| / ||r|| = 0.003401
[PRECOND DEBUG] Input residual ||r|| = 1.38e+07 (call #1200)
[PRECOND BLOCK NORMS] U: 2.3e+04, V: 45.73, MU: 1341
[PRECOND BLOCK NORMS] PHI: 7558
[PRECOND BLOCK NORMS] W: 8.689, THETA: 688.5
[PRECOND TIMING] W-THETA coupled solve: 6 ms (3321 columns)
[PRECOND DEBUG] Output preconditioned ||M⁻¹r|| = 2.425e+04 (α₀=0, ratio=1, α_eff=0)
[PRECOND DEBUG] Ratio ||M⁻¹r|| / ||r|| = 0.001757
[PRECOND DEBUG] Input residual ||r|| = 1.24e+07 (call #1205)
[PRECOND BLOCK NORMS] U: 4.722e+04, V: 79.02, MU: 1851
[PRECOND BLOCK NORMS] PHI: 1.04e+04
[PRECOND BLOCK NORMS] W: 9.877, THETA: 1483
[PRECOND TIMING] W-THETA coupled solve: 6 ms (3321 columns)
[PRECOND DEBUG] Output preconditioned ||M⁻¹r|| = 4.84e+04 (α₀=0, ratio=1, α_eff=0)
[PRECOND DEBUG] Ratio ||M⁻¹r|| / ||r|| = 0.003905
[PRECOND DEBUG] Input residual ||r|| = 1.262e+07 (call #1210)
[PRECOND BLOCK NORMS] U: 3.459e+04, V: 62.54, MU: 1494
[PRECOND BLOCK NORMS] PHI: 8390
[PRECOND BLOCK NORMS] W: 9.836, THETA: 1309
[PRECOND TIMING] W-THETA coupled solve: 6 ms (3321 columns)
[PRECOND DEBUG] Output preconditioned ||M⁻¹r|| = 3.564e+04 (α₀=0, ratio=1, α_eff=0)
[PRECOND DEBUG] Ratio ||M⁻¹r|| / ||r|| = 0.002823
[PRECOND DEBUG] Input residual ||r|| = 1.34e+07 (call #1215)
[PRECOND BLOCK NORMS] U: 1.967e+04, V: 41.08, MU: 1123
[PRECOND BLOCK NORMS] PHI: 6323
[PRECOND BLOCK NORMS] W: 8.063, THETA: 762.2
[PRECOND TIMING] W-THETA coupled solve: 6 ms (3321 columns)
[PRECOND DEBUG] Output preconditioned ||M⁻¹r|| = 2.07e+04 (α₀=0, ratio=1, α_eff=0)
[PRECOND DEBUG] Ratio ||M⁻¹r|| / ||r|| = 0.001545
[PRECOND DEBUG] Input residual ||r|| = 1.206e+07 (call #1220)
[PRECOND BLOCK NORMS] U: 4.073e+04, V: 66.77, MU: 1645
[PRECOND BLOCK NORMS] PHI: 9262
[PRECOND BLOCK NORMS] W: 10.73, THETA: 1076
[PRECOND TIMING] W-THETA coupled solve: 6 ms (3321 columns)
[PRECOND DEBUG] Output preconditioned ||M⁻¹r|| = 4.181e+04 (α₀=0, ratio=1, α_eff=0)
[PRECOND DEBUG] Ratio ||M⁻¹r|| / ||r|| = 0.003466
[PRECOND DEBUG] Input residual ||r|| = 1.081e+07 (call #1225)
[PRECOND BLOCK NORMS] U: 4.206e+04, V: 77.91, MU: 1597
[PRECOND BLOCK NORMS] PHI: 8965
[PRECOND BLOCK NORMS] W: 12.83, THETA: 2017
[PRECOND TIMING] W-THETA coupled solve: 6 ms (3321 columns)
[PRECOND DEBUG] Output preconditioned ||M⁻¹r|| = 4.308e+04 (α₀=0, ratio=1, α_eff=0)
[PRECOND DEBUG] Ratio ||M⁻¹r|| / ||r|| = 0.003984
[PRECOND DEBUG] Input residual ||r|| = 1.393e+07 (call #1230)
[PRECOND BLOCK NORMS] U: 2.032e+04, V: 43.77, MU: 1171
[PRECOND BLOCK NORMS] PHI: 6590
[PRECOND BLOCK NORMS] W: 6.897, THETA: 653.6
[PRECOND TIMING] W-THETA coupled solve: 6 ms (3321 columns)
[PRECOND DEBUG] Output preconditioned ||M⁻¹r|| = 2.141e+04 (α₀=0, ratio=1, α_eff=0)
[PRECOND DEBUG] Ratio ||M⁻¹r|| / ||r|| = 0.001536
[PRECOND DEBUG] Input residual ||r|| = 8.236e+06 (call #1235)
[PRECOND BLOCK NORMS] U: 5.863e+04, V: 104.5, MU: 2094
[PRECOND BLOCK NORMS] PHI: 1.176e+04
[PRECOND BLOCK NORMS] W: 13.66, THETA: 2654
[PRECOND TIMING] W-THETA coupled solve: 6 ms (3321 columns)
[PRECOND DEBUG] Output preconditioned ||M⁻¹r|| = 5.988e+04 (α₀=0, ratio=1, α_eff=0)
[PRECOND DEBUG] Ratio ||M⁻¹r|| / ||r|| = 0.007271
[PRECOND DEBUG] Input residual ||r|| = 1.267e+07 (call #1240)
[PRECOND BLOCK NORMS] U: 3.456e+04, V: 61.44, MU: 1447
[PRECOND BLOCK NORMS] PHI: 8122
[PRECOND BLOCK NORMS] W: 11.13, THETA: 1715
[PRECOND TIMING] W-THETA coupled solve: 6 ms (3321 columns)
[PRECOND DEBUG] Output preconditioned ||M⁻¹r|| = 3.556e+04 (α₀=0, ratio=1, α_eff=0)
[PRECOND DEBUG] Ratio ||M⁻¹r|| / ||r|| = 0.002806
[PRECOND DEBUG] Input residual ||r|| = 1.163e+07 (call #1245)
[PRECOND BLOCK NORMS] U: 4.429e+04, V: 75.42, MU: 1718
[PRECOND BLOCK NORMS] PHI: 9659
[PRECOND BLOCK NORMS] W: 11.83, THETA: 1715
[PRECOND TIMING] W-THETA coupled solve: 5 ms (3321 columns)
[PRECOND DEBUG] Output preconditioned ||M⁻¹r|| = 4.539e+04 (α₀=0, ratio=1, α_eff=0)
[PRECOND DEBUG] Ratio ||M⁻¹r|| / ||r|| = 0.003902
[PRECOND DEBUG] Input residual ||r|| = 1.057e+07 (call #1250)
[PRECOND BLOCK NORMS] U: 5.158e+04, V: 86.42, MU: 1935
[PRECOND BLOCK NORMS] PHI: 1.087e+04
[PRECOND BLOCK NORMS] W: 14.54, THETA: 2042
[PRECOND TIMING] W-THETA coupled solve: 6 ms (3321 columns)
[PRECOND DEBUG] Output preconditioned ||M⁻¹r|| = 5.278e+04 (α₀=0, ratio=1, α_eff=0)
[PRECOND DEBUG] Ratio ||M⁻¹r|| / ||r|| = 0.004995
[PRECOND DEBUG] Input residual ||r|| = 1.286e+07 (call #1255)
[PRECOND BLOCK NORMS] U: 3.386e+04, V: 59.58, MU: 1529
[PRECOND BLOCK NORMS] PHI: 8598
[PRECOND BLOCK NORMS] W: 10.09, THETA: 1013
[PRECOND TIMING] W-THETA coupled solve: 6 ms (3321 columns)
[PRECOND DEBUG] Output preconditioned ||M⁻¹r|| = 3.498e+04 (α₀=0, ratio=1, α_eff=0)
[PRECOND DEBUG] Ratio ||M⁻¹r|| / ||r|| = 0.00272
[PRECOND DEBUG] Input residual ||r|| = 1.168e+07 (call #1260)
[PRECOND BLOCK NORMS] U: 4.78e+04, V: 80.99, MU: 1895
[PRECOND BLOCK NORMS] PHI: 1.066e+04
[PRECOND BLOCK NORMS] W: 11.54, THETA: 1611
[PRECOND TIMING] W-THETA coupled solve: 5 ms (3321 columns)
[PRECOND DEBUG] Output preconditioned ||M⁻¹r|| = 4.903e+04 (α₀=0, ratio=1, α_eff=0)
[PRECOND DEBUG] Ratio ||M⁻¹r|| / ||r|| = 0.004197
[PRECOND DEBUG] Input residual ||r|| = 1.135e+07 (call #1265)
[PRECOND BLOCK NORMS] U: 5.174e+04, V: 85.42, MU: 2066
[PRECOND BLOCK NORMS] PHI: 1.162e+04
[PRECOND BLOCK NORMS] W: 11.09, THETA: 1395
[PRECOND TIMING] W-THETA coupled solve: 5 ms (3321 columns)
[PRECOND DEBUG] Output preconditioned ||M⁻¹r|| = 5.308e+04 (α₀=0, ratio=1, α_eff=0)
[PRECOND DEBUG] Ratio ||M⁻¹r|| / ||r|| = 0.004675
[PRECOND DEBUG] Input residual ||r|| = 1.285e+07 (call #1270)
[PRECOND BLOCK NORMS] U: 3.964e+04, V: 66.11, MU: 1708
[PRECOND BLOCK NORMS] PHI: 9609
[PRECOND BLOCK NORMS] W: 8.234, THETA: 1120
[PRECOND TIMING] W-THETA coupled solve: 6 ms (3321 columns)
[PRECOND DEBUG] Output preconditioned ||M⁻¹r|| = 4.083e+04 (α₀=0, ratio=1, α_eff=0)
[PRECOND DEBUG] Ratio ||M⁻¹r|| / ||r|| = 0.003176
[PRECOND DEBUG] Input residual ||r|| = 1.339e+07 (call #1275)
[PRECOND BLOCK NORMS] U: 2.856e+04, V: 45.07, MU: 1338
[PRECOND BLOCK NORMS] PHI: 7528
[PRECOND BLOCK NORMS] W: 10.84, THETA: 857.3
[PRECOND TIMING] W-THETA coupled solve: 6 ms (3321 columns)
[PRECOND DEBUG] Output preconditioned ||M⁻¹r|| = 2.957e+04 (α₀=0, ratio=1, α_eff=0)
[PRECOND DEBUG] Ratio ||M⁻¹r|| / ||r|| = 0.002209
[GMRES] restart=1 j=95: hess_est=0.2694, true_err=0.2694
[GMRES BLOCK r/b] restart=1 j=95 ru=13.2288 rv=61.1032 rw=17.8565 ph=103.2039 t=19.6061 mu=2.4375
[FGMRES] NOT CONVERGED: ||x||=0.0143, ||r_true||=302.6398, ||b||=1039.4686, rel_error=0.2911, tol=0.0000, restarts=1, arnoldi=96 (block-scaled)
[GMRES BLOCK-SCALE] ru: ||r0||=466.6 → D_inv=0.002143
[GMRES BLOCK-SCALE] rv: ||r0||=463.9 → D_inv=0.002156
[GMRES BLOCK-SCALE] rw: ||r0||=464.6 → D_inv=0.002152
[GMRES BLOCK-SCALE] ph: ||r0||=464.6 → D_inv=0.002152
[GMRES BLOCK-SCALE] t: ||r0||=461 → D_inv=0.002169
[GMRES BLOCK-SCALE] mu: ||r0||=57.63 → D_inv=0.01735
[FGMRES] Z-basis memory budget: restart=96 x numel=1080491 => ~395.7 MiB per cycle
[GMRES REORTH] j=1 before=844 after1=527.8 after2=527.8 ratio=0.6253
[GMRES REORTH] j=2 before=681.9 after1=411.5 after2=411.5 ratio=0.6034
[GMRES] restart=1 j=95: hess_est=0.2454, true_err=0.2454
[GMRES BLOCK r/b] restart=1 j=95 ru=14.5300 rv=47.5582 rw=16.9317 ph=98.2245 t=22.0086 mu=1.2168
[FGMRES] NOT CONVERGED: ||x||=0.0125, ||r_true||=278.0972, ||b||=1039.4686, rel_error=0.2675, tol=0.0000, restarts=1, arnoldi=96 (block-scaled)
[GMRES BLOCK-SCALE] ru: ||r0||=466.6 → D_inv=0.002143
[GMRES BLOCK-SCALE] rv: ||r0||=463.9 → D_inv=0.002156
[GMRES BLOCK-SCALE] rw: ||r0||=464.6 → D_inv=0.002152
[GMRES BLOCK-SCALE] ph: ||r0||=464.6 → D_inv=0.002152
[GMRES BLOCK-SCALE] t: ||r0||=461 → D_inv=0.002169
[GMRES BLOCK-SCALE] mu: ||r0||=57.63 → D_inv=0.01735
[FGMRES] Z-basis memory budget: restart=96 x numel=1080491 => ~395.7 MiB per cycle
[GMRES REORTH] j=1 before=148.8 after1=81.48 after2=81.48 ratio=0.5475
[PRECOND DEBUG] Input residual ||r|| = 1.558e+06 (call #1280)
[PRECOND BLOCK NORMS] U: 7.447e+04, V: 114.4, MU: 2595
[PRECOND BLOCK NORMS] PHI: 1.458e+04
[PRECOND BLOCK NORMS] W: 37.11, THETA: 3462
[PRECOND TIMING] W-THETA coupled solve: 6 ms (3321 columns)
[PRECOND DEBUG] Output preconditioned ||M⁻¹r|| = 7.6e+04 (α₀=0, ratio=1, α_eff=0)
[PRECOND DEBUG] Ratio ||M⁻¹r|| / ||r|| = 0.04878
[GMRES REORTH] j=2 before=119.4 after1=75.79 after2=75.79 ratio=0.635
[PRECOND DEBUG] Input residual ||r|| = 2.518e+06 (call #1285)
[PRECOND BLOCK NORMS] U: 7.087e+04, V: 96.44, MU: 2569
[PRECOND BLOCK NORMS] PHI: 1.439e+04
[PRECOND BLOCK NORMS] W: 17.76, THETA: 2231
[PRECOND TIMING] W-THETA coupled solve: 6 ms (3321 columns)
[PRECOND DEBUG] Output preconditioned ||M⁻¹r|| = 7.238e+04 (α₀=0, ratio=1, α_eff=0)
[PRECOND DEBUG] Ratio ||M⁻¹r|| / ||r|| = 0.02874
[PRECOND DEBUG] Input residual ||r|| = 1.108e+06 (call #1290)
[PRECOND BLOCK NORMS] U: 3.106e+04, V: 93.4, MU: 1119
[PRECOND BLOCK NORMS] PHI: 6280
[PRECOND BLOCK NORMS] W: 5.895, THETA: 964.5
[PRECOND TIMING] W-THETA coupled solve: 6 ms (3321 columns)
[PRECOND DEBUG] Output preconditioned ||M⁻¹r|| = 3.171e+04 (α₀=0, ratio=1, α_eff=0)
[PRECOND DEBUG] Ratio ||M⁻¹r|| / ||r|| = 0.02863
[PRECOND DEBUG] Input residual ||r|| = 1.638e+06 (call #1295)
[PRECOND BLOCK NORMS] U: 1.223e+04, V: 89.15, MU: 468.9
[PRECOND BLOCK NORMS] PHI: 2610
[PRECOND BLOCK NORMS] W: 6.282, THETA: 588.9
[PRECOND TIMING] W-THETA coupled solve: 5 ms (3321 columns)
[PRECOND DEBUG] Output preconditioned ||M⁻¹r|| = 1.252e+04 (α₀=0, ratio=1, α_eff=0)
[PRECOND DEBUG] Ratio ||M⁻¹r|| / ||r|| = 0.007647
[PRECOND DEBUG] Input residual ||r|| = 9.799e+05 (call #1300)
[PRECOND BLOCK NORMS] U: 1.996e+04, V: 93.61, MU: 721.2
[PRECOND BLOCK NORMS] PHI: 4046
[PRECOND BLOCK NORMS] W: 12.77, THETA: 1125
[PRECOND TIMING] W-THETA coupled solve: 6 ms (3321 columns)
[PRECOND DEBUG] Output preconditioned ||M⁻¹r|| = 2.041e+04 (α₀=0, ratio=1, α_eff=0)
[PRECOND DEBUG] Ratio ||M⁻¹r|| / ||r|| = 0.02083
[PRECOND DEBUG] Input residual ||r|| = 1.373e+06 (call #1305)
[PRECOND BLOCK NORMS] U: 2.361e+04, V: 89.5, MU: 727.4
[PRECOND BLOCK NORMS] PHI: 4117
[PRECOND BLOCK NORMS] W: 23.2, THETA: 1321
[PRECOND TIMING] W-THETA coupled solve: 6 ms (3321 columns)
[PRECOND DEBUG] Output preconditioned ||M⁻¹r|| = 2.401e+04 (α₀=0, ratio=1, α_eff=0)
[PRECOND DEBUG] Ratio ||M⁻¹r|| / ||r|| = 0.01749
[PRECOND DEBUG] Input residual ||r|| = 1.296e+06 (call #1310)
[PRECOND BLOCK NORMS] U: 1.884e+04, V: 87.26, MU: 603.8
[PRECOND BLOCK NORMS] PHI: 3412
[PRECOND BLOCK NORMS] W: 20.28, THETA: 3115
[PRECOND TIMING] W-THETA coupled solve: 6 ms (3321 columns)
[PRECOND DEBUG] Output preconditioned ||M⁻¹r|| = 1.94e+04 (α₀=0, ratio=1, α_eff=0)
[PRECOND DEBUG] Ratio ||M⁻¹r|| / ||r|| = 0.01496
[PRECOND DEBUG] Input residual ||r|| = 2.432e+06 (call #1315)
[PRECOND BLOCK NORMS] U: 8.808e+04, V: 118.6, MU: 3382
[PRECOND BLOCK NORMS] PHI: 1.899e+04
[PRECOND BLOCK NORMS] W: 34.26, THETA: 2819
[PRECOND TIMING] W-THETA coupled solve: 6 ms (3321 columns)
[PRECOND DEBUG] Output preconditioned ||M⁻¹r|| = 9.02e+04 (α₀=0, ratio=1, α_eff=0)
[PRECOND DEBUG] Ratio ||M⁻¹r|| / ||r|| = 0.03708
[PRECOND DEBUG] Input residual ||r|| = 1.675e+06 (call #1320)
[PRECOND BLOCK NORMS] U: 9.117e+04, V: 123.5, MU: 3494
[PRECOND BLOCK NORMS] PHI: 1.963e+04
[PRECOND BLOCK NORMS] W: 25.3, THETA: 2395
[PRECOND TIMING] W-THETA coupled solve: 6 ms (3321 columns)
[PRECOND DEBUG] Output preconditioned ||M⁻¹r|| = 9.333e+04 (α₀=0, ratio=1, α_eff=0)
[PRECOND DEBUG] Ratio ||M⁻¹r|| / ||r|| = 0.05573
[PRECOND DEBUG] Input residual ||r|| = 2.102e+06 (call #1325)
[PRECOND BLOCK NORMS] U: 1.288e+05, V: 151.9, MU: 4959
[PRECOND BLOCK NORMS] PHI: 2.787e+04
[PRECOND BLOCK NORMS] W: 32.3, THETA: 3347
[PRECOND TIMING] W-THETA coupled solve: 6 ms (3321 columns)
[PRECOND DEBUG] Output preconditioned ||M⁻¹r|| = 1.319e+05 (α₀=0, ratio=1, α_eff=0)
[PRECOND DEBUG] Ratio ||M⁻¹r|| / ||r|| = 0.06274
[PRECOND DEBUG] Input residual ||r|| = 2.062e+06 (call #1330)
[PRECOND BLOCK NORMS] U: 1.447e+05, V: 168.7, MU: 5581
[PRECOND BLOCK NORMS] PHI: 3.136e+04
[PRECOND BLOCK NORMS] W: 20.37, THETA: 4293
[PRECOND TIMING] W-THETA coupled solve: 6 ms (3321 columns)
[PRECOND DEBUG] Output preconditioned ||M⁻¹r|| = 1.482e+05 (α₀=0, ratio=1, α_eff=0)
[PRECOND DEBUG] Ratio ||M⁻¹r|| / ||r|| = 0.07187
[PRECOND DEBUG] Input residual ||r|| = 1.745e+06 (call #1335)
[PRECOND BLOCK NORMS] U: 1.506e+05, V: 163.2, MU: 5556
[PRECOND BLOCK NORMS] PHI: 3.122e+04
[PRECOND BLOCK NORMS] W: 25.31, THETA: 4412
[PRECOND TIMING] W-THETA coupled solve: 6 ms (3321 columns)
[PRECOND DEBUG] Output preconditioned ||M⁻¹r|| = 1.539e+05 (α₀=0, ratio=1, α_eff=0)
[PRECOND DEBUG] Ratio ||M⁻¹r|| / ||r|| = 0.08818
[PRECOND DEBUG] Input residual ||r|| = 1.622e+06 (call #1340)
[PRECOND BLOCK NORMS] U: 1.8e+05, V: 196, MU: 6774
[PRECOND BLOCK NORMS] PHI: 3.807e+04
[PRECOND BLOCK NORMS] W: 25.74, THETA: 4177
[PRECOND TIMING] W-THETA coupled solve: 6 ms (3321 columns)
[PRECOND DEBUG] Output preconditioned ||M⁻¹r|| = 1.841e+05 (α₀=0, ratio=1, α_eff=0)
[PRECOND DEBUG] Ratio ||M⁻¹r|| / ||r|| = 0.1135
[PRECOND DEBUG] Input residual ||r|| = 1.98e+06 (call #1345)
[PRECOND BLOCK NORMS] U: 1.099e+05, V: 128.8, MU: 4090
[PRECOND BLOCK NORMS] PHI: 2.299e+04
[PRECOND BLOCK NORMS] W: 34.11, THETA: 5531
[PRECOND TIMING] W-THETA coupled solve: 6 ms (3321 columns)
[PRECOND DEBUG] Output preconditioned ||M⁻¹r|| = 1.125e+05 (α₀=0, ratio=1, α_eff=0)
[PRECOND DEBUG] Ratio ||M⁻¹r|| / ||r|| = 0.05682
[PRECOND DEBUG] Input residual ||r|| = 2.773e+06 (call #1350)
[PRECOND BLOCK NORMS] U: 1.048e+05, V: 121.5, MU: 3880
[PRECOND BLOCK NORMS] PHI: 2.181e+04
[PRECOND BLOCK NORMS] W: 35.22, THETA: 4925
[PRECOND TIMING] W-THETA coupled solve: 5 ms (3321 columns)
[PRECOND DEBUG] Output preconditioned ||M⁻¹r|| = 1.072e+05 (α₀=0, ratio=1, α_eff=0)
[PRECOND DEBUG] Ratio ||M⁻¹r|| / ||r|| = 0.03867
[PRECOND DEBUG] Input residual ||r|| = 2.81e+06 (call #1355)
[PRECOND BLOCK NORMS] U: 1.007e+05, V: 115.8, MU: 3543
[PRECOND BLOCK NORMS] PHI: 1.991e+04
[PRECOND BLOCK NORMS] W: 37.1, THETA: 5408
[PRECOND TIMING] W-THETA coupled solve: 5 ms (3321 columns)
[PRECOND DEBUG] Output preconditioned ||M⁻¹r|| = 1.028e+05 (α₀=0, ratio=1, α_eff=0)
[PRECOND DEBUG] Ratio ||M⁻¹r|| / ||r|| = 0.03658
[PRECOND DEBUG] Input residual ||r|| = 2.799e+06 (call #1360)
[PRECOND BLOCK NORMS] U: 8.514e+04, V: 112.5, MU: 3775
[PRECOND BLOCK NORMS] PHI: 2.121e+04
[PRECOND BLOCK NORMS] W: 37.63, THETA: 6846
[PRECOND TIMING] W-THETA coupled solve: 5 ms (3321 columns)
[PRECOND DEBUG] Output preconditioned ||M⁻¹r|| = 8.808e+04 (α₀=0, ratio=1, α_eff=0)
[PRECOND DEBUG] Ratio ||M⁻¹r|| / ||r|| = 0.03147
[PRECOND DEBUG] Input residual ||r|| = 2.836e+06 (call #1365)
[PRECOND BLOCK NORMS] U: 9.865e+04, V: 116.7, MU: 3892
[PRECOND BLOCK NORMS] PHI: 2.185e+04
[PRECOND BLOCK NORMS] W: 30.77, THETA: 6663
[PRECOND TIMING] W-THETA coupled solve: 5 ms (3321 columns)
[PRECOND DEBUG] Output preconditioned ||M⁻¹r|| = 1.013e+05 (α₀=0, ratio=1, α_eff=0)
[PRECOND DEBUG] Ratio ||M⁻¹r|| / ||r|| = 0.03573
[PRECOND DEBUG] Input residual ||r|| = 3.235e+06 (call #1370)
[PRECOND BLOCK NORMS] U: 9.985e+04, V: 118.7, MU: 3954
[PRECOND BLOCK NORMS] PHI: 2.221e+04
[PRECOND BLOCK NORMS] W: 35.79, THETA: 5795
[PRECOND TIMING] W-THETA coupled solve: 5 ms (3321 columns)
[PRECOND DEBUG] Output preconditioned ||M⁻¹r|| = 1.025e+05 (α₀=0, ratio=1, α_eff=0)
[PRECOND DEBUG] Ratio ||M⁻¹r|| / ||r|| = 0.03169
[GMRES] restart=1 j=95: hess_est=0.3104, true_err=0.3105
[GMRES BLOCK r/b] restart=1 j=95 ru=10.1429 rv=13.0211 rw=62.1331 ph=102.2414 t=20.1191 mu=9.4550
[FGMRES] NOT CONVERGED: ||x||=0.0222, ||r_true||=300.7635, ||b||=1039.4686, rel_error=0.2893, tol=0.0000, restarts=1, arnoldi=96 (block-scaled)
[GMRES BLOCK-SCALE] ru: ||r0||=466.6 → D_inv=0.002143
[GMRES BLOCK-SCALE] rv: ||r0||=463.9 → D_inv=0.002156
[GMRES BLOCK-SCALE] rw: ||r0||=464.6 → D_inv=0.002152
[GMRES BLOCK-SCALE] ph: ||r0||=464.6 → D_inv=0.002152
[GMRES BLOCK-SCALE] t: ||r0||=461 → D_inv=0.002169
[GMRES BLOCK-SCALE] mu: ||r0||=57.63 → D_inv=0.01735
[FGMRES] Z-basis memory budget: restart=48 x numel=1080491 => ~197.8 MiB per cycle
[PRECOND DEBUG] Input residual ||r|| = 1.233e+07 (call #1375)
[PRECOND BLOCK NORMS] U: 5.819e+04, V: 112.8, MU: 2608
[PRECOND BLOCK NORMS] PHI: 1.466e+04
[PRECOND BLOCK NORMS] W: 7.677, THETA: 2098
[PRECOND TIMING] W-THETA coupled solve: 5 ms (3321 columns)
[PRECOND DEBUG] Output preconditioned ||M⁻¹r|| = 6.01e+04 (α₀=0, ratio=1, α_eff=0)
[PRECOND DEBUG] Ratio ||M⁻¹r|| / ||r|| = 0.004874
[GMRES REORTH] j=1 before=785.4 after1=539.5 after2=539.5 ratio=0.687
[GMRES REORTH] j=2 before=644.3 after1=418.3 after2=418.3 ratio=0.6493
[PRECOND DEBUG] Input residual ||r|| = 1.375e+07 (call #1380)
[PRECOND BLOCK NORMS] U: 1.611e+04, V: 43.15, MU: 1101
[PRECOND BLOCK NORMS] PHI: 6187
[PRECOND BLOCK NORMS] W: 8.831, THETA: 1008
[PRECOND TIMING] W-THETA coupled solve: 5 ms (3321 columns)
[PRECOND DEBUG] Output preconditioned ||M⁻¹r|| = 1.732e+04 (α₀=0, ratio=1, α_eff=0)
[PRECOND DEBUG] Ratio ||M⁻¹r|| / ||r|| = 0.00126
[PRECOND DEBUG] Input residual ||r|| = 1.319e+07 (call #1385)
[PRECOND BLOCK NORMS] U: 4.197e+04, V: 60.19, MU: 1688
[PRECOND BLOCK NORMS] PHI: 9501
[PRECOND BLOCK NORMS] W: 10.58, THETA: 1406
[PRECOND TIMING] W-THETA coupled solve: 6 ms (3321 columns)
[PRECOND DEBUG] Output preconditioned ||M⁻¹r|| = 4.309e+04 (α₀=0, ratio=1, α_eff=0)
[PRECOND DEBUG] Ratio ||M⁻¹r|| / ||r|| = 0.003266
[PRECOND DEBUG] Input residual ||r|| = 1.342e+07 (call #1390)
[PRECOND BLOCK NORMS] U: 3.352e+04, V: 55.72, MU: 1574
[PRECOND BLOCK NORMS] PHI: 8858
[PRECOND BLOCK NORMS] W: 9.35, THETA: 916
[PRECOND TIMING] W-THETA coupled solve: 6 ms (3321 columns)
[PRECOND DEBUG] Output preconditioned ||M⁻¹r|| = 3.472e+04 (α₀=0, ratio=1, α_eff=0)
[PRECOND DEBUG] Ratio ||M⁻¹r|| / ||r|| = 0.002587
[PRECOND DEBUG] Input residual ||r|| = 1.318e+07 (call #1395)
[PRECOND BLOCK NORMS] U: 4.471e+04, V: 65.08, MU: 1741
[PRECOND BLOCK NORMS] PHI: 9767
[PRECOND BLOCK NORMS] W: 10.14, THETA: 1462
[PRECOND TIMING] W-THETA coupled solve: 5 ms (3321 columns)
[PRECOND DEBUG] Output preconditioned ||M⁻¹r|| = 4.582e+04 (α₀=0, ratio=1, α_eff=0)
[PRECOND DEBUG] Ratio ||M⁻¹r|| / ||r|| = 0.003477
[PRECOND DEBUG] Input residual ||r|| = 1.281e+07 (call #1400)
[PRECOND BLOCK NORMS] U: 3.351e+04, V: 60.94, MU: 1530
[PRECOND BLOCK NORMS] PHI: 8590
[PRECOND BLOCK NORMS] W: 10.16, THETA: 1256
[PRECOND TIMING] W-THETA coupled solve: 6 ms (3321 columns)
[PRECOND DEBUG] Output preconditioned ||M⁻¹r|| = 3.464e+04 (α₀=0, ratio=1, α_eff=0)
[PRECOND DEBUG] Ratio ||M⁻¹r|| / ||r|| = 0.002705
[PRECOND DEBUG] Input residual ||r|| = 1.315e+07 (call #1405)
[PRECOND BLOCK NORMS] U: 2.618e+04, V: 50.85, MU: 1325
[PRECOND BLOCK NORMS] PHI: 7449
[PRECOND BLOCK NORMS] W: 8.274, THETA: 733.2
[PRECOND TIMING] W-THETA coupled solve: 6 ms (3321 columns)
[PRECOND DEBUG] Output preconditioned ||M⁻¹r|| = 2.726e+04 (α₀=0, ratio=1, α_eff=0)
[PRECOND DEBUG] Ratio ||M⁻¹r|| / ||r|| = 0.002074
[PRECOND DEBUG] Input residual ||r|| = 1.259e+07 (call #1410)
[PRECOND BLOCK NORMS] U: 3.014e+04, V: 56.01, MU: 1369
[PRECOND BLOCK NORMS] PHI: 7703
[PRECOND BLOCK NORMS] W: 9.941, THETA: 1009
[PRECOND TIMING] W-THETA coupled solve: 5 ms (3321 columns)
[PRECOND DEBUG] Output preconditioned ||M⁻¹r|| = 3.115e+04 (α₀=0, ratio=1, α_eff=0)
[PRECOND DEBUG] Ratio ||M⁻¹r|| / ||r|| = 0.002474
[PRECOND DEBUG] Input residual ||r|| = 1.393e+07 (call #1415)
[PRECOND BLOCK NORMS] U: 1.676e+04, V: 39.34, MU: 1093
[PRECOND BLOCK NORMS] PHI: 6147
[PRECOND BLOCK NORMS] W: 7.206, THETA: 558.4
[PRECOND TIMING] W-THETA coupled solve: 5 ms (3321 columns)
[PRECOND DEBUG] Output preconditioned ||M⁻¹r|| = 1.789e+04 (α₀=0, ratio=1, α_eff=0)
[PRECOND DEBUG] Ratio ||M⁻¹r|| / ||r|| = 0.001284
[PRECOND DEBUG] Input residual ||r|| = 1.122e+07 (call #1420)
[PRECOND BLOCK NORMS] U: 4.233e+04, V: 72.72, MU: 1556
[PRECOND BLOCK NORMS] PHI: 8735
[PRECOND BLOCK NORMS] W: 12.65, THETA: 2045
[PRECOND TIMING] W-THETA coupled solve: 5 ms (3321 columns)
[PRECOND DEBUG] Output preconditioned ||M⁻¹r|| = 4.33e+04 (α₀=0, ratio=1, α_eff=0)
[PRECOND DEBUG] Ratio ||M⁻¹r|| / ||r|| = 0.00386
[GMRES] restart=1 j=47: hess_est=0.3188, true_err=0.3188
[GMRES BLOCK r/b] restart=1 j=47 ru=12.1569 rv=92.3614 rw=11.6443 ph=111.4578 t=22.5209 mu=1.5748
[FGMRES] NOT CONVERGED: ||x||=0.0142, ||r_true||=361.1660, ||b||=1039.4686, rel_error=0.3475, tol=0.0000, restarts=1, arnoldi=48 (block-scaled)
SDIRK3_FROZEN_AB_BLOCKS stage=2 arm=Msel j=48 ru_rho0=1 ru_rho=0.06382 rv_rho0=1 rv_rho=0.4877 rw_rho0=1 rw_rho=0.06139 ph_rho0=1 ph_rho=0.5876 t_rho0=1 t_rho=0.1197 mu_rho0=1 mu_rho=0.06693
[GMRES BLOCK-SCALE] ru: ||r0||=466.6 → D_inv=0.002143
[GMRES BLOCK-SCALE] rv: ||r0||=463.9 → D_inv=0.002156
[GMRES BLOCK-SCALE] rw: ||r0||=464.6 → D_inv=0.002152
[GMRES BLOCK-SCALE] ph: ||r0||=464.6 → D_inv=0.002152
[GMRES BLOCK-SCALE] t: ||r0||=461 → D_inv=0.002169
[GMRES BLOCK-SCALE] mu: ||r0||=57.63 → D_inv=0.01735
[FGMRES] Z-basis memory budget: restart=48 x numel=1080491 => ~197.8 MiB per cycle
[GMRES REORTH] j=1 before=844 after1=527.8 after2=527.8 ratio=0.6253
[GMRES REORTH] j=2 before=681.9 after1=411.5 after2=411.5 ratio=0.6034
[GMRES] restart=1 j=47: hess_est=0.2623, true_err=0.2623
[GMRES BLOCK r/b] restart=1 j=47 ru=17.2718 rv=63.2723 rw=16.0184 ph=97.3156 t=25.0551 mu=1.6457
[FGMRES] NOT CONVERGED: ||x||=0.0117, ||r_true||=296.5214, ||b||=1039.4686, rel_error=0.2853, tol=0.0000, restarts=1, arnoldi=48 (block-scaled)
SDIRK3_FROZEN_AB_BLOCKS stage=2 arm=I j=48 ru_rho0=1 ru_rho=0.09066 rv_rho0=1 rv_rho=0.3341 rw_rho0=1 rw_rho=0.08445 ph_rho0=1 ph_rho=0.513 t_rho0=1 t_rho=0.1331 mu_rho0=1 mu_rho=0.06995
[GMRES BLOCK-SCALE] ru: ||r0||=466.6 → D_inv=0.002143
[GMRES BLOCK-SCALE] rv: ||r0||=463.9 → D_inv=0.002156
[GMRES BLOCK-SCALE] rw: ||r0||=464.6 → D_inv=0.002152
[GMRES BLOCK-SCALE] ph: ||r0||=464.6 → D_inv=0.002152
[GMRES BLOCK-SCALE] t: ||r0||=461 → D_inv=0.002169
[GMRES BLOCK-SCALE] mu: ||r0||=57.63 → D_inv=0.01735
[FGMRES] Z-basis memory budget: restart=48 x numel=1080491 => ~197.8 MiB per cycle
[GMRES REORTH] j=1 before=148.8 after1=81.48 after2=81.48 ratio=0.5475
[GMRES REORTH] j=2 before=119.4 after1=75.79 after2=75.79 ratio=0.635
[PRECOND DEBUG] Input residual ||r|| = 2.804e+06 (call #1425)
[PRECOND BLOCK NORMS] U: 1.002e+05, V: 114.3, MU: 3667
[PRECOND BLOCK NORMS] PHI: 2.053e+04
[PRECOND BLOCK NORMS] W: 13.45, THETA: 2639
[PRECOND TIMING] W-THETA coupled solve: 5 ms (3321 columns)
[PRECOND DEBUG] Output preconditioned ||M⁻¹r|| = 1.024e+05 (α₀=0, ratio=1, α_eff=0)
[PRECOND DEBUG] Ratio ||M⁻¹r|| / ||r|| = 0.03653
[PRECOND DEBUG] Input residual ||r|| = 5.658e+05 (call #1430)
[PRECOND BLOCK NORMS] U: 3.243e+04, V: 92.55, MU: 1126
[PRECOND BLOCK NORMS] PHI: 6334
[PRECOND BLOCK NORMS] W: 8.39, THETA: 946.2
[PRECOND TIMING] W-THETA coupled solve: 5 ms (3321 columns)
[PRECOND DEBUG] Output preconditioned ||M⁻¹r|| = 3.307e+04 (α₀=0, ratio=1, α_eff=0)
[PRECOND DEBUG] Ratio ||M⁻¹r|| / ||r|| = 0.05844
[PRECOND DEBUG] Input residual ||r|| = 1.001e+06 (call #1435)
[PRECOND BLOCK NORMS] U: 1.81e+04, V: 91.06, MU: 661.5
[PRECOND BLOCK NORMS] PHI: 3701
[PRECOND BLOCK NORMS] W: 4.941, THETA: 664.7
[PRECOND TIMING] W-THETA coupled solve: 5 ms (3321 columns)
[PRECOND DEBUG] Output preconditioned ||M⁻¹r|| = 1.85e+04 (α₀=0, ratio=1, α_eff=0)
[PRECOND DEBUG] Ratio ||M⁻¹r|| / ||r|| = 0.01848
[PRECOND DEBUG] Input residual ||r|| = 8.331e+05 (call #1440)
[PRECOND BLOCK NORMS] U: 1.752e+04, V: 92.39, MU: 640.7
[PRECOND BLOCK NORMS] PHI: 3596
[PRECOND BLOCK NORMS] W: 7.649, THETA: 813.1
[PRECOND TIMING] W-THETA coupled solve: 5 ms (3321 columns)
[PRECOND DEBUG] Output preconditioned ||M⁻¹r|| = 1.791e+04 (α₀=0, ratio=1, α_eff=0)
[PRECOND DEBUG] Ratio ||M⁻¹r|| / ||r|| = 0.0215
[PRECOND DEBUG] Input residual ||r|| = 1.624e+06 (call #1445)
[PRECOND BLOCK NORMS] U: 1.619e+04, V: 88.94, MU: 513.3
[PRECOND BLOCK NORMS] PHI: 2896
[PRECOND BLOCK NORMS] W: 15.21, THETA: 833.5
[PRECOND TIMING] W-THETA coupled solve: 5 ms (3321 columns)
[PRECOND DEBUG] Output preconditioned ||M⁻¹r|| = 1.647e+04 (α₀=0, ratio=1, α_eff=0)
[PRECOND DEBUG] Ratio ||M⁻¹r|| / ||r|| = 0.01014
[PRECOND DEBUG] Input residual ||r|| = 1.491e+06 (call #1450)
[PRECOND BLOCK NORMS] U: 2.081e+04, V: 89.91, MU: 676.4
[PRECOND BLOCK NORMS] PHI: 3824
[PRECOND BLOCK NORMS] W: 21.76, THETA: 2122
[PRECOND TIMING] W-THETA coupled solve: 5 ms (3321 columns)
[PRECOND DEBUG] Output preconditioned ||M⁻¹r|| = 2.127e+04 (α₀=0, ratio=1, α_eff=0)
[PRECOND DEBUG] Ratio ||M⁻¹r|| / ||r|| = 0.01427
[PRECOND DEBUG] Input residual ||r|| = 1.655e+06 (call #1455)
[PRECOND BLOCK NORMS] U: 2.436e+04, V: 77.21, MU: 822.8
[PRECOND BLOCK NORMS] PHI: 4630
[PRECOND BLOCK NORMS] W: 23.62, THETA: 2082
[PRECOND TIMING] W-THETA coupled solve: 5 ms (3321 columns)
[PRECOND DEBUG] Output preconditioned ||M⁻¹r|| = 2.489e+04 (α₀=0, ratio=1, α_eff=0)
[PRECOND DEBUG] Ratio ||M⁻¹r|| / ||r|| = 0.01504
[PRECOND DEBUG] Input residual ||r|| = 1.684e+06 (call #1460)
[PRECOND BLOCK NORMS] U: 3.533e+04, V: 90.47, MU: 1358
[PRECOND BLOCK NORMS] PHI: 7624
[PRECOND BLOCK NORMS] W: 16.91, THETA: 2882
[PRECOND TIMING] W-THETA coupled solve: 6 ms (3321 columns)
[PRECOND DEBUG] Output preconditioned ||M⁻¹r|| = 3.628e+04 (α₀=0, ratio=1, α_eff=0)
[PRECOND DEBUG] Ratio ||M⁻¹r|| / ||r|| = 0.02154
[PRECOND DEBUG] Input residual ||r|| = 1.972e+06 (call #1465)
[PRECOND BLOCK NORMS] U: 6.99e+04, V: 108.8, MU: 2698
[PRECOND BLOCK NORMS] PHI: 1.515e+04
[PRECOND BLOCK NORMS] W: 23.57, THETA: 2659
[PRECOND TIMING] W-THETA coupled solve: 6 ms (3321 columns)
[PRECOND DEBUG] Output preconditioned ||M⁻¹r|| = 7.161e+04 (α₀=0, ratio=1, α_eff=0)
[PRECOND DEBUG] Ratio ||M⁻¹r|| / ||r|| = 0.03631
[GMRES] restart=1 j=47: hess_est=0.3842, true_err=0.3843
[GMRES BLOCK r/b] restart=1 j=47 ru=13.4563 rv=39.2917 rw=66.9434 ph=129.1277 t=19.5777 mu=11.5145
[FGMRES] NOT CONVERGED: ||x||=0.0244, ||r_true||=374.6125, ||b||=1039.4686, rel_error=0.3604, tol=0.0000, restarts=1, arnoldi=48 (block-scaled)
SDIRK3_FROZEN_AB_BLOCKS stage=2 arm=M j=48 ru_rho0=1 ru_rho=0.07064 rv_rho0=1 rv_rho=0.2075 rw_rho0=1 rw_rho=0.3529 ph_rho0=1 ph_rho=0.6807 t_rho0=1 t_rho=0.104 mu_rho0=1 mu_rho=0.4894
[GMRES BLOCK-SCALE] ru: ||r0||=466.6 → D_inv=0.002143
[GMRES BLOCK-SCALE] rv: ||r0||=463.9 → D_inv=0.002156
[GMRES BLOCK-SCALE] rw: ||r0||=464.6 → D_inv=0.002152
[GMRES BLOCK-SCALE] ph: ||r0||=464.6 → D_inv=0.002152
[GMRES BLOCK-SCALE] t: ||r0||=461 → D_inv=0.002169
[GMRES BLOCK-SCALE] mu: ||r0||=57.63 → D_inv=0.01735
[FGMRES] Z-basis memory budget: restart=32 x numel=1080491 => ~131.9 MiB per cycle
[PRECOND DEBUG] Input residual ||r|| = 6.029e+06 (call #1470)
[PRECOND BLOCK NORMS] U: 1.453e+05, V: 153.3, MU: 4807
[PRECOND BLOCK NORMS] PHI: 2.711e+04
[PRECOND BLOCK NORMS] W: 28.92, THETA: 4297
[PRECOND TIMING] W-THETA coupled solve: 6 ms (3321 columns)
[PRECOND DEBUG] Output preconditioned ||M⁻¹r|| = 1.48e+05 (α₀=0, ratio=1, α_eff=0)
[PRECOND DEBUG] Ratio ||M⁻¹r|| / ||r|| = 0.02454
[GMRES REORTH] j=1 before=785.4 after1=539.5 after2=539.5 ratio=0.687
[GMRES REORTH] j=2 before=644.3 after1=418.3 after2=418.3 ratio=0.6493
[PRECOND DEBUG] Input residual ||r|| = 1.098e+07 (call #1475)
[PRECOND BLOCK NORMS] U: 6.804e+04, V: 75.64, MU: 2385
[PRECOND BLOCK NORMS] PHI: 1.337e+04
[PRECOND BLOCK NORMS] W: 19.59, THETA: 3611
[PRECOND TIMING] W-THETA coupled solve: 5 ms (3321 columns)
[PRECOND DEBUG] Output preconditioned ||M⁻¹r|| = 6.947e+04 (α₀=0, ratio=1, α_eff=0)
[PRECOND DEBUG] Ratio ||M⁻¹r|| / ||r|| = 0.00633
[PRECOND DEBUG] Input residual ||r|| = 1.224e+07 (call #1480)
[PRECOND BLOCK NORMS] U: 3.174e+04, V: 62.76, MU: 1222
[PRECOND BLOCK NORMS] PHI: 6840
[PRECOND BLOCK NORMS] W: 7.01, THETA: 1131
[PRECOND TIMING] W-THETA coupled solve: 6 ms (3321 columns)
[PRECOND DEBUG] Output preconditioned ||M⁻¹r|| = 3.251e+04 (α₀=0, ratio=1, α_eff=0)
[PRECOND DEBUG] Ratio ||M⁻¹r|| / ||r|| = 0.002656
[PRECOND DEBUG] Input residual ||r|| = 1.365e+07 (call #1485)
[PRECOND BLOCK NORMS] U: 3.619e+04, V: 53, MU: 1574
[PRECOND BLOCK NORMS] PHI: 8852
[PRECOND BLOCK NORMS] W: 9.817, THETA: 1216
[PRECOND TIMING] W-THETA coupled solve: 43 ms (3321 columns)
[PRECOND DEBUG] Output preconditioned ||M⁻¹r|| = 3.73e+04 (α₀=0, ratio=1, α_eff=0)
[PRECOND DEBUG] Ratio ||M⁻¹r|| / ||r|| = 0.002733
[PRECOND DEBUG] Input residual ||r|| = 1.31e+07 (call #1490)
[PRECOND BLOCK NORMS] U: 3.09e+04, V: 61.1, MU: 1495
[PRECOND BLOCK NORMS] PHI: 8422
[PRECOND BLOCK NORMS] W: 8.682, THETA: 912.2
[PRECOND TIMING] W-THETA coupled solve: 10 ms (3321 columns)
[PRECOND DEBUG] Output preconditioned ||M⁻¹r|| = 3.207e+04 (α₀=0, ratio=1, α_eff=0)
[PRECOND DEBUG] Ratio ||M⁻¹r|| / ||r|| = 0.002449
[PRECOND DEBUG] Input residual ||r|| = 1.262e+07 (call #1495)
[PRECOND BLOCK NORMS] U: 4.065e+04, V: 69.83, MU: 1626
[PRECOND BLOCK NORMS] PHI: 9136
[PRECOND BLOCK NORMS] W: 9.163, THETA: 1254
[PRECOND TIMING] W-THETA coupled solve: 6 ms (3321 columns)
[PRECOND DEBUG] Output preconditioned ||M⁻¹r|| = 4.171e+04 (α₀=0, ratio=1, α_eff=0)
[PRECOND DEBUG] Ratio ||M⁻¹r|| / ||r|| = 0.003304
[PRECOND DEBUG] Input residual ||r|| = 1.299e+07 (call #1500)
[PRECOND BLOCK NORMS] U: 2.857e+04, V: 50.86, MU: 1302
[PRECOND BLOCK NORMS] PHI: 7319
[PRECOND BLOCK NORMS] W: 9.312, THETA: 1184
[PRECOND TIMING] W-THETA coupled solve: 6 ms (3321 columns)
[PRECOND DEBUG] Output preconditioned ||M⁻¹r|| = 2.954e+04 (α₀=0, ratio=1, α_eff=0)
[PRECOND DEBUG] Ratio ||M⁻¹r|| / ||r|| = 0.002274
[GMRES] restart=1 j=31: hess_est=0.3559, true_err=0.3558
[GMRES BLOCK r/b] restart=1 j=31 ru=14.4927 rv=100.1985 rw=9.7479 ph=127.7546 t=19.6035 mu=1.9710
[FGMRES] NOT CONVERGED: ||x||=0.0143, ||r_true||=402.8210, ||b||=1039.4686, rel_error=0.3875, tol=0.0000, restarts=1, arnoldi=32 (block-scaled)
[GMRES BLOCK-SCALE] ru: ||r0||=466.6 → D_inv=0.002143
[GMRES BLOCK-SCALE] rv: ||r0||=463.9 → D_inv=0.002156
[GMRES BLOCK-SCALE] rw: ||r0||=464.6 → D_inv=0.002152
[GMRES BLOCK-SCALE] ph: ||r0||=464.6 → D_inv=0.002152
[GMRES BLOCK-SCALE] t: ||r0||=461 → D_inv=0.002169
[GMRES BLOCK-SCALE] mu: ||r0||=57.63 → D_inv=0.01735
[FGMRES] Z-basis memory budget: restart=32 x numel=1080491 => ~131.9 MiB per cycle
[GMRES REORTH] j=1 before=844 after1=527.8 after2=527.8 ratio=0.6253
[GMRES REORTH] j=2 before=681.9 after1=411.5 after2=411.5 ratio=0.6034
[GMRES] restart=1 j=31: hess_est=0.2721, true_err=0.2721
[GMRES BLOCK r/b] restart=1 j=31 ru=19.9444 rv=67.7639 rw=15.0190 ph=99.5743 t=25.9406 mu=1.5855
[FGMRES] NOT CONVERGED: ||x||=0.0115, ||r_true||=307.9249, ||b||=1039.4686, rel_error=0.2962, tol=0.0000, restarts=1, arnoldi=32 (block-scaled)
[GMRES BLOCK-SCALE] ru: ||r0||=466.6 → D_inv=0.002143
[GMRES BLOCK-SCALE] rv: ||r0||=463.9 → D_inv=0.002156
[GMRES BLOCK-SCALE] rw: ||r0||=464.6 → D_inv=0.002152
[GMRES BLOCK-SCALE] ph: ||r0||=464.6 → D_inv=0.002152
[GMRES BLOCK-SCALE] t: ||r0||=461 → D_inv=0.002169
[GMRES BLOCK-SCALE] mu: ||r0||=57.63 → D_inv=0.01735
[FGMRES] Z-basis memory budget: restart=32 x numel=1080491 => ~131.9 MiB per cycle
[GMRES REORTH] j=1 before=148.8 after1=81.48 after2=81.48 ratio=0.5475
[GMRES REORTH] j=2 before=119.4 after1=75.79 after2=75.79 ratio=0.635
[PRECOND DEBUG] Input residual ||r|| = 2.804e+06 (call #1505)
[PRECOND BLOCK NORMS] U: 1.002e+05, V: 114.3, MU: 3667
[PRECOND BLOCK NORMS] PHI: 2.053e+04
[PRECOND BLOCK NORMS] W: 13.45, THETA: 2639
[PRECOND TIMING] W-THETA coupled solve: 6 ms (3321 columns)
[PRECOND DEBUG] Output preconditioned ||M⁻¹r|| = 1.024e+05 (α₀=0, ratio=1, α_eff=0)
[PRECOND DEBUG] Ratio ||M⁻¹r|| / ||r|| = 0.03653
[PRECOND DEBUG] Input residual ||r|| = 5.658e+05 (call #1510)
[PRECOND BLOCK NORMS] U: 3.243e+04, V: 92.55, MU: 1126
[PRECOND BLOCK NORMS] PHI: 6334
[PRECOND BLOCK NORMS] W: 8.39, THETA: 946.2
[PRECOND TIMING] W-THETA coupled solve: 6 ms (3321 columns)
[PRECOND DEBUG] Output preconditioned ||M⁻¹r|| = 3.307e+04 (α₀=0, ratio=1, α_eff=0)
[PRECOND DEBUG] Ratio ||M⁻¹r|| / ||r|| = 0.05844
[PRECOND DEBUG] Input residual ||r|| = 1.001e+06 (call #1515)
[PRECOND BLOCK NORMS] U: 1.81e+04, V: 91.06, MU: 661.5
[PRECOND BLOCK NORMS] PHI: 3701
[PRECOND BLOCK NORMS] W: 4.941, THETA: 664.7
[PRECOND TIMING] W-THETA coupled solve: 5 ms (3321 columns)
[PRECOND DEBUG] Output preconditioned ||M⁻¹r|| = 1.85e+04 (α₀=0, ratio=1, α_eff=0)
[PRECOND DEBUG] Ratio ||M⁻¹r|| / ||r|| = 0.01848
[PRECOND DEBUG] Input residual ||r|| = 8.331e+05 (call #1520)
[PRECOND BLOCK NORMS] U: 1.752e+04, V: 92.39, MU: 640.7
[PRECOND BLOCK NORMS] PHI: 3596
[PRECOND BLOCK NORMS] W: 7.649, THETA: 813.1
[PRECOND TIMING] W-THETA coupled solve: 6 ms (3321 columns)
[PRECOND DEBUG] Output preconditioned ||M⁻¹r|| = 1.791e+04 (α₀=0, ratio=1, α_eff=0)
[PRECOND DEBUG] Ratio ||M⁻¹r|| / ||r|| = 0.0215
[PRECOND DEBUG] Input residual ||r|| = 1.624e+06 (call #1525)
[PRECOND BLOCK NORMS] U: 1.619e+04, V: 88.94, MU: 513.3
[PRECOND BLOCK NORMS] PHI: 2896
[PRECOND BLOCK NORMS] W: 15.21, THETA: 833.5
[PRECOND TIMING] W-THETA coupled solve: 6 ms (3321 columns)
[PRECOND DEBUG] Output preconditioned ||M⁻¹r|| = 1.647e+04 (α₀=0, ratio=1, α_eff=0)
[PRECOND DEBUG] Ratio ||M⁻¹r|| / ||r|| = 0.01014
[PRECOND DEBUG] Input residual ||r|| = 1.491e+06 (call #1530)
[PRECOND BLOCK NORMS] U: 2.081e+04, V: 89.91, MU: 676.4
[PRECOND BLOCK NORMS] PHI: 3824
[PRECOND BLOCK NORMS] W: 21.76, THETA: 2122
[PRECOND TIMING] W-THETA coupled solve: 6 ms (3321 columns)
[PRECOND DEBUG] Output preconditioned ||M⁻¹r|| = 2.127e+04 (α₀=0, ratio=1, α_eff=0)
[PRECOND DEBUG] Ratio ||M⁻¹r|| / ||r|| = 0.01427
[GMRES] restart=1 j=31: hess_est=0.4615, true_err=0.4617
[GMRES BLOCK r/b] restart=1 j=31 ru=16.4795 rv=50.9378 rw=77.8798 ph=149.8467 t=22.7442 mu=14.7278
[FGMRES] NOT CONVERGED: ||x||=0.0201, ||r_true||=438.9504, ||b||=1039.4686, rel_error=0.4223, tol=0.0000, restarts=1, arnoldi=32 (block-scaled)
[GMRES BLOCK-SCALE] ru: ||r0||=466.6 → D_inv=0.002143
[GMRES BLOCK-SCALE] rv: ||r0||=463.9 → D_inv=0.002156
[GMRES BLOCK-SCALE] rw: ||r0||=464.6 → D_inv=0.002152
[GMRES BLOCK-SCALE] ph: ||r0||=464.6 → D_inv=0.002152
[GMRES BLOCK-SCALE] t: ||r0||=461 → D_inv=0.002169
[GMRES BLOCK-SCALE] mu: ||r0||=57.63 → D_inv=0.01735
[FGMRES] Z-basis memory budget: restart=16 x numel=1080491 => ~65.95 MiB per cycle
[PRECOND DEBUG] Input residual ||r|| = 1.233e+07 (call #1535)
[PRECOND BLOCK NORMS] U: 5.819e+04, V: 112.8, MU: 2608
[PRECOND BLOCK NORMS] PHI: 1.466e+04
[PRECOND BLOCK NORMS] W: 7.677, THETA: 2098
[PRECOND TIMING] W-THETA coupled solve: 6 ms (3321 columns)
[PRECOND DEBUG] Output preconditioned ||M⁻¹r|| = 6.01e+04 (α₀=0, ratio=1, α_eff=0)
[PRECOND DEBUG] Ratio ||M⁻¹r|| / ||r|| = 0.004874
[GMRES REORTH] j=1 before=785.4 after1=539.5 after2=539.5 ratio=0.687
[GMRES REORTH] j=2 before=644.3 after1=418.3 after2=418.3 ratio=0.6493
[PRECOND DEBUG] Input residual ||r|| = 1.375e+07 (call #1540)
[PRECOND BLOCK NORMS] U: 1.611e+04, V: 43.15, MU: 1101
[PRECOND BLOCK NORMS] PHI: 6187
[PRECOND BLOCK NORMS] W: 8.831, THETA: 1008
[PRECOND TIMING] W-THETA coupled solve: 6 ms (3321 columns)
[PRECOND DEBUG] Output preconditioned ||M⁻¹r|| = 1.732e+04 (α₀=0, ratio=1, α_eff=0)
[PRECOND DEBUG] Ratio ||M⁻¹r|| / ||r|| = 0.00126
[PRECOND DEBUG] Input residual ||r|| = 1.319e+07 (call #1545)
[PRECOND BLOCK NORMS] U: 4.197e+04, V: 60.19, MU: 1688
[PRECOND BLOCK NORMS] PHI: 9501
[PRECOND BLOCK NORMS] W: 10.58, THETA: 1406
[PRECOND TIMING] W-THETA coupled solve: 6 ms (3321 columns)
[PRECOND DEBUG] Output preconditioned ||M⁻¹r|| = 4.309e+04 (α₀=0, ratio=1, α_eff=0)
[PRECOND DEBUG] Ratio ||M⁻¹r|| / ||r|| = 0.003266
[GMRES] restart=1 j=15: hess_est=0.4772, true_err=0.4772
[GMRES BLOCK r/b] restart=1 j=15 ru=45.3036 rv=159.8165 rw=37.3367 ph=125.8641 t=46.8728 mu=5.5889
[FGMRES] NOT CONVERGED: ||x||=0.0142, ||r_true||=531.2861, ||b||=1039.4686, rel_error=0.5111, tol=0.0000, restarts=1, arnoldi=16 (block-scaled)
[GMRES BLOCK-SCALE] ru: ||r0||=466.6 → D_inv=0.002143
[GMRES BLOCK-SCALE] rv: ||r0||=463.9 → D_inv=0.002156
[GMRES BLOCK-SCALE] rw: ||r0||=464.6 → D_inv=0.002152
[GMRES BLOCK-SCALE] ph: ||r0||=464.6 → D_inv=0.002152
[GMRES BLOCK-SCALE] t: ||r0||=461 → D_inv=0.002169
[GMRES BLOCK-SCALE] mu: ||r0||=57.63 → D_inv=0.01735
[FGMRES] Z-basis memory budget: restart=16 x numel=1080491 => ~65.95 MiB per cycle
[GMRES REORTH] j=1 before=844 after1=527.8 after2=527.8 ratio=0.6253
[GMRES REORTH] j=2 before=681.9 after1=411.5 after2=411.5 ratio=0.6034
[GMRES] restart=1 j=15: hess_est=0.2853, true_err=0.2853
[GMRES BLOCK r/b] restart=1 j=15 ru=23.1476 rv=73.3673 rw=17.9190 ph=100.6464 t=29.6096 mu=2.1369
[FGMRES] NOT CONVERGED: ||x||=0.0111, ||r_true||=321.6658, ||b||=1039.4686, rel_error=0.3095, tol=0.0000, restarts=1, arnoldi=16 (block-scaled)
[GMRES BLOCK-SCALE] ru: ||r0||=466.6 → D_inv=0.002143
[GMRES BLOCK-SCALE] rv: ||r0||=463.9 → D_inv=0.002156
[GMRES BLOCK-SCALE] rw: ||r0||=464.6 → D_inv=0.002152
[GMRES BLOCK-SCALE] ph: ||r0||=464.6 → D_inv=0.002152
[GMRES BLOCK-SCALE] t: ||r0||=461 → D_inv=0.002169
[GMRES BLOCK-SCALE] mu: ||r0||=57.63 → D_inv=0.01735
[FGMRES] Z-basis memory budget: restart=16 x numel=1080491 => ~65.95 MiB per cycle
[PRECOND DEBUG] Input residual ||r|| = 6.029e+06 (call #1550)
[PRECOND BLOCK NORMS] U: 1.453e+05, V: 153.3, MU: 4807
[PRECOND BLOCK NORMS] PHI: 2.711e+04
[PRECOND BLOCK NORMS] W: 28.92, THETA: 4297
[PRECOND TIMING] W-THETA coupled solve: 5 ms (3321 columns)
[PRECOND DEBUG] Output preconditioned ||M⁻¹r|| = 1.48e+05 (α₀=0, ratio=1, α_eff=0)
[PRECOND DEBUG] Ratio ||M⁻¹r|| / ||r|| = 0.02454
[GMRES REORTH] j=1 before=148.8 after1=81.48 after2=81.48 ratio=0.5475
[GMRES REORTH] j=2 before=119.4 after1=75.79 after2=75.79 ratio=0.635
[PRECOND DEBUG] Input residual ||r|| = 2.382e+06 (call #1555)
[PRECOND BLOCK NORMS] U: 8.267e+04, V: 106.6, MU: 2941
[PRECOND BLOCK NORMS] PHI: 1.649e+04
[PRECOND BLOCK NORMS] W: 21.91, THETA: 2769
[PRECOND TIMING] W-THETA coupled solve: 6 ms (3321 columns)
[PRECOND DEBUG] Output preconditioned ||M⁻¹r|| = 8.439e+04 (α₀=0, ratio=1, α_eff=0)
[PRECOND DEBUG] Ratio ||M⁻¹r|| / ||r|| = 0.03543
[PRECOND DEBUG] Input residual ||r|| = 7.181e+05 (call #1560)
[PRECOND BLOCK NORMS] U: 3.935e+04, V: 95.43, MU: 1409
[PRECOND BLOCK NORMS] PHI: 7910
[PRECOND BLOCK NORMS] W: 7.195, THETA: 1088
[PRECOND TIMING] W-THETA coupled solve: 6 ms (3321 columns)
[PRECOND DEBUG] Output preconditioned ||M⁻¹r|| = 4.017e+04 (α₀=0, ratio=1, α_eff=0)
[PRECOND DEBUG] Ratio ||M⁻¹r|| / ||r|| = 0.05594
[PRECOND DEBUG] Input residual ||r|| = 1.065e+06 (call #1565)
[PRECOND BLOCK NORMS] U: 1.313e+04, V: 90.1, MU: 461.1
[PRECOND BLOCK NORMS] PHI: 2583
[PRECOND BLOCK NORMS] W: 6.087, THETA: 592.3
[PRECOND TIMING] W-THETA coupled solve: 6 ms (3321 columns)
[PRECOND DEBUG] Output preconditioned ||M⁻¹r|| = 1.34e+04 (α₀=0, ratio=1, α_eff=0)
[PRECOND DEBUG] Ratio ||M⁻¹r|| / ||r|| = 0.01258
[GMRES] restart=1 j=15: hess_est=0.5205, true_err=0.5205
[GMRES BLOCK r/b] restart=1 j=15 ru=21.3685 rv=54.3569 rw=99.0752 ph=164.6885 t=29.4593 mu=16.2958
[FGMRES] NOT CONVERGED: ||x||=0.0177, ||r_true||=498.8445, ||b||=1039.4686, rel_error=0.4799, tol=0.0000, restarts=1, arnoldi=16 (block-scaled)
[GMRES BLOCK-SCALE] ru: ||r0||=466.6 → D_inv=0.002143
[GMRES BLOCK-SCALE] rv: ||r0||=463.9 → D_inv=0.002156
[GMRES BLOCK-SCALE] rw: ||r0||=464.6 → D_inv=0.002152
[GMRES BLOCK-SCALE] ph: ||r0||=464.6 → D_inv=0.002152
[GMRES BLOCK-SCALE] t: ||r0||=461 → D_inv=0.002169
[GMRES BLOCK-SCALE] mu: ||r0||=57.63 → D_inv=0.01735
[FGMRES] Z-basis memory budget: restart=8 x numel=1080491 => ~32.97 MiB per cycle
[GMRES REORTH] j=1 before=785.4 after1=539.5 after2=539.5 ratio=0.687
[GMRES REORTH] j=2 before=644.3 after1=418.3 after2=418.3 ratio=0.6493
[PRECOND DEBUG] Input residual ||r|| = 1.162e+07 (call #1570)
[PRECOND BLOCK NORMS] U: 4.667e+04, V: 74.62, MU: 2049
[PRECOND BLOCK NORMS] PHI: 1.154e+04
[PRECOND BLOCK NORMS] W: 10.84, THETA: 2346
[PRECOND TIMING] W-THETA coupled solve: 5 ms (3321 columns)
[PRECOND DEBUG] Output preconditioned ||M⁻¹r|| = 4.816e+04 (α₀=0, ratio=1, α_eff=0)
[PRECOND DEBUG] Ratio ||M⁻¹r|| / ||r|| = 0.004143
[GMRES] restart=1 j=7: hess_est=0.5618, true_err=0.5618
[GMRES BLOCK r/b] restart=1 j=7 ru=71.2314 rv=154.5583 rw=66.0025 ph=139.7399 t=79.1080 mu=11.7054
[FGMRES] NOT CONVERGED: ||x||=0.0127, ||r_true||=596.1353, ||b||=1039.4686, rel_error=0.5735, tol=0.0000, restarts=1, arnoldi=8 (block-scaled)
SDIRK3_FROZEN_AB_BLOCKS stage=2 arm=Msel j=8 ru_rho0=1 ru_rho=0.3739 rv_rho0=1 rv_rho=0.8161 rw_rho0=1 rw_rho=0.348 ph_rho0=1 ph_rho=0.7367 t_rho0=1 t_rho=0.4203 mu_rho0=1 mu_rho=0.4975
[GMRES BLOCK-SCALE] ru: ||r0||=466.6 → D_inv=0.002143
[GMRES BLOCK-SCALE] rv: ||r0||=463.9 → D_inv=0.002156
[GMRES BLOCK-SCALE] rw: ||r0||=464.6 → D_inv=0.002152
[GMRES BLOCK-SCALE] ph: ||r0||=464.6 → D_inv=0.002152
[GMRES BLOCK-SCALE] t: ||r0||=461 → D_inv=0.002169
[GMRES BLOCK-SCALE] mu: ||r0||=57.63 → D_inv=0.01735
[FGMRES] Z-basis memory budget: restart=8 x numel=1080491 => ~32.97 MiB per cycle
[GMRES REORTH] j=1 before=844 after1=527.8 after2=527.8 ratio=0.6253
[GMRES REORTH] j=2 before=681.9 after1=411.5 after2=411.5 ratio=0.6034
[GMRES] restart=1 j=7: hess_est=0.3534, true_err=0.3534
[GMRES BLOCK r/b] restart=1 j=7 ru=40.9857 rv=96.9539 rw=21.7991 ph=103.8607 t=38.1465 mu=6.9266
[FGMRES] NOT CONVERGED: ||x||=0.0099, ||r_true||=378.2021, ||b||=1039.4686, rel_error=0.3638, tol=0.0000, restarts=1, arnoldi=8 (block-scaled)
SDIRK3_FROZEN_AB_BLOCKS stage=2 arm=I j=8 ru_rho0=1 ru_rho=0.2151 rv_rho0=1 rv_rho=0.512 rw_rho0=1 rw_rho=0.1149 ph_rho0=1 ph_rho=0.5475 t_rho0=1 t_rho=0.2027 mu_rho0=1 mu_rho=0.2944
[GMRES BLOCK-SCALE] ru: ||r0||=466.6 → D_inv=0.002143
[GMRES BLOCK-SCALE] rv: ||r0||=463.9 → D_inv=0.002156
[GMRES BLOCK-SCALE] rw: ||r0||=464.6 → D_inv=0.002152
[GMRES BLOCK-SCALE] ph: ||r0||=464.6 → D_inv=0.002152
[GMRES BLOCK-SCALE] t: ||r0||=461 → D_inv=0.002169
[GMRES BLOCK-SCALE] mu: ||r0||=57.63 → D_inv=0.01735
[FGMRES] Z-basis memory budget: restart=8 x numel=1080491 => ~32.97 MiB per cycle
[PRECOND DEBUG] Input residual ||r|| = 2.634e+06 (call #1575)
[PRECOND BLOCK NORMS] U: 4.062e+04, V: 122.3, MU: 1524
[PRECOND BLOCK NORMS] PHI: 8500
[PRECOND BLOCK NORMS] W: 20.98, THETA: 2058
[PRECOND TIMING] W-THETA coupled solve: 5 ms (3321 columns)
[PRECOND DEBUG] Output preconditioned ||M⁻¹r|| = 4.157e+04 (α₀=0, ratio=1, α_eff=0)
[PRECOND DEBUG] Ratio ||M⁻¹r|| / ||r|| = 0.01578
[GMRES REORTH] j=1 before=148.8 after1=81.48 after2=81.48 ratio=0.5475
[GMRES REORTH] j=2 before=119.4 after1=75.79 after2=75.79 ratio=0.635
[PRECOND DEBUG] Input residual ||r|| = 1.406e+06 (call #1580)
[PRECOND BLOCK NORMS] U: 4.054e+04, V: 86.08, MU: 1354
[PRECOND BLOCK NORMS] PHI: 7636
[PRECOND BLOCK NORMS] W: 16.09, THETA: 1409
[PRECOND TIMING] W-THETA coupled solve: 5 ms (3321 columns)
[PRECOND DEBUG] Output preconditioned ||M⁻¹r|| = 4.129e+04 (α₀=0, ratio=1, α_eff=0)
[PRECOND DEBUG] Ratio ||M⁻¹r|| / ||r|| = 0.02937
[GMRES] restart=1 j=7: hess_est=0.5879, true_err=0.5879
[GMRES BLOCK r/b] restart=1 j=7 ru=13.9974 rv=106.8598 rw=114.6866 ph=171.4339 t=22.8023 mu=17.4983
[FGMRES] NOT CONVERGED: ||x||=0.0173, ||r_true||=574.2696, ||b||=1039.4686, rel_error=0.5525, tol=0.0000, restarts=1, arnoldi=8 (block-scaled)
SDIRK3_FROZEN_AB_BLOCKS stage=2 arm=M j=8 ru_rho0=1 ru_rho=0.07348 rv_rho0=1 rv_rho=0.5643 rw_rho0=1 rw_rho=0.6046 ph_rho0=1 ph_rho=0.9038 t_rho0=1 t_rho=0.1211 mu_rho0=1 mu_rho=0.7437
[GMRES BLOCK-SCALE] ru: ||r0||=466.6 → D_inv=0.002143
[GMRES BLOCK-SCALE] rv: ||r0||=463.9 → D_inv=0.002156
[GMRES BLOCK-SCALE] rw: ||r0||=464.6 → D_inv=0.002152
[GMRES BLOCK-SCALE] ph: ||r0||=464.6 → D_inv=0.002152
[GMRES BLOCK-SCALE] t: ||r0||=461 → D_inv=0.002169
[GMRES BLOCK-SCALE] mu: ||r0||=57.63 → D_inv=0.01735
[FGMRES] Z-basis memory budget: restart=4 x numel=1080491 => ~16.49 MiB per cycle
[GMRES REORTH] j=1 before=785.4 after1=539.5 after2=539.5 ratio=0.687
[GMRES REORTH] j=2 before=644.3 after1=418.3 after2=418.3 ratio=0.6493
[PRECOND DEBUG] Input residual ||r|| = 1.127e+07 (call #1585)
[PRECOND BLOCK NORMS] U: 6.703e+04, V: 105, MU: 2608
[PRECOND BLOCK NORMS] PHI: 1.461e+04
[PRECOND BLOCK NORMS] W: 21.1, THETA: 2971
[PRECOND TIMING] W-THETA coupled solve: 33 ms (3321 columns)
[PRECOND DEBUG] Output preconditioned ||M⁻¹r|| = 6.871e+04 (α₀=0, ratio=1, α_eff=0)
[PRECOND DEBUG] Ratio ||M⁻¹r|| / ||r|| = 0.006098
[GMRES] restart=1 j=3: hess_est=0.6952, true_err=0.6952
[GMRES BLOCK r/b] restart=1 j=3 ru=118.3997 rv=175.8333 rw=112.7080 ph=165.2943 t=134.1573 mu=4.1196
[FGMRES] NOT CONVERGED: ||x||=0.0104, ||r_true||=786.0260, ||b||=1039.4686, rel_error=0.7562, tol=0.0000, restarts=1, arnoldi=4 (block-scaled)
[GMRES BLOCK-SCALE] ru: ||r0||=466.6 → D_inv=0.002143
[GMRES BLOCK-SCALE] rv: ||r0||=463.9 → D_inv=0.002156
[GMRES BLOCK-SCALE] rw: ||r0||=464.6 → D_inv=0.002152
[GMRES BLOCK-SCALE] ph: ||r0||=464.6 → D_inv=0.002152
[GMRES BLOCK-SCALE] t: ||r0||=461 → D_inv=0.002169
[GMRES BLOCK-SCALE] mu: ||r0||=57.63 → D_inv=0.01735
[FGMRES] Z-basis memory budget: restart=4 x numel=1080491 => ~16.49 MiB per cycle
[GMRES REORTH] j=1 before=844 after1=527.8 after2=527.8 ratio=0.6253
[GMRES REORTH] j=2 before=681.9 after1=411.5 after2=411.5 ratio=0.6034
[GMRES] restart=1 j=3: hess_est=0.5497, true_err=0.5497
[GMRES BLOCK r/b] restart=1 j=3 ru=65.5209 rv=116.6260 rw=71.3045 ph=142.3255 t=102.2735 mu=13.2219
[FGMRES] NOT CONVERGED: ||x||=0.0077, ||r_true||=568.4401, ||b||=1039.4686, rel_error=0.5469, tol=0.0000, restarts=1, arnoldi=4 (block-scaled)
[GMRES BLOCK-SCALE] ru: ||r0||=466.6 → D_inv=0.002143
[GMRES BLOCK-SCALE] rv: ||r0||=463.9 → D_inv=0.002156
[GMRES BLOCK-SCALE] rw: ||r0||=464.6 → D_inv=0.002152
[GMRES BLOCK-SCALE] ph: ||r0||=464.6 → D_inv=0.002152
[GMRES BLOCK-SCALE] t: ||r0||=461 → D_inv=0.002169
[GMRES BLOCK-SCALE] mu: ||r0||=57.63 → D_inv=0.01735
[FGMRES] Z-basis memory budget: restart=4 x numel=1080491 => ~16.49 MiB per cycle
[GMRES REORTH] j=1 before=148.8 after1=81.48 after2=81.48 ratio=0.5475
[GMRES REORTH] j=2 before=119.4 after1=75.79 after2=75.79 ratio=0.635
[GMRES] restart=1 j=3: hess_est=0.7750, true_err=0.7751
[GMRES BLOCK r/b] restart=1 j=3 ru=89.7857 rv=179.8267 rw=145.2190 ph=179.6292 t=85.2064 mu=20.9459
[FGMRES] NOT CONVERGED: ||x||=0.0147, ||r_true||=780.1282, ||b||=1039.4686, rel_error=0.7505, tol=0.0000, restarts=1, arnoldi=4 (block-scaled)
[PRECOND DEBUG] Input residual ||r|| = 8.41e+05 (call #1590)
[PRECOND BLOCK NORMS] U: 1.598e+05, V: 174.7, MU: 5501
[PRECOND BLOCK NORMS] PHI: 3.103e+04
[PRECOND BLOCK NORMS] W: 31.66, THETA: 4668
[PRECOND TIMING] W-THETA coupled solve: 6 ms (3321 columns)
[PRECOND DEBUG] Output preconditioned ||M⁻¹r|| = 1.629e+05 (α₀=0, ratio=1, α_eff=0)
[PRECOND DEBUG] Ratio ||M⁻¹r|| / ||r|| = 0.1937
SDIRK3_FROZEN_AB_SYSTEM stage=2 newton_iter=0 global_timestep=1 solver_id=2 rank=-1 ab_valid=1 ab_reason=ok b_digest=-1.583e+12 x0_digest=0 ab_evidence=b_x0_single_object_digest_rechecked_per_arm/shared_operator_and_preconditioner_fingerprinted operator_state_unchanged=1 precond_state_unchanged=1 counters_restored=1 pc_event_moved=0 shared_preconditioner_instance=1 fresh_wrapper_per_arm=1 b_digests_agree=1 x0_digests_agree=1 b_norm=1039 rho0_S=1 rho0_phys=1 rho0_D=1 refinement_passes=1 metric=rho_S_unweighted tolerance_exit_disabled=1 early_stop_disabled=1 jvp_fd_fallback_free=1 operator_linear=1 e_repeat=0 e_homogeneity=4.265e-07 e_additivity=3.081e-07 identity_frac_rand=2.19e-05 identity_frac_rhs_dir=1.125e-05 rhs_dir_is_first_arnoldi=1 e_hom_rhs_dir=9.893e-08 identity_resolution_rand=0.01948 identity_resolution_rhs_dir=0.008796 identity_resolved_rhs_dir=1 precond_linear=1 eM_homogeneity=1.29e-07 eM_additivity=1.103e-07 metric_phys=rho_phys_S_weighted metric_D=rho_D_fgmres_objective probe_noninterfering=1 halo_floor_delta=0.0001425 worst_order_delta=0 worst_order_metric=none d_same_across_rows=1 d_all_valid=1 discrete_order_invariant=1 msel_valid=1 msel_reason=ok order_pairs_compared=21  (attributable: equal Arnoldi dimension, one code path, a FRESH preconditioner per row, and the probe left production's state unchanged)
SDIRK3_FROZEN_AB stage=2 pass=MI arm=M j=4 rho_S=0.7505 rho_phys=0.8793 rho_D=0.775 A_applies=5 d_weighted=1 msel_engaged=0 rel_reported=0.7505 iters=4 termination=8 ab_valid=1
SDIRK3_FROZEN_AB stage=2 pass=MI arm=I j=4 rho_S=0.5469 rho_phys=0.559 rho_D=0.5497 A_applies=5 d_weighted=1 msel_engaged=0 rel_reported=0.5469 iters=4 termination=8 ab_valid=1
SDIRK3_FROZEN_AB stage=2 pass=MI arm=Msel j=4 rho_S=0.7562 rho_phys=0.2355 rho_D=0.6952 A_applies=5 d_weighted=1 msel_engaged=1 rel_reported=0.7562 iters=4 termination=8 ab_valid=1
SDIRK3_FROZEN_AB stage=2 pass=MI arm=M j=8 rho_S=0.5525 rho_phys=0.7329 rho_D=0.5879 A_applies=9 d_weighted=1 msel_engaged=0 rel_reported=0.5525 iters=8 termination=8 ab_valid=1
SDIRK3_FROZEN_AB stage=2 pass=MI arm=I j=8 rho_S=0.3639 rho_phys=0.2976 rho_D=0.3534 A_applies=9 d_weighted=1 msel_engaged=0 rel_reported=0.3638 iters=8 termination=8 ab_valid=1
SDIRK3_FROZEN_AB stage=2 pass=MI arm=Msel j=8 rho_S=0.5735 rho_phys=0.4983 rho_D=0.5618 A_applies=9 d_weighted=1 msel_engaged=1 rel_reported=0.5735 iters=8 termination=8 ab_valid=1
SDIRK3_FROZEN_AB stage=2 pass=MI arm=M j=16 rho_S=0.4799 rho_phys=0.6832 rho_D=0.5205 A_applies=17 d_weighted=1 msel_engaged=0 rel_reported=0.4799 iters=16 termination=8 ab_valid=1
SDIRK3_FROZEN_AB stage=2 pass=MI arm=I j=16 rho_S=0.3095 rho_phys=0.1134 rho_D=0.2853 A_applies=17 d_weighted=1 msel_engaged=0 rel_reported=0.3095 iters=16 termination=8 ab_valid=1
SDIRK3_FROZEN_AB stage=2 pass=MI arm=Msel j=16 rho_S=0.5112 rho_phys=0.2501 rho_D=0.4772 A_applies=17 d_weighted=1 msel_engaged=1 rel_reported=0.5111 iters=16 termination=8 ab_valid=1
SDIRK3_FROZEN_AB stage=2 pass=MI arm=M j=32 rho_S=0.4223 rho_phys=0.6175 rho_D=0.4617 A_applies=33 d_weighted=1 msel_engaged=0 rel_reported=0.4223 iters=32 termination=8 ab_valid=1
SDIRK3_FROZEN_AB stage=2 pass=MI arm=I j=32 rho_S=0.2962 rho_phys=0.09546 rho_D=0.2721 A_applies=33 d_weighted=1 msel_engaged=0 rel_reported=0.2962 iters=32 termination=8 ab_valid=1
SDIRK3_FROZEN_AB stage=2 pass=MI arm=Msel j=32 rho_S=0.3876 rho_phys=0.1188 rho_D=0.3559 A_applies=33 d_weighted=1 msel_engaged=1 rel_reported=0.3875 iters=32 termination=8 ab_valid=1
SDIRK3_FROZEN_AB stage=2 pass=MI arm=M j=48 rho_S=0.3604 rho_phys=0.4842 rho_D=0.3843 A_applies=49 d_weighted=1 msel_engaged=0 rel_reported=0.3604 iters=48 termination=8 ab_valid=1
SDIRK3_FROZEN_AB stage=2 pass=MI arm=I j=48 rho_S=0.2853 rho_phys=0.09563 rho_D=0.2623 A_applies=49 d_weighted=1 msel_engaged=0 rel_reported=0.2853 iters=48 termination=8 ab_valid=1
SDIRK3_FROZEN_AB stage=2 pass=MI arm=Msel j=48 rho_S=0.3475 rho_phys=0.09957 rho_D=0.3188 A_applies=49 d_weighted=1 msel_engaged=1 rel_reported=0.3475 iters=48 termination=8 ab_valid=1
SDIRK3_FROZEN_AB stage=2 pass=MI arm=M j=96 rho_S=0.2894 rho_phys=0.3971 rho_D=0.3105 A_applies=97 d_weighted=1 msel_engaged=0 rel_reported=0.2893 iters=96 termination=8 ab_valid=1
SDIRK3_FROZEN_AB stage=2 pass=MI arm=I j=96 rho_S=0.2676 rho_phys=0.08388 rho_D=0.2454 A_applies=97 d_weighted=1 msel_engaged=0 rel_reported=0.2675 iters=96 termination=8 ab_valid=1
SDIRK3_FROZEN_AB stage=2 pass=MI arm=Msel j=96 rho_S=0.2912 rho_phys=0.1228 rho_D=0.2694 A_applies=97 d_weighted=1 msel_engaged=1 rel_reported=0.2911 iters=96 termination=8 ab_valid=1
SDIRK3_FROZEN_AB stage=2 pass=MI arm=M j=192 rho_S=0.2386 rho_phys=0.3444 rho_D=0.2599 A_applies=193 d_weighted=1 msel_engaged=0 rel_reported=0.2385 iters=192 termination=8 ab_valid=1
SDIRK3_FROZEN_AB stage=2 pass=MI arm=I j=192 rho_S=0.24 rho_phys=0.07889 rho_D=0.2202 A_applies=193 d_weighted=1 msel_engaged=0 rel_reported=0.24 iters=192 termination=8 ab_valid=1
SDIRK3_FROZEN_AB stage=2 pass=MI arm=Msel j=192 rho_S=0.2524 rho_phys=0.08407 rho_D=0.2316 A_applies=193 d_weighted=1 msel_engaged=1 rel_reported=0.2524 iters=192 termination=8 ab_valid=1
SDIRK3_FROZEN_AB stage=2 pass=IM arm=Msel j=192 rho_S=0.2524 rho_phys=0.08407 rho_D=0.2316 A_applies=193 d_weighted=1 msel_engaged=1 rel_reported=0.2524 iters=192 termination=8 ab_valid=1
SDIRK3_FROZEN_AB stage=2 pass=IM arm=I j=192 rho_S=0.24 rho_phys=0.07889 rho_D=0.2202 A_applies=193 d_weighted=1 msel_engaged=0 rel_reported=0.24 iters=192 termination=8 ab_valid=1
SDIRK3_FROZEN_AB stage=2 pass=IM arm=M j=192 rho_S=0.2386 rho_phys=0.3444 rho_D=0.2599 A_applies=193 d_weighted=1 msel_engaged=0 rel_reported=0.2385 iters=192 termination=8 ab_valid=1
SDIRK3_FROZEN_AB stage=2 pass=IM arm=Msel j=96 rho_S=0.2912 rho_phys=0.1228 rho_D=0.2694 A_applies=97 d_weighted=1 msel_engaged=1 rel_reported=0.2911 iters=96 termination=8 ab_valid=1
SDIRK3_FROZEN_AB stage=2 pass=IM arm=I j=96 rho_S=0.2676 rho_phys=0.08388 rho_D=0.2454 A_applies=97 d_weighted=1 msel_engaged=0 rel_reported=0.2675 iters=96 termination=8 ab_valid=1
SDIRK3_FROZEN_AB stage=2 pass=IM arm=M j=96 rho_S=0.2894 rho_phys=0.3971 rho_D=0.3105 A_applies=97 d_weighted=1 msel_engaged=0 rel_reported=0.2893 iters=96 termination=8 ab_valid=1
SDIRK3_FROZEN_AB stage=2 pass=IM arm=Msel j=48 rho_S=0.3475 rho_phys=0.09957 rho_D=0.3188 A_applies=49 d_weighted=1 msel_engaged=1 rel_reported=0.3475 iters=48 termination=8 ab_valid=1
SDIRK3_FROZEN_AB stage=2 pass=IM arm=I j=48 rho_S=0.2853 rho_phys=0.09563 rho_D=0.2623 A_applies=49 d_weighted=1 msel_engaged=0 rel_reported=0.2853 iters=48 termination=8 ab_valid=1
SDIRK3_FROZEN_AB stage=2 pass=IM arm=M j=48 rho_S=0.3604 rho_phys=0.4842 rho_D=0.3843 A_applies=49 d_weighted=1 msel_engaged=0 rel_reported=0.3604 iters=48 termination=8 ab_valid=1
SDIRK3_FROZEN_AB stage=2 pass=IM arm=Msel j=32 rho_S=0.3876 rho_phys=0.1188 rho_D=0.3559 A_applies=33 d_weighted=1 msel_engaged=1 rel_reported=0.3875 iters=32 termination=8 ab_valid=1
SDIRK3_FROZEN_AB stage=2 pass=IM arm=I j=32 rho_S=0.2962 rho_phys=0.09546 rho_D=0.2721 A_applies=33 d_weighted=1 msel_engaged=0 rel_reported=0.2962 iters=32 termination=8 ab_valid=1
SDIRK3_FROZEN_AB stage=2 pass=IM arm=M j=32 rho_S=0.4223 rho_phys=0.6175 rho_D=0.4617 A_applies=33 d_weighted=1 msel_engaged=0 rel_reported=0.4223 iters=32 termination=8 ab_valid=1
SDIRK3_FROZEN_AB stage=2 pass=IM arm=Msel j=16 rho_S=0.5112 rho_phys=0.2501 rho_D=0.4772 A_applies=17 d_weighted=1 msel_engaged=1 rel_reported=0.5111 iters=16 termination=8 ab_valid=1
SDIRK3_FROZEN_AB stage=2 pass=IM arm=I j=16 rho_S=0.3095 rho_phys=0.1134 rho_D=0.2853 A_applies=17 d_weighted=1 msel_engaged=0 rel_reported=0.3095 iters=16 termination=8 ab_valid=1
SDIRK3_FROZEN_AB stage=2 pass=IM arm=M j=16 rho_S=0.4799 rho_phys=0.6832 rho_D=0.5205 A_applies=17 d_weighted=1 msel_engaged=0 rel_reported=0.4799 iters=16 termination=8 ab_valid=1
SDIRK3_FROZEN_AB stage=2 pass=IM arm=Msel j=8 rho_S=0.5735 rho_phys=0.4983 rho_D=0.5618 A_applies=9 d_weighted=1 msel_engaged=1 rel_reported=0.5735 iters=8 termination=8 ab_valid=1
SDIRK3_FROZEN_AB stage=2 pass=IM arm=I j=8 rho_S=0.3639 rho_phys=0.2976 rho_D=0.3534 A_applies=9 d_weighted=1 msel_engaged=0 rel_reported=0.3638 iters=8 termination=8 ab_valid=1
SDIRK3_FROZEN_AB stage=2 pass=IM arm=M j=8 rho_S=0.5525 rho_phys=0.7329 rho_D=0.5879 A_applies=9 d_weighted=1 msel_engaged=0 rel_reported=0.5525 iters=8 termination=8 ab_valid=1
SDIRK3_FROZEN_AB stage=2 pass=IM arm=Msel j=4 rho_S=0.7562 rho_phys=0.2355 rho_D=0.6952 A_applies=5 d_weighted=1 msel_engaged=1 rel_reported=0.7562 iters=4 termination=8 ab_valid=1
SDIRK3_FROZEN_AB stage=2 pass=IM arm=I j=4 rho_S=0.5469 rho_phys=0.559 rho_D=0.5497 A_applies=5 d_weighted=1 msel_engaged=0 rel_reported=0.5469 iters=4 termination=8 ab_valid=1
SDIRK3_FROZEN_AB stage=2 pass=IM arm=M j=4 rho_S=0.7505 rho_phys=0.8793 rho_D=0.775 A_applies=5 d_weighted=1 msel_engaged=0 rel_reported=0.7505 iters=4 termination=8 ab_valid=1
[GMRES BLOCK-SCALE] ru: ||r0||=466.6 → D_inv=0.002143
[GMRES BLOCK-SCALE] rv: ||r0||=463.9 → D_inv=0.002156
[GMRES BLOCK-SCALE] rw: ||r0||=464.6 → D_inv=0.002152
[GMRES BLOCK-SCALE] ph: ||r0||=464.6 → D_inv=0.002152
[GMRES BLOCK-SCALE] t: ||r0||=461 → D_inv=0.002169
[GMRES BLOCK-SCALE] mu: ||r0||=57.63 → D_inv=0.01735
[FGMRES] Z-basis memory budget: restart=163 x numel=1080491 => ~671.8 MiB per cycle
[JVP FORWARD] Call #1: forward-mode AD took 61 ms
[JVP DIAG] call #1: ||dK||=1.48e+05, ||v=dt*γ*dK||=3.87e+07, ||J*v||=9.099e+09, ||dK-J*v||=9.099e+09, ratio ||J*v||/||dK||=6.15e+04
[JVP FORWARD] Call #2: forward-mode AD took 59 ms
[JVP DIAG] call #2: ||dK||=4.157e+04, ||v=dt*γ*dK||=1.087e+07, ||J*v||=6.103e+09, ||dK-J*v||=6.103e+09, ratio ||J*v||/||dK||=1.468e+05
[GMRES REORTH] j=1 before=148.8 after1=81.48 after2=81.48 ratio=0.5475
[JVP FORWARD] Call #3: forward-mode AD took 58 ms
[JVP DIAG] call #3: ||dK||=7.6e+04, ||v=dt*γ*dK||=1.988e+07, ||J*v||=1.126e+10, ||dK-J*v||=1.126e+10, ratio ||J*v||/||dK||=1.482e+05
[GMRES REORTH] j=2 before=119.4 after1=75.79 after2=75.79 ratio=0.635
[PRECOND DEBUG] Input residual ||r|| = 2.01e+06 (call #1595)
[PRECOND BLOCK NORMS] U: 8.295e+04, V: 87.27, MU: 2786
[PRECOND BLOCK NORMS] PHI: 1.57e+04
[PRECOND BLOCK NORMS] W: 37.64, THETA: 3423
[PRECOND TIMING] W-THETA coupled solve: 6 ms (3321 columns)
[PRECOND DEBUG] Output preconditioned ||M⁻¹r|| = 8.452e+04 (α₀=0, ratio=1, α_eff=0)
[PRECOND DEBUG] Ratio ||M⁻¹r|| / ||r|| = 0.04204
[PRECOND DEBUG] Input residual ||r|| = 1.96e+06 (call #1600)
[PRECOND BLOCK NORMS] U: 4.228e+04, V: 89.18, MU: 1533
[PRECOND BLOCK NORMS] PHI: 8583
[PRECOND BLOCK NORMS] W: 11.89, THETA: 1449
[PRECOND TIMING] W-THETA coupled solve: 6 ms (3321 columns)
[PRECOND DEBUG] Output preconditioned ||M⁻¹r|| = 4.319e+04 (α₀=0, ratio=1, α_eff=0)
[PRECOND DEBUG] Ratio ||M⁻¹r|| / ||r|| = 0.02204
[PRECOND DEBUG] Input residual ||r|| = 1.208e+06 (call #1605)
[PRECOND BLOCK NORMS] U: 2.626e+04, V: 92.44, MU: 966
[PRECOND BLOCK NORMS] PHI: 5418
[PRECOND BLOCK NORMS] W: 5.947, THETA: 853.6
[PRECOND TIMING] W-THETA coupled solve: 5 ms (3321 columns)
[PRECOND DEBUG] Output preconditioned ||M⁻¹r|| = 2.684e+04 (α₀=0, ratio=1, α_eff=0)
[PRECOND DEBUG] Ratio ||M⁻¹r|| / ||r|| = 0.02222
[PRECOND DEBUG] Input residual ||r|| = 1.832e+06 (call #1610)
[PRECOND BLOCK NORMS] U: 1.052e+04, V: 87.49, MU: 367.8
[PRECOND BLOCK NORMS] PHI: 2057
[PRECOND BLOCK NORMS] W: 8.541, THETA: 568.8
[PRECOND TIMING] W-THETA coupled solve: 5 ms (3321 columns)
[PRECOND DEBUG] Output preconditioned ||M⁻¹r|| = 1.074e+04 (α₀=0, ratio=1, α_eff=0)
[PRECOND DEBUG] Ratio ||M⁻¹r|| / ||r|| = 0.005863
[PRECOND DEBUG] Input residual ||r|| = 1.151e+06 (call #1615)
[PRECOND BLOCK NORMS] U: 1.8e+04, V: 92.54, MU: 603.1
[PRECOND BLOCK NORMS] PHI: 3402
[PRECOND BLOCK NORMS] W: 16.04, THETA: 1325
[PRECOND TIMING] W-THETA coupled solve: 6 ms (3321 columns)
[PRECOND DEBUG] Output preconditioned ||M⁻¹r|| = 1.837e+04 (α₀=0, ratio=1, α_eff=0)
[PRECOND DEBUG] Ratio ||M⁻¹r|| / ||r|| = 0.01596
[PRECOND DEBUG] Input residual ||r|| = 1.394e+06 (call #1620)
[PRECOND BLOCK NORMS] U: 2.402e+04, V: 90.13, MU: 778.7
[PRECOND BLOCK NORMS] PHI: 4385
[PRECOND BLOCK NORMS] W: 24.3, THETA: 1700
[PRECOND TIMING] W-THETA coupled solve: 6 ms (3321 columns)
[PRECOND DEBUG] Output preconditioned ||M⁻¹r|| = 2.449e+04 (α₀=0, ratio=1, α_eff=0)
[PRECOND DEBUG] Ratio ||M⁻¹r|| / ||r|| = 0.01756
[PRECOND DEBUG] Input residual ||r|| = 1.13e+06 (call #1625)
[PRECOND BLOCK NORMS] U: 3.175e+04, V: 81.19, MU: 1178
[PRECOND BLOCK NORMS] PHI: 6603
[PRECOND BLOCK NORMS] W: 13.21, THETA: 5472
[PRECOND TIMING] W-THETA coupled solve: 6 ms (3321 columns)
[PRECOND DEBUG] Output preconditioned ||M⁻¹r|| = 3.29e+04 (α₀=0, ratio=1, α_eff=0)
[PRECOND DEBUG] Ratio ||M⁻¹r|| / ||r|| = 0.02912
[PRECOND DEBUG] Input residual ||r|| = 2.256e+06 (call #1630)
[PRECOND BLOCK NORMS] U: 8.493e+04, V: 118.1, MU: 3215
[PRECOND BLOCK NORMS] PHI: 1.806e+04
[PRECOND BLOCK NORMS] W: 26.69, THETA: 2781
[PRECOND TIMING] W-THETA coupled solve: 6 ms (3321 columns)
[PRECOND DEBUG] Output preconditioned ||M⁻¹r|| = 8.692e+04 (α₀=0, ratio=1, α_eff=0)
[PRECOND DEBUG] Ratio ||M⁻¹r|| / ||r|| = 0.03853
[PRECOND DEBUG] Input residual ||r|| = 2.191e+06 (call #1635)
[PRECOND BLOCK NORMS] U: 8.79e+04, V: 115.9, MU: 3328
[PRECOND BLOCK NORMS] PHI: 1.87e+04
[PRECOND BLOCK NORMS] W: 30.52, THETA: 2752
[PRECOND TIMING] W-THETA coupled solve: 6 ms (3321 columns)
[PRECOND DEBUG] Output preconditioned ||M⁻¹r|| = 8.996e+04 (α₀=0, ratio=1, α_eff=0)
[PRECOND DEBUG] Ratio ||M⁻¹r|| / ||r|| = 0.04106
[PRECOND DEBUG] Input residual ||r|| = 2.105e+06 (call #1640)
[PRECOND BLOCK NORMS] U: 1.243e+05, V: 143.9, MU: 4757
[PRECOND BLOCK NORMS] PHI: 2.673e+04
[PRECOND BLOCK NORMS] W: 26.7, THETA: 4244
[PRECOND TIMING] W-THETA coupled solve: 5 ms (3321 columns)
[PRECOND DEBUG] Output preconditioned ||M⁻¹r|| = 1.273e+05 (α₀=0, ratio=1, α_eff=0)
[PRECOND DEBUG] Ratio ||M⁻¹r|| / ||r|| = 0.06047
[PRECOND DEBUG] Input residual ||r|| = 1.738e+06 (call #1645)
[PRECOND BLOCK NORMS] U: 8.814e+04, V: 123, MU: 3266
[PRECOND BLOCK NORMS] PHI: 1.835e+04
[PRECOND BLOCK NORMS] W: 22.6, THETA: 4034
[PRECOND TIMING] W-THETA coupled solve: 5 ms (3321 columns)
[PRECOND DEBUG] Output preconditioned ||M⁻¹r|| = 9.016e+04 (α₀=0, ratio=1, α_eff=0)
[PRECOND DEBUG] Ratio ||M⁻¹r|| / ||r|| = 0.05188
[PRECOND DEBUG] Input residual ||r|| = 1.04e+06 (call #1650)
[PRECOND BLOCK NORMS] U: 1.239e+05, V: 148.3, MU: 4656
[PRECOND BLOCK NORMS] PHI: 2.616e+04
[PRECOND BLOCK NORMS] W: 20.85, THETA: 3207
[PRECOND TIMING] W-THETA coupled solve: 6 ms (3321 columns)
[PRECOND DEBUG] Output preconditioned ||M⁻¹r|| = 1.268e+05 (α₀=0, ratio=1, α_eff=0)
[PRECOND DEBUG] Ratio ||M⁻¹r|| / ||r|| = 0.1218
[PRECOND DEBUG] Input residual ||r|| = 1.899e+06 (call #1655)
[PRECOND BLOCK NORMS] U: 1.355e+05, V: 147, MU: 4893
[PRECOND BLOCK NORMS] PHI: 2.75e+04
[PRECOND BLOCK NORMS] W: 26.65, THETA: 4541
[PRECOND TIMING] W-THETA coupled solve: 6 ms (3321 columns)
[PRECOND DEBUG] Output preconditioned ||M⁻¹r|| = 1.383e+05 (α₀=0, ratio=1, α_eff=0)
[PRECOND DEBUG] Ratio ||M⁻¹r|| / ||r|| = 0.07286
[PRECOND DEBUG] Input residual ||r|| = 3.141e+06 (call #1660)
[PRECOND BLOCK NORMS] U: 8.503e+04, V: 95.92, MU: 2809
[PRECOND BLOCK NORMS] PHI: 1.58e+04
[PRECOND BLOCK NORMS] W: 37.78, THETA: 5442
[PRECOND TIMING] W-THETA coupled solve: 6 ms (3321 columns)
[PRECOND DEBUG] Output preconditioned ||M⁻¹r|| = 8.669e+04 (α₀=0, ratio=1, α_eff=0)
[PRECOND DEBUG] Ratio ||M⁻¹r|| / ||r|| = 0.0276
[PRECOND DEBUG] Input residual ||r|| = 3.128e+06 (call #1665)
[PRECOND BLOCK NORMS] U: 1.126e+05, V: 129.1, MU: 4327
[PRECOND BLOCK NORMS] PHI: 2.433e+04
[PRECOND BLOCK NORMS] W: 35.08, THETA: 5340
[PRECOND TIMING] W-THETA coupled solve: 6 ms (3321 columns)
[PRECOND DEBUG] Output preconditioned ||M⁻¹r|| = 1.154e+05 (α₀=0, ratio=1, α_eff=0)
[PRECOND DEBUG] Ratio ||M⁻¹r|| / ||r|| = 0.0369
[PRECOND DEBUG] Input residual ||r|| = 2.656e+06 (call #1670)
[PRECOND BLOCK NORMS] U: 8.07e+04, V: 112.6, MU: 3567
[PRECOND BLOCK NORMS] PHI: 2.004e+04
[PRECOND BLOCK NORMS] W: 38.77, THETA: 6138
[PRECOND TIMING] W-THETA coupled solve: 5 ms (3321 columns)
[PRECOND DEBUG] Output preconditioned ||M⁻¹r|| = 8.345e+04 (α₀=0, ratio=1, α_eff=0)
[PRECOND DEBUG] Ratio ||M⁻¹r|| / ||r|| = 0.03142
[PRECOND DEBUG] Input residual ||r|| = 2.963e+06 (call #1675)
[PRECOND BLOCK NORMS] U: 6.981e+04, V: 102.2, MU: 3103
[PRECOND BLOCK NORMS] PHI: 1.742e+04
[PRECOND BLOCK NORMS] W: 36.71, THETA: 5841
[PRECOND TIMING] W-THETA coupled solve: 5 ms (3321 columns)
[PRECOND DEBUG] Output preconditioned ||M⁻¹r|| = 7.224e+04 (α₀=0, ratio=1, α_eff=0)
[PRECOND DEBUG] Ratio ||M⁻¹r|| / ||r|| = 0.02438
[PRECOND DEBUG] Input residual ||r|| = 2.626e+06 (call #1680)
[PRECOND BLOCK NORMS] U: 9.928e+04, V: 131.3, MU: 4321
[PRECOND BLOCK NORMS] PHI: 2.428e+04
[PRECOND BLOCK NORMS] W: 33.68, THETA: 5958
[PRECOND TIMING] W-THETA coupled solve: 6 ms (3321 columns)
[PRECOND DEBUG] Output preconditioned ||M⁻¹r|| = 1.025e+05 (α₀=0, ratio=1, α_eff=0)
[PRECOND DEBUG] Ratio ||M⁻¹r|| / ||r|| = 0.03902
[PRECOND DEBUG] Input residual ||r|| = 3.054e+06 (call #1685)
[PRECOND BLOCK NORMS] U: 8.903e+04, V: 117.3, MU: 3848
[PRECOND BLOCK NORMS] PHI: 2.163e+04
[PRECOND BLOCK NORMS] W: 40.34, THETA: 6050
[PRECOND TIMING] W-THETA coupled solve: 5 ms (3321 columns)
[PRECOND DEBUG] Output preconditioned ||M⁻¹r|| = 9.189e+04 (α₀=0, ratio=1, α_eff=0)
[PRECOND DEBUG] Ratio ||M⁻¹r|| / ||r|| = 0.03009
[PRECOND DEBUG] Input residual ||r|| = 3.176e+06 (call #1690)
[PRECOND BLOCK NORMS] U: 1.088e+05, V: 122.4, MU: 4253
[PRECOND BLOCK NORMS] PHI: 2.39e+04
[PRECOND BLOCK NORMS] W: 45.98, THETA: 6372
[PRECOND TIMING] W-THETA coupled solve: 6 ms (3321 columns)
[PRECOND DEBUG] Output preconditioned ||M⁻¹r|| = 1.117e+05 (α₀=0, ratio=1, α_eff=0)
[PRECOND DEBUG] Ratio ||M⁻¹r|| / ||r|| = 0.03517
[PRECOND DEBUG] Input residual ||r|| = 3.717e+06 (call #1695)
[PRECOND BLOCK NORMS] U: 1.067e+05, V: 119.2, MU: 4038
[PRECOND BLOCK NORMS] PHI: 2.267e+04
[PRECOND BLOCK NORMS] W: 56.93, THETA: 5144
[PRECOND TIMING] W-THETA coupled solve: 6 ms (3321 columns)
[PRECOND DEBUG] Output preconditioned ||M⁻¹r|| = 1.092e+05 (α₀=0, ratio=1, α_eff=0)
[PRECOND DEBUG] Ratio ||M⁻¹r|| / ||r|| = 0.02939
[PRECOND DEBUG] Input residual ||r|| = 3.049e+06 (call #1700)
[PRECOND BLOCK NORMS] U: 1.086e+05, V: 128.2, MU: 4224
[PRECOND BLOCK NORMS] PHI: 2.374e+04
[PRECOND BLOCK NORMS] W: 52.66, THETA: 4959
[PRECOND TIMING] W-THETA coupled solve: 6 ms (3321 columns)
[PRECOND DEBUG] Output preconditioned ||M⁻¹r|| = 1.113e+05 (α₀=0, ratio=1, α_eff=0)
[PRECOND DEBUG] Ratio ||M⁻¹r|| / ||r|| = 0.03651
[PRECOND DEBUG] Input residual ||r|| = 4.259e+06 (call #1705)
[PRECOND BLOCK NORMS] U: 1.181e+05, V: 117.8, MU: 3924
[PRECOND BLOCK NORMS] PHI: 2.206e+04
[PRECOND BLOCK NORMS] W: 44.44, THETA: 4289
[PRECOND TIMING] W-THETA coupled solve: 5 ms (3321 columns)
[PRECOND DEBUG] Output preconditioned ||M⁻¹r|| = 1.203e+05 (α₀=0, ratio=1, α_eff=0)
[PRECOND DEBUG] Ratio ||M⁻¹r|| / ||r|| = 0.02825
[PRECOND DEBUG] Input residual ||r|| = 3.594e+06 (call #1710)
[PRECOND BLOCK NORMS] U: 1.255e+05, V: 141.3, MU: 4858
[PRECOND BLOCK NORMS] PHI: 2.729e+04
[PRECOND BLOCK NORMS] W: 43.44, THETA: 4898
[PRECOND TIMING] W-THETA coupled solve: 6 ms (3321 columns)
[PRECOND DEBUG] Output preconditioned ||M⁻¹r|| = 1.286e+05 (α₀=0, ratio=1, α_eff=0)
[PRECOND DEBUG] Ratio ||M⁻¹r|| / ||r|| = 0.03578
[PRECOND DEBUG] Input residual ||r|| = 2.958e+06 (call #1715)
[PRECOND BLOCK NORMS] U: 1.243e+05, V: 139.5, MU: 4772
[PRECOND BLOCK NORMS] PHI: 2.682e+04
[PRECOND BLOCK NORMS] W: 45.39, THETA: 5109
[PRECOND TIMING] W-THETA coupled solve: 6 ms (3321 columns)
[PRECOND DEBUG] Output preconditioned ||M⁻¹r|| = 1.273e+05 (α₀=0, ratio=1, α_eff=0)
[PRECOND DEBUG] Ratio ||M⁻¹r|| / ||r|| = 0.04304
[PRECOND DEBUG] Input residual ||r|| = 3.091e+06 (call #1720)
[PRECOND BLOCK NORMS] U: 1.488e+05, V: 154.5, MU: 5426
[PRECOND BLOCK NORMS] PHI: 3.048e+04
[PRECOND BLOCK NORMS] W: 53.48, THETA: 4768
[PRECOND TIMING] W-THETA coupled solve: 6 ms (3321 columns)
[PRECOND DEBUG] Output preconditioned ||M⁻¹r|| = 1.521e+05 (α₀=0, ratio=1, α_eff=0)
[PRECOND DEBUG] Ratio ||M⁻¹r|| / ||r|| = 0.0492
[PRECOND DEBUG] Input residual ||r|| = 3.006e+06 (call #1725)
[PRECOND BLOCK NORMS] U: 1.167e+05, V: 135, MU: 4628
[PRECOND BLOCK NORMS] PHI: 2.601e+04
[PRECOND BLOCK NORMS] W: 49.64, THETA: 5255
[PRECOND TIMING] W-THETA coupled solve: 6 ms (3321 columns)
[PRECOND DEBUG] Output preconditioned ||M⁻¹r|| = 1.198e+05 (α₀=0, ratio=1, α_eff=0)
[PRECOND DEBUG] Ratio ||M⁻¹r|| / ||r|| = 0.03984
[PRECOND DEBUG] Input residual ||r|| = 3.499e+06 (call #1730)
[PRECOND BLOCK NORMS] U: 1.011e+05, V: 177.7, MU: 6332
[PRECOND BLOCK NORMS] PHI: 3.557e+04
[PRECOND BLOCK NORMS] W: 50.85, THETA: 5120
[PRECOND TIMING] W-THETA coupled solve: 5 ms (3321 columns)
[PRECOND DEBUG] Output preconditioned ||M⁻¹r|| = 1.075e+05 (α₀=0, ratio=1, α_eff=0)
[PRECOND DEBUG] Ratio ||M⁻¹r|| / ||r|| = 0.03071
[PRECOND DEBUG] Input residual ||r|| = 2.662e+06 (call #1735)
[PRECOND BLOCK NORMS] U: 1.29e+05, V: 274, MU: 1.002e+04
[PRECOND BLOCK NORMS] PHI: 5.632e+04
[PRECOND BLOCK NORMS] W: 50.31, THETA: 5568
[PRECOND TIMING] W-THETA coupled solve: 5 ms (3321 columns)
[PRECOND DEBUG] Output preconditioned ||M⁻¹r|| = 1.412e+05 (α₀=0, ratio=1, α_eff=0)
[PRECOND DEBUG] Ratio ||M⁻¹r|| / ||r|| = 0.05305
[PRECOND DEBUG] Input residual ||r|| = 3.363e+06 (call #1740)
[PRECOND BLOCK NORMS] U: 1.34e+05, V: 190.8, MU: 6924
[PRECOND BLOCK NORMS] PHI: 3.893e+04
[PRECOND BLOCK NORMS] W: 47.62, THETA: 5729
[PRECOND TIMING] W-THETA coupled solve: 6 ms (3321 columns)
[PRECOND DEBUG] Output preconditioned ||M⁻¹r|| = 1.398e+05 (α₀=0, ratio=1, α_eff=0)
[PRECOND DEBUG] Ratio ||M⁻¹r|| / ||r|| = 0.04158
[PRECOND DEBUG] Input residual ||r|| = 3.37e+06 (call #1745)
[PRECOND BLOCK NORMS] U: 1.41e+05, V: 292.6, MU: 1.074e+04
[PRECOND BLOCK NORMS] PHI: 6.036e+04
[PRECOND BLOCK NORMS] W: 59.3, THETA: 4747
[PRECOND TIMING] W-THETA coupled solve: 5 ms (3321 columns)
[PRECOND DEBUG] Output preconditioned ||M⁻¹r|| = 1.538e+05 (α₀=0, ratio=1, α_eff=0)
[PRECOND DEBUG] Ratio ||M⁻¹r|| / ||r|| = 0.04564
[PRECOND DEBUG] Input residual ||r|| = 3.056e+06 (call #1750)
[PRECOND BLOCK NORMS] U: 1.615e+05, V: 291.2, MU: 1.071e+04
[PRECOND BLOCK NORMS] PHI: 6.018e+04
[PRECOND BLOCK NORMS] W: 69.94, THETA: 3801
[PRECOND TIMING] W-THETA coupled solve: 6 ms (3321 columns)
[PRECOND DEBUG] Output preconditioned ||M⁻¹r|| = 1.727e+05 (α₀=0, ratio=1, α_eff=0)
[PRECOND DEBUG] Ratio ||M⁻¹r|| / ||r|| = 0.05651
[GMRES] restart=1 j=162: hess_est=0.2716, true_err=0.2716 CONVERGED
[GMRES BLOCK r/b] restart=1 j=162 ru=8.6768 rv=8.1777 rw=62.3489 ph=84.0605 t=12.6632 mu=8.4762
[FGMRES] CONVERGED: ||x||=0.0174, ||r_true||=260.6758, ||b||=1039.4686, rel_error=0.2508, tol=0.3000, restarts=1, arnoldi=163 (block-scaled)
[GMRES BLOCK RESIDUAL] ru=2.125e+01(rel=0.046,share=0.000) rv=2.003e+01(rel=0.043,share=0.000) rw=1.527e+02(rel=0.329,share=0.022) ph=2.059e+02(rel=0.443,share=0.039) t=3.102e+01(rel=0.067,share=0.001) mu=2.076e+01(rel=0.360,share=0.000) 
[Newton] GMRES: 163 krylov iters, ||dK||=1913, rel_error=0.2508 (OK)
[Newton] JVP calls: 164, total JVP time: 9311 ms, avg: 56.78 ms/call
[SOLVER TELEMETRY] stage=2, newton=0, gmres_iters=163, gmres_rel=0.2508, jvp_calls=164, jvp_ms=9311, warmstart=off, inn_status=no_base_warmstart, inn_reason_code=2, inn_candidate=no, inn_used=no, inn_gate_pass=no, inn_q=0, inn_r_base=0, inn_r_cand=0, inn_x0_base_norm=0, inn_x0_cand_norm=0, inn_x0_delta_norm=0, inn_x0_rel_delta=0, inn_gate_rel_diff=0, inn_gate_non_degrade=no, inn_gate_quality_ok=no, inn_tol_ramped=no, inn_base_warmstart=no, inn_prev_shape_ok=no, inn_prev_quality_ok=no, inn_prev_varpc_ok=no, inn_prev_rel=0, inn_ru_share_base=0, inn_ru_share_cand=0, inn_rw_share_base=0, inn_rw_share_cand=0, inn_ph_share_base=0, inn_ph_share_cand=0, variable_pc=no, jvp_mode=unlocked, jvp_fd_mode=none, jvp_ad_calls=164, jvp_fd_calls=0, jvp_eps_mean=0, jvp_eps_min=0, jvp_eps_max=0, jvp_eps_auto_calls=0, jvp_eps_manual_calls=0, ew_eta_enabled=yes, ew_eta=0.3, ew_eta_updated=no, krylov_tol_final=0.3, krylov_tol_stage_override=no, budget_coupled=yes, budget_eta=0.3, budget_scale=0.85

--- Newton iteration 1 starting ---
[PRECOND] set_stage_state ENTRY: stage=2, mu_pert.defined()=1, mu_pert.dim()=2
[PRECOND] set_stage_state: mu_base_2d.sizes()=[81, 41], mu_pert.sizes()=[81, 41]
[PRECOND] mu_scale_correction = 0.9907 (mu_full_mean=8.826e+04 / mu_rep=8.908e+04)
[Newton] iter 1: ||S⁻¹R||_rms=2.7831e-01 [scaled-RMS], ||R||=3.1955e+08 [unscaled-L2], tol=2.0000e-01
[EISENSTAT-WALKER] Newton iter 1
  ||R_k|| = 0.2783
  ||R_{k-1}|| = 1
  Residual ratio = 0.2783
  gamma=0.9, alpha=1.5
  Adaptive eta_k = 0.1479 (range: 0.02 to 0.3)
[BLOCK_RES] iter=1 ru=2.68e+04 rv=7.80e+03 rw=1.32e+04 ph=4.07e+04 t=2.34e+04 mu=1.33e+06 max=1.33e+06 ru_share=0.015
[Newton] JVP method: FORWARD-MODE AD (compute_jvp_forward_mode)
[Newton] JVP ready for GMRES (use_autograd=true)
[JVP FORWARD] Call #1: forward-mode AD took 54 ms
[JVP DIAG] call #1: ||dK||=1913, ||v=dt*γ*dK||=5.003e+05, ||J*v||=5.452e+08, ||dK-J*v||=5.452e+08, ratio ||J*v||/||dK||=2.85e+05
[GMRES BLOCK-SCALE] ru: ||r0||=139.1 → D_inv=0.007188
[GMRES BLOCK-SCALE] rv: ||r0||=164.7 → D_inv=0.006071
[GMRES BLOCK-SCALE] rw: ||r0||=153.2 → D_inv=0.006527
[GMRES BLOCK-SCALE] ph: ||r0||=239 → D_inv=0.004185
[GMRES BLOCK-SCALE] t: ||r0||=140.8 → D_inv=0.007104
[GMRES BLOCK-SCALE] mu: ||r0||=15.48 → D_inv=0.0646
[FGMRES] Z-basis memory budget: restart=211 x numel=1080491 => ~869.7 MiB per cycle
[JVP FORWARD] Call #2: forward-mode AD took 54 ms
[JVP DIAG] call #2: ||dK||=1.48e+05, ||v=dt*γ*dK||=3.87e+07, ||J*v||=6.557e+09, ||dK-J*v||=6.557e+09, ratio ||J*v||/||dK||=4.431e+04
[PRECOND DEBUG] Input residual ||r|| = 3.433e+06 (call #1755)
[PRECOND BLOCK NORMS] U: 5.135e+04, V: 133, MU: 1871
[PRECOND BLOCK NORMS] PHI: 1.062e+04
[PRECOND BLOCK NORMS] W: 20.86, THETA: 2158
[PRECOND TIMING] W-THETA coupled solve: 6 ms (3321 columns)
[PRECOND DEBUG] Output preconditioned ||M⁻¹r|| = 5.251e+04 (α₀=0, ratio=0.2783, α_eff=0)
[PRECOND DEBUG] Ratio ||M⁻¹r|| / ||r|| = 0.01529
[JVP FORWARD] Call #3: forward-mode AD took 54 ms
[JVP DIAG] call #3: ||dK||=5.251e+04, ||v=dt*γ*dK||=1.373e+07, ||J*v||=5.59e+09, ||dK-J*v||=5.59e+09, ratio ||J*v||/||dK||=1.065e+05
[GMRES REORTH] j=1 before=182.1 after1=105.6 after2=105.6 ratio=0.5803
[GMRES REORTH] j=2 before=121.8 after1=79.86 after2=79.86 ratio=0.6558
[PRECOND DEBUG] Input residual ||r|| = 3.252e+06 (call #1760)
[PRECOND BLOCK NORMS] U: 3.244e+04, V: 103.4, MU: 1165
[PRECOND BLOCK NORMS] PHI: 6600
[PRECOND BLOCK NORMS] W: 20.41, THETA: 918.8
[PRECOND TIMING] W-THETA coupled solve: 6 ms (3321 columns)
[PRECOND DEBUG] Output preconditioned ||M⁻¹r|| = 3.313e+04 (α₀=0, ratio=0.2783, α_eff=0)
[PRECOND DEBUG] Ratio ||M⁻¹r|| / ||r|| = 0.01019
[PRECOND DEBUG] Input residual ||r|| = 3.082e+06 (call #1765)
[PRECOND BLOCK NORMS] U: 3.318e+04, V: 96.73, MU: 1110
[PRECOND BLOCK NORMS] PHI: 6324
[PRECOND BLOCK NORMS] W: 21.44, THETA: 928.6
[PRECOND TIMING] W-THETA coupled solve: 6 ms (3321 columns)
[PRECOND DEBUG] Output preconditioned ||M⁻¹r|| = 3.381e+04 (α₀=0, ratio=0.2783, α_eff=0)
[PRECOND DEBUG] Ratio ||M⁻¹r|| / ||r|| = 0.01097
[PRECOND DEBUG] Input residual ||r|| = 3.611e+06 (call #1770)
[PRECOND BLOCK NORMS] U: 4.396e+04, V: 95.26, MU: 1345
[PRECOND BLOCK NORMS] PHI: 7659
[PRECOND BLOCK NORMS] W: 18.67, THETA: 1203
[PRECOND TIMING] W-THETA coupled solve: 6 ms (3321 columns)
[PRECOND DEBUG] Output preconditioned ||M⁻¹r|| = 4.465e+04 (α₀=0, ratio=0.2783, α_eff=0)
[PRECOND DEBUG] Ratio ||M⁻¹r|| / ||r|| = 0.01237
[PRECOND DEBUG] Input residual ||r|| = 4.542e+06 (call #1775)
[PRECOND BLOCK NORMS] U: 3.65e+04, V: 96.07, MU: 1128
[PRECOND BLOCK NORMS] PHI: 6408
[PRECOND BLOCK NORMS] W: 26.46, THETA: 1677
[PRECOND TIMING] W-THETA coupled solve: 6 ms (3321 columns)
[PRECOND DEBUG] Output preconditioned ||M⁻¹r|| = 3.71e+04 (α₀=0, ratio=0.2783, α_eff=0)
[PRECOND DEBUG] Ratio ||M⁻¹r|| / ||r|| = 0.008168
[PRECOND DEBUG] Input residual ||r|| = 3.252e+06 (call #1780)
[PRECOND BLOCK NORMS] U: 4.446e+04, V: 99.91, MU: 1475
[PRECOND BLOCK NORMS] PHI: 8400
[PRECOND BLOCK NORMS] W: 18.9, THETA: 2483
[PRECOND TIMING] W-THETA coupled solve: 6 ms (3321 columns)
[PRECOND DEBUG] Output preconditioned ||M⁻¹r|| = 4.533e+04 (α₀=0, ratio=0.2783, α_eff=0)
[PRECOND DEBUG] Ratio ||M⁻¹r|| / ||r|| = 0.01394
[PRECOND DEBUG] Input residual ||r|| = 4.687e+06 (call #1785)
[PRECOND BLOCK NORMS] U: 5.154e+04, V: 100.8, MU: 1816
[PRECOND BLOCK NORMS] PHI: 1.03e+04
[PRECOND BLOCK NORMS] W: 26.28, THETA: 3057
[PRECOND TIMING] W-THETA coupled solve: 5 ms (3321 columns)
[PRECOND DEBUG] Output preconditioned ||M⁻¹r|| = 5.267e+04 (α₀=0, ratio=0.2783, α_eff=0)
[PRECOND DEBUG] Ratio ||M⁻¹r|| / ||r|| = 0.01124
[PRECOND DEBUG] Input residual ||r|| = 4.859e+06 (call #1790)
[PRECOND BLOCK NORMS] U: 6.606e+04, V: 104, MU: 2091
[PRECOND BLOCK NORMS] PHI: 1.187e+04
[PRECOND BLOCK NORMS] W: 26.06, THETA: 2692
[PRECOND TIMING] W-THETA coupled solve: 5 ms (3321 columns)
[PRECOND DEBUG] Output preconditioned ||M⁻¹r|| = 6.718e+04 (α₀=0, ratio=0.2783, α_eff=0)
[PRECOND DEBUG] Ratio ||M⁻¹r|| / ||r|| = 0.01383
[PRECOND DEBUG] Input residual ||r|| = 4.586e+06 (call #1795)
[PRECOND BLOCK NORMS] U: 5.288e+04, V: 94.52, MU: 1323
[PRECOND BLOCK NORMS] PHI: 7528
[PRECOND BLOCK NORMS] W: 25.57, THETA: 2494
[PRECOND TIMING] W-THETA coupled solve: 6 ms (3321 columns)
[PRECOND DEBUG] Output preconditioned ||M⁻¹r|| = 5.348e+04 (α₀=0, ratio=0.2783, α_eff=0)
[PRECOND DEBUG] Ratio ||M⁻¹r|| / ||r|| = 0.01166
[PRECOND DEBUG] Input residual ||r|| = 4.62e+06 (call #1800)
[PRECOND BLOCK NORMS] U: 5.819e+04, V: 84.44, MU: 1241
[PRECOND BLOCK NORMS] PHI: 7016
[PRECOND BLOCK NORMS] W: 25.96, THETA: 3145
[PRECOND TIMING] W-THETA coupled solve: 6 ms (3321 columns)
[PRECOND DEBUG] Output preconditioned ||M⁻¹r|| = 5.87e+04 (α₀=0, ratio=0.2783, α_eff=0)
[PRECOND DEBUG] Ratio ||M⁻¹r|| / ||r|| = 0.01271
[PRECOND DEBUG] Input residual ||r|| = 5.238e+06 (call #1805)
[PRECOND BLOCK NORMS] U: 5.459e+04, V: 91.04, MU: 1821
[PRECOND BLOCK NORMS] PHI: 1.033e+04
[PRECOND BLOCK NORMS] W: 31.01, THETA: 3568
[PRECOND TIMING] W-THETA coupled solve: 6 ms (3321 columns)
[PRECOND DEBUG] Output preconditioned ||M⁻¹r|| = 5.569e+04 (α₀=0, ratio=0.2783, α_eff=0)
[PRECOND DEBUG] Ratio ||M⁻¹r|| / ||r|| = 0.01063
[PRECOND DEBUG] Input residual ||r|| = 5.452e+06 (call #1810)
[PRECOND BLOCK NORMS] U: 6.649e+04, V: 89.73, MU: 1914
[PRECOND BLOCK NORMS] PHI: 1.086e+04
[PRECOND BLOCK NORMS] W: 28.8, THETA: 3055
[PRECOND TIMING] W-THETA coupled solve: 6 ms (3321 columns)
[PRECOND DEBUG] Output preconditioned ||M⁻¹r|| = 6.745e+04 (α₀=0, ratio=0.2783, α_eff=0)
[PRECOND DEBUG] Ratio ||M⁻¹r|| / ||r|| = 0.01237
[PRECOND DEBUG] Input residual ||r|| = 5.915e+06 (call #1815)
[PRECOND BLOCK NORMS] U: 7.094e+04, V: 90.73, MU: 2202
[PRECOND BLOCK NORMS] PHI: 1.245e+04
[PRECOND BLOCK NORMS] W: 33.92, THETA: 3319
[PRECOND TIMING] W-THETA coupled solve: 5 ms (3321 columns)
[PRECOND DEBUG] Output preconditioned ||M⁻¹r|| = 7.212e+04 (α₀=0, ratio=0.2783, α_eff=0)
[PRECOND DEBUG] Ratio ||M⁻¹r|| / ||r|| = 0.01219
[PRECOND DEBUG] Input residual ||r|| = 5.843e+06 (call #1820)
[PRECOND BLOCK NORMS] U: 5.949e+04, V: 93.61, MU: 2136
[PRECOND BLOCK NORMS] PHI: 1.209e+04
[PRECOND BLOCK NORMS] W: 26.35, THETA: 2736
[PRECOND TIMING] W-THETA coupled solve: 6 ms (3321 columns)
[PRECOND DEBUG] Output preconditioned ||M⁻¹r|| = 6.08e+04 (α₀=0, ratio=0.2783, α_eff=0)
[PRECOND DEBUG] Ratio ||M⁻¹r|| / ||r|| = 0.01041
[PRECOND DEBUG] Input residual ||r|| = 4.692e+06 (call #1825)
[PRECOND BLOCK NORMS] U: 6.515e+04, V: 94.54, MU: 1925
[PRECOND BLOCK NORMS] PHI: 1.091e+04
[PRECOND BLOCK NORMS] W: 24.61, THETA: 3534
[PRECOND TIMING] W-THETA coupled solve: 6 ms (3321 columns)
[PRECOND DEBUG] Output preconditioned ||M⁻¹r|| = 6.616e+04 (α₀=0, ratio=0.2783, α_eff=0)
[PRECOND DEBUG] Ratio ||M⁻¹r|| / ||r|| = 0.0141
[PRECOND DEBUG] Input residual ||r|| = 6.464e+06 (call #1830)
[PRECOND BLOCK NORMS] U: 9.433e+04, V: 105.7, MU: 3344
[PRECOND BLOCK NORMS] PHI: 1.893e+04
[PRECOND BLOCK NORMS] W: 31.78, THETA: 3198
[PRECOND TIMING] W-THETA coupled solve: 5 ms (3321 columns)
[PRECOND DEBUG] Output preconditioned ||M⁻¹r|| = 9.63e+04 (α₀=0, ratio=0.2783, α_eff=0)
[PRECOND DEBUG] Ratio ||M⁻¹r|| / ||r|| = 0.0149
[PRECOND DEBUG] Input residual ||r|| = 4.997e+06 (call #1835)
[PRECOND BLOCK NORMS] U: 6.836e+04, V: 97.91, MU: 2158
[PRECOND BLOCK NORMS] PHI: 1.216e+04
[PRECOND BLOCK NORMS] W: 25.95, THETA: 2933
[PRECOND TIMING] W-THETA coupled solve: 5 ms (3321 columns)
[PRECOND DEBUG] Output preconditioned ||M⁻¹r|| = 6.952e+04 (α₀=0, ratio=0.2783, α_eff=0)
[PRECOND DEBUG] Ratio ||M⁻¹r|| / ||r|| = 0.01391
[PRECOND DEBUG] Input residual ||r|| = 5.054e+06 (call #1840)
[PRECOND BLOCK NORMS] U: 8.365e+04, V: 105.5, MU: 2763
[PRECOND BLOCK NORMS] PHI: 1.566e+04
[PRECOND BLOCK NORMS] W: 29.06, THETA: 3575
[PRECOND TIMING] W-THETA coupled solve: 5 ms (3321 columns)
[PRECOND DEBUG] Output preconditioned ||M⁻¹r|| = 8.521e+04 (α₀=0, ratio=0.2783, α_eff=0)
[PRECOND DEBUG] Ratio ||M⁻¹r|| / ||r|| = 0.01686
[PRECOND DEBUG] Input residual ||r|| = 6.152e+06 (call #1845)
[PRECOND BLOCK NORMS] U: 9.05e+04, V: 103.9, MU: 3094
[PRECOND BLOCK NORMS] PHI: 1.751e+04
[PRECOND BLOCK NORMS] W: 39.49, THETA: 3679
[PRECOND TIMING] W-THETA coupled solve: 5 ms (3321 columns)
[PRECOND DEBUG] Output preconditioned ||M⁻¹r|| = 9.229e+04 (α₀=0, ratio=0.2783, α_eff=0)
[PRECOND DEBUG] Ratio ||M⁻¹r|| / ||r|| = 0.015
[PRECOND DEBUG] Input residual ||r|| = 4.629e+06 (call #1850)
[PRECOND BLOCK NORMS] U: 8.087e+04, V: 98.17, MU: 2505
[PRECOND BLOCK NORMS] PHI: 1.415e+04
[PRECOND BLOCK NORMS] W: 49.71, THETA: 4151
[PRECOND TIMING] W-THETA coupled solve: 5 ms (3321 columns)
[PRECOND DEBUG] Output preconditioned ||M⁻¹r|| = 8.223e+04 (α₀=0, ratio=0.2783, α_eff=0)
[PRECOND DEBUG] Ratio ||M⁻¹r|| / ||r|| = 0.01776
[PRECOND DEBUG] Input residual ||r|| = 6.108e+06 (call #1855)
[PRECOND BLOCK NORMS] U: 8.176e+04, V: 121.3, MU: 3735
[PRECOND BLOCK NORMS] PHI: 2.113e+04
[PRECOND BLOCK NORMS] W: 53.47, THETA: 3211
[PRECOND TIMING] W-THETA coupled solve: 6 ms (3321 columns)
[PRECOND DEBUG] Output preconditioned ||M⁻¹r|| = 8.457e+04 (α₀=0, ratio=0.2783, α_eff=0)
[PRECOND DEBUG] Ratio ||M⁻¹r|| / ||r|| = 0.01385
[PRECOND DEBUG] Input residual ||r|| = 5.968e+06 (call #1860)
[PRECOND BLOCK NORMS] U: 1.159e+05, V: 114.3, MU: 3690
[PRECOND BLOCK NORMS] PHI: 2.094e+04
[PRECOND BLOCK NORMS] W: 56.21, THETA: 3561
[PRECOND TIMING] W-THETA coupled solve: 5 ms (3321 columns)
[PRECOND DEBUG] Output preconditioned ||M⁻¹r|| = 1.179e+05 (α₀=0, ratio=0.2783, α_eff=0)
[PRECOND DEBUG] Ratio ||M⁻¹r|| / ||r|| = 0.01975
[PRECOND DEBUG] Input residual ||r|| = 5.133e+06 (call #1865)
[PRECOND BLOCK NORMS] U: 1.071e+05, V: 122.1, MU: 3937
[PRECOND BLOCK NORMS] PHI: 2.234e+04
[PRECOND BLOCK NORMS] W: 56.24, THETA: 4203
[PRECOND TIMING] W-THETA coupled solve: 5 ms (3321 columns)
[PRECOND DEBUG] Output preconditioned ||M⁻¹r|| = 1.095e+05 (α₀=0, ratio=0.2783, α_eff=0)
[PRECOND DEBUG] Ratio ||M⁻¹r|| / ||r|| = 0.02134
[PRECOND DEBUG] Input residual ||r|| = 6.032e+06 (call #1870)
[PRECOND BLOCK NORMS] U: 7.852e+04, V: 102.7, MU: 3195
[PRECOND BLOCK NORMS] PHI: 1.808e+04
[PRECOND BLOCK NORMS] W: 61.89, THETA: 4134
[PRECOND TIMING] W-THETA coupled solve: 6 ms (3321 columns)
[PRECOND DEBUG] Output preconditioned ||M⁻¹r|| = 8.073e+04 (α₀=0, ratio=0.2783, α_eff=0)
[PRECOND DEBUG] Ratio ||M⁻¹r|| / ||r|| = 0.01338
[PRECOND DEBUG] Input residual ||r|| = 6.045e+06 (call #1875)
[PRECOND BLOCK NORMS] U: 9.757e+04, V: 121.9, MU: 4023
[PRECOND BLOCK NORMS] PHI: 2.273e+04
[PRECOND BLOCK NORMS] W: 55.56, THETA: 4213
[PRECOND TIMING] W-THETA coupled solve: 5 ms (3321 columns)
[PRECOND DEBUG] Output preconditioned ||M⁻¹r|| = 1.003e+05 (α₀=0, ratio=0.2783, α_eff=0)
[PRECOND DEBUG] Ratio ||M⁻¹r|| / ||r|| = 0.0166
[PRECOND DEBUG] Input residual ||r|| = 6.048e+06 (call #1880)
[PRECOND BLOCK NORMS] U: 1.115e+05, V: 135, MU: 4490
[PRECOND BLOCK NORMS] PHI: 2.54e+04
[PRECOND BLOCK NORMS] W: 39.85, THETA: 4099
[PRECOND TIMING] W-THETA coupled solve: 6 ms (3321 columns)
[PRECOND DEBUG] Output preconditioned ||M⁻¹r|| = 1.145e+05 (α₀=0, ratio=0.2783, α_eff=0)
[PRECOND DEBUG] Ratio ||M⁻¹r|| / ||r|| = 0.01893
[PRECOND DEBUG] Input residual ||r|| = 5.194e+06 (call #1885)
[PRECOND BLOCK NORMS] U: 1.007e+05, V: 165.9, MU: 5803
[PRECOND BLOCK NORMS] PHI: 3.298e+04
[PRECOND BLOCK NORMS] W: 65.22, THETA: 4387
[PRECOND TIMING] W-THETA coupled solve: 6 ms (3321 columns)
[PRECOND DEBUG] Output preconditioned ||M⁻¹r|| = 1.062e+05 (α₀=0, ratio=0.2783, α_eff=0)
[PRECOND DEBUG] Ratio ||M⁻¹r|| / ||r|| = 0.02045
[PRECOND DEBUG] Input residual ||r|| = 6.254e+06 (call #1890)
[PRECOND BLOCK NORMS] U: 9.011e+04, V: 120.7, MU: 4056
[PRECOND BLOCK NORMS] PHI: 2.305e+04
[PRECOND BLOCK NORMS] W: 65.82, THETA: 4049
[PRECOND TIMING] W-THETA coupled solve: 5 ms (3321 columns)
[PRECOND DEBUG] Output preconditioned ||M⁻¹r|| = 9.318e+04 (α₀=0, ratio=0.2783, α_eff=0)
[PRECOND DEBUG] Ratio ||M⁻¹r|| / ||r|| = 0.0149
[PRECOND DEBUG] Input residual ||r|| = 6.134e+06 (call #1895)
[PRECOND BLOCK NORMS] U: 9.582e+04, V: 152.1, MU: 5283
[PRECOND BLOCK NORMS] PHI: 2.991e+04
[PRECOND BLOCK NORMS] W: 43.19, THETA: 4158
[PRECOND TIMING] W-THETA coupled solve: 5 ms (3321 columns)
[PRECOND DEBUG] Output preconditioned ||M⁻¹r|| = 1.006e+05 (α₀=0, ratio=0.2783, α_eff=0)
[PRECOND DEBUG] Ratio ||M⁻¹r|| / ||r|| = 0.0164
[PRECOND DEBUG] Input residual ||r|| = 6.477e+06 (call #1900)
[PRECOND BLOCK NORMS] U: 9.127e+04, V: 117.6, MU: 3978
[PRECOND BLOCK NORMS] PHI: 2.252e+04
[PRECOND BLOCK NORMS] W: 51.43, THETA: 4528
[PRECOND TIMING] W-THETA coupled solve: 5 ms (3321 columns)
[PRECOND DEBUG] Output preconditioned ||M⁻¹r|| = 9.419e+04 (α₀=0, ratio=0.2783, α_eff=0)
[PRECOND DEBUG] Ratio ||M⁻¹r|| / ||r|| = 0.01454
[PRECOND DEBUG] Input residual ||r|| = 5.926e+06 (call #1905)
[PRECOND BLOCK NORMS] U: 9.361e+04, V: 143.4, MU: 4886
[PRECOND BLOCK NORMS] PHI: 2.751e+04
[PRECOND BLOCK NORMS] W: 59.85, THETA: 3925
[PRECOND TIMING] W-THETA coupled solve: 6 ms (3321 columns)
[PRECOND DEBUG] Output preconditioned ||M⁻¹r|| = 9.774e+04 (α₀=0, ratio=0.2783, α_eff=0)
[PRECOND DEBUG] Ratio ||M⁻¹r|| / ||r|| = 0.01649
[PRECOND DEBUG] Input residual ||r|| = 5.167e+06 (call #1910)
[PRECOND BLOCK NORMS] U: 1.131e+05, V: 188.7, MU: 6628
[PRECOND BLOCK NORMS] PHI: 3.724e+04
[PRECOND BLOCK NORMS] W: 51.62, THETA: 3743
[PRECOND TIMING] W-THETA coupled solve: 6 ms (3321 columns)
[PRECOND DEBUG] Output preconditioned ||M⁻¹r|| = 1.193e+05 (α₀=0, ratio=0.2783, α_eff=0)
[PRECOND DEBUG] Ratio ||M⁻¹r|| / ||r|| = 0.02309
[PRECOND DEBUG] Input residual ||r|| = 4.884e+06 (call #1915)
[PRECOND BLOCK NORMS] U: 1.012e+05, V: 175.6, MU: 6089
[PRECOND BLOCK NORMS] PHI: 3.456e+04
[PRECOND BLOCK NORMS] W: 57.48, THETA: 3987
[PRECOND TIMING] W-THETA coupled solve: 6 ms (3321 columns)
[PRECOND DEBUG] Output preconditioned ||M⁻¹r|| = 1.072e+05 (α₀=0, ratio=0.2783, α_eff=0)
[PRECOND DEBUG] Ratio ||M⁻¹r|| / ||r|| = 0.02195
[PRECOND DEBUG] Input residual ||r|| = 5.143e+06 (call #1920)
[PRECOND BLOCK NORMS] U: 9.238e+04, V: 145.9, MU: 4903
[PRECOND BLOCK NORMS] PHI: 2.769e+04
[PRECOND BLOCK NORMS] W: 68.72, THETA: 3524
[PRECOND TIMING] W-THETA coupled solve: 5 ms (3321 columns)
[PRECOND DEBUG] Output preconditioned ||M⁻¹r|| = 9.662e+04 (α₀=0, ratio=0.2783, α_eff=0)
[PRECOND DEBUG] Ratio ||M⁻¹r|| / ||r|| = 0.01879
[PRECOND DEBUG] Input residual ||r|| = 6.251e+06 (call #1925)
[PRECOND BLOCK NORMS] U: 1.179e+05, V: 184.3, MU: 6593
[PRECOND BLOCK NORMS] PHI: 3.733e+04
[PRECOND BLOCK NORMS] W: 56.52, THETA: 4222
[PRECOND TIMING] W-THETA coupled solve: 5 ms (3321 columns)
[PRECOND DEBUG] Output preconditioned ||M⁻¹r|| = 1.239e+05 (α₀=0, ratio=0.2783, α_eff=0)
[PRECOND DEBUG] Ratio ||M⁻¹r|| / ||r|| = 0.01983
[PRECOND DEBUG] Input residual ||r|| = 5.562e+06 (call #1930)
[PRECOND BLOCK NORMS] U: 1.18e+05, V: 247.8, MU: 9079
[PRECOND BLOCK NORMS] PHI: 5.114e+04
[PRECOND BLOCK NORMS] W: 60.79, THETA: 4624
[PRECOND TIMING] W-THETA coupled solve: 6 ms (3321 columns)
[PRECOND DEBUG] Output preconditioned ||M⁻¹r|| = 1.29e+05 (α₀=0, ratio=0.2783, α_eff=0)
[PRECOND DEBUG] Ratio ||M⁻¹r|| / ||r|| = 0.02319
[PRECOND DEBUG] Input residual ||r|| = 5.21e+06 (call #1935)
[PRECOND BLOCK NORMS] U: 1.196e+05, V: 235.8, MU: 8498
[PRECOND BLOCK NORMS] PHI: 4.785e+04
[PRECOND BLOCK NORMS] W: 67.13, THETA: 3875
[PRECOND TIMING] W-THETA coupled solve: 5 ms (3321 columns)
[PRECOND DEBUG] Output preconditioned ||M⁻¹r|| = 1.292e+05 (α₀=0, ratio=0.2783, α_eff=0)
[PRECOND DEBUG] Ratio ||M⁻¹r|| / ||r|| = 0.02479
[PRECOND DEBUG] Input residual ||r|| = 4.453e+06 (call #1940)
[PRECOND BLOCK NORMS] U: 1.164e+05, V: 214.3, MU: 7729
[PRECOND BLOCK NORMS] PHI: 4.356e+04
[PRECOND BLOCK NORMS] W: 63.56, THETA: 4443
[PRECOND TIMING] W-THETA coupled solve: 6 ms (3321 columns)
[PRECOND DEBUG] Output preconditioned ||M⁻¹r|| = 1.246e+05 (α₀=0, ratio=0.2783, α_eff=0)
[PRECOND DEBUG] Ratio ||M⁻¹r|| / ||r|| = 0.02799
[PRECOND DEBUG] Input residual ||r|| = 4.227e+06 (call #1945)
[PRECOND BLOCK NORMS] U: 9.958e+04, V: 173.3, MU: 6119
[PRECOND BLOCK NORMS] PHI: 3.45e+04
[PRECOND BLOCK NORMS] W: 74.16, THETA: 4196
[PRECOND TIMING] W-THETA coupled solve: 5 ms (3321 columns)
[PRECOND DEBUG] Output preconditioned ||M⁻¹r|| = 1.056e+05 (α₀=0, ratio=0.2783, α_eff=0)
[PRECOND DEBUG] Ratio ||M⁻¹r|| / ||r|| = 0.02499
[PRECOND DEBUG] Input residual ||r|| = 4.293e+06 (call #1950)
[PRECOND BLOCK NORMS] U: 9.254e+04, V: 120.9, MU: 3861
[PRECOND BLOCK NORMS] PHI: 2.184e+04
[PRECOND BLOCK NORMS] W: 71.92, THETA: 4307
[PRECOND TIMING] W-THETA coupled solve: 5 ms (3321 columns)
[PRECOND DEBUG] Output preconditioned ||M⁻¹r|| = 9.523e+04 (α₀=0, ratio=0.2783, α_eff=0)
[PRECOND DEBUG] Ratio ||M⁻¹r|| / ||r|| = 0.02218
[PRECOND DEBUG] Input residual ||r|| = 4.8e+06 (call #1955)
[PRECOND BLOCK NORMS] U: 1.122e+05, V: 141.4, MU: 4891
[PRECOND BLOCK NORMS] PHI: 2.762e+04
[PRECOND BLOCK NORMS] W: 56.99, THETA: 4895
[PRECOND TIMING] W-THETA coupled solve: 6 ms (3321 columns)
[PRECOND DEBUG] Output preconditioned ||M⁻¹r|| = 1.157e+05 (α₀=0, ratio=0.2783, α_eff=0)
[PRECOND DEBUG] Ratio ||M⁻¹r|| / ||r|| = 0.02411
[PRECOND DEBUG] Input residual ||r|| = 4.541e+06 (call #1960)
[PRECOND BLOCK NORMS] U: 1.233e+05, V: 184.5, MU: 6536
[PRECOND BLOCK NORMS] PHI: 3.697e+04
[PRECOND BLOCK NORMS] W: 70.33, THETA: 4726
[PRECOND TIMING] W-THETA coupled solve: 5 ms (3321 columns)
[PRECOND DEBUG] Output preconditioned ||M⁻¹r|| = 1.29e+05 (α₀=0, ratio=0.2783, α_eff=0)
[PRECOND DEBUG] Ratio ||M⁻¹r|| / ||r|| = 0.0284
[GMRES] restart=1 j=210: hess_est=0.3324, true_err=0.3324
[GMRES BLOCK r/b] restart=1 j=210 ru=2.3034 rv=2.3181 rw=23.3924 ph=65.3070 t=3.5473 mu=1.6549
[FGMRES] NOT CONVERGED: ||x||=0.0055, ||r_true||=146.9664, ||b||=289.2987, rel_error=0.5080, tol=0.1479, restarts=1, arnoldi=211 (block-scaled)
[NEWTON] GMRES failed badly (rel_error=0.508): FGMRES max iterations reached (211 Arnoldi)
SDIRK3_GMRES_ESTIMATE_VS_TRUE stage=2 newton_iter=1 internal_iters=211 final_residual=147 rel_error_UNSCALED=0.508 b_unscaled_derived=289.3 note=minimised_norm_is_block_scaled
SDIRK3_GMRES_S_SCALE_RESIDUAL_TELEMETRY_ONLY scaled_rel=0.2347 num=0.2822 den=1.202  (TELEMETRY ONLY -- NOT the minimised norm: the internal convergence check uses D_inv block scaling, not S_diag. Ranking configurations by this number inverted the results twice; use error_tensor.)
SDIRK3_GMRES_TRIVIALITY ||x||=0.005452 ||b||=289.3 ratio=1.885e-05
[Newton] GMRES: 211 krylov iters, ||dK||=760.7, rel_error=0.508 (FAIL)
[Newton] JVP calls: 213, total JVP time: 1.209e+04 ms, avg: 56.74 ms/call
[SOLVER TELEMETRY] stage=2, newton=1, gmres_iters=211, gmres_rel=0.508, jvp_calls=213, jvp_ms=1.209e+04, warmstart=on, inn_status=prev_history_missing, inn_reason_code=4, inn_candidate=no, inn_used=no, inn_gate_pass=no, inn_q=0, inn_r_base=0, inn_r_cand=0, inn_x0_base_norm=0, inn_x0_cand_norm=0, inn_x0_delta_norm=0, inn_x0_rel_delta=0, inn_gate_rel_diff=0, inn_gate_non_degrade=no, inn_gate_quality_ok=no, inn_tol_ramped=no, inn_base_warmstart=yes, inn_prev_shape_ok=no, inn_prev_quality_ok=yes, inn_prev_varpc_ok=yes, inn_prev_rel=1, inn_ru_share_base=0, inn_ru_share_cand=0, inn_rw_share_base=0, inn_rw_share_cand=0, inn_ph_share_base=0, inn_ph_share_cand=0, variable_pc=no, jvp_mode=unlocked, jvp_fd_mode=none, jvp_ad_calls=213, jvp_fd_calls=0, jvp_eps_mean=0, jvp_eps_min=0, jvp_eps_max=0, jvp_eps_auto_calls=0, jvp_eps_manual_calls=0, ew_eta_enabled=yes, ew_eta=0.1479, ew_eta_updated=yes, krylov_tol_final=0.1479, krylov_tol_stage_override=no, budget_coupled=yes, budget_eta=0.1479, budget_scale=1.1

--- Newton iteration 2 starting ---
[PRECOND] set_stage_state ENTRY: stage=2, mu_pert.defined()=1, mu_pert.dim()=2
[PRECOND] set_stage_state: mu_base_2d.sizes()=[81, 41], mu_pert.sizes()=[81, 41]
[Newton] iter 2: ||S⁻¹R||_rms=1.3563e-01 [scaled-RMS], ||R||=6.1166e+07 [unscaled-L2], tol=2.0000e-01
[EISENSTAT-WALKER] Newton iter 2
  ||R_k|| = 0.1356
  ||R_{k-1}|| = 0.2783
  Residual ratio = 0.4873
  gamma=0.9, alpha=1.5
  Adaptive eta_k = 0.3 (range: 0.02 to 0.3)
[BLOCK_RES] iter=2 ru=3.14e+03 rv=1.35e+03 rw=9.96e+02 ph=2.74e+04 t=2.57e+03 mu=2.15e+05 max=2.15e+05 ru_share=0.009
[Newton] CONVERGED stage=2 iters=3 ||S⁻¹R||_rms=1.3563e-01 [scaled-RMS] (||R||=6.1166e+07 [unscaled-L2])
[RESIDUAL_REEVAL] Stage 2 (IMEX mode>=2): ||R_fast||=5.884e+04, ||R_newton||=0.1356, ||K_fast||=2225, rel_R_fast=26.44, wrms=7598, wrms_growth=0.01488, finite_guard=off
[NEWTON DAMP] Stage 2: reverted (||R|| 5.884e+04 → 2.321e+05, no absolute improvement)
[STAGE METRIC TELEMETRY] stage=2, split_mode=3, converged=1, gate_metric_mode=0, gate_metric_used=wrms_growth, gate_metric_value=0.01488, rho_newton_scaled_exit=0.1356, rho_gate_current=26.44, metric_mismatch=26.31, rho_gate_raw=26.44, rho_gate_abs_scaled=5.884e+04, wrms_norm=7598, wrms_growth=0.01488, rho_pred=0.1356, rho_actual=5.884e+04, rho_ratio=4.339e+05, r0_unscaled_l2=8.742e+08, mypx=0, mypy=0
[STAGE3 PREDICTOR] IMEX mode=3 fallback to depth-1 (k1 only) at stage 3 due to stage quality gate: rel_R_full_raw=26.44, converged=1
[IMEX MODE=3] Stage 3 predictor depth=1 (last stage converged=1, rel_R_full_raw=26.44)
[PHYSICS] Physics forcing inactive (ideal test case, max(|F_phys|) = 0)

=== NEWTON SOLVER ENTRY ===
  Stage: 3
  dt: 600, gamma: 0.4359
  dt*gamma: 261.5 (implicit timestep)
  U_n dim: 1, size: 1080491
  U_n shape: [1080491]
  max_newton_iter: 12
  newton_tol: 0.2
  gmres_restart: 10
=========================
Stage 3: Using predictor from K_prev, ||K|| = 0.8455 (K_prev depth=1)
[PRECOND] set_stage_state ENTRY: stage=3, mu_pert.defined()=1, mu_pert.dim()=2
[PRECOND] set_stage_state: mu_base_2d.sizes()=[81, 41], mu_pert.sizes()=[81, 41]
[PRECOND] set_stage_state: stage=3, ||mu_pert||/||mu_base||=0.2525% -> RECOMPUTE (stage changed)
UnifiedPreconditioner: Implicit damping/diffusion enabled:
  - Divergence damping: kdamp=0.2
  - Rayleigh damping: coef=0.2
  - W-damping: alpha=0.3
  IMEX scope gating (mode=3): rayleigh=OFF vdiff=OFF divergence=on
  wdamp: physical_w_direct_diag=0 extra_regularization=OFF
[PRECOND CTOR] STEP A: Damping config done, creating diagonal arrays with nz=64
[PRECOND CTOR] STEP A1: About to create TensorOptions
[PRECOND CTOR] STEP A2: TensorOptions created, calling torch::ones({nz+1})
[PRECOND CTOR] STEP A3: vertical_diag_w_ created
[PRECOND CTOR] STEP B: Diagonal arrays created
[PRECOND CTOR] STEP C: Off-diagonal arrays done, checking dz
[PRECOND CTOR] STEP D: dz_effective computed, caching...
[PRECOND CTOR] STEP E: dz_effective_cached_ done, size=64
[PRECONDITIONER] Raw momentum_coupling = 8.908e+04
[PRECONDITIONER] Per-k momentum_coupling range: 8.908e+04 to 8.908e+04 (scalar avg = 8.908e+04)

[PRECONDITIONER] W-block momentum coupling (from actual grid data):
  μ_representative (from mub.mean()) = 8.908e+04 Pa
  c1f_representative (from c1f.mean()) = 1
  c2f_representative (from c2f.mean()) = 0
  msfty_representative (from msfty.mean()) = 1
  msfty_safe (guarded) = 1
  Coupling factor (c1f*μ+c2f)/msfty = 8.908e+04 (scalar), per-k enabled

[PRECOND DIAG k=1] CONFIG-DRIVEN PRECONDITIONER:
  Config: clamps=ON, damping=0.05, momentum_range=[1e+04, 1e+05]
  Raw physics:
    diag_contribution = 1.664
    momentum_coupling_raw = 8.908e+04
  Scaling:
    diag_contrib / momentum_coupling = 1.868e-05
    dt = 600, gamma = 0.4359, dt*gamma = 261.5
    dt*gamma*contrib_scaled = 0.004885
  Acoustic Schur complement (W↔φ coupling):
    c_s = 340 m/s, dz_w = 263.6 m
    acoustic_cfl = dt*gamma*c_s/dz = 337.3
    acoustic_cfl² = 1.138e+05
    A_phi_diag = 1 + dt*gamma*c_s²/dz² = 436.1
    acoustic_schur = cfl²/A_phi = 260.9
    acoustic_schur_boosted = 521.8 (boost=2x)
  Diagonal:
    1 + direct + acoustic_schur_boosted = 522.8 (pure physics)
    + damping_factor = 522.9 (with 0.05 damping)
    Final diagonal = 522.9
  Preconditioning strength: 1/diagonal = 0.001912x

[PRECOND DIAG k=2] CONFIG-DRIVEN PRECONDITIONER:
  Config: clamps=ON, damping=0.05, momentum_range=[1e+04, 1e+05]
  Raw physics:
    diag_contribution = 1.674
    momentum_coupling_raw = 8.908e+04
  Scaling:
    diag_contrib / momentum_coupling = 1.879e-05
    dt = 600, gamma = 0.4359, dt*gamma = 261.5
    dt*gamma*contrib_scaled = 0.004915
  Acoustic Schur complement (W↔φ coupling):
    c_s = 340 m/s, dz_w = 262.8 m
    acoustic_cfl = dt*gamma*c_s/dz = 338.4
    acoustic_cfl² = 1.145e+05
    A_phi_diag = 1 + dt*gamma*c_s²/dz² = 438.9
    acoustic_schur = cfl²/A_phi = 260.9
    acoustic_schur_boosted = 521.8 (boost=2x)
  Diagonal:
    1 + direct + acoustic_schur_boosted = 522.9 (pure physics)
    + damping_factor = 522.9 (with 0.05 damping)
    Final diagonal = 522.9
  Preconditioning strength: 1/diagonal = 0.001912x

[PRECOND DIAG k=3] CONFIG-DRIVEN PRECONDITIONER:
  Config: clamps=ON, damping=0.05, momentum_range=[1e+04, 1e+05]
  Raw physics:
    diag_contribution = 1.688
    momentum_coupling_raw = 8.908e+04
  Scaling:
    diag_contrib / momentum_coupling = 1.895e-05
    dt = 600, gamma = 0.4359, dt*gamma = 261.5
    dt*gamma*contrib_scaled = 0.004956
  Acoustic Schur complement (W↔φ coupling):
    c_s = 340 m/s, dz_w = 261.7 m
    acoustic_cfl = dt*gamma*c_s/dz = 339.8
    acoustic_cfl² = 1.155e+05
    A_phi_diag = 1 + dt*gamma*c_s²/dz² = 442.5
    acoustic_schur = cfl²/A_phi = 260.9
    acoustic_schur_boosted = 521.9 (boost=2x)
  Diagonal:
    1 + direct + acoustic_schur_boosted = 522.9 (pure physics)
    + damping_factor = 522.9 (with 0.05 damping)
    Final diagonal = 522.9
  Preconditioning strength: 1/diagonal = 0.001912x

[PRECOND DIAG SUMMARY] dt=600 gamma=0.4359 dt*gamma=261.5
  D_w  range: [1, 523.1]
  D_θ  range: [1, 1]
  D_u  range: [1.012, 1.012]
  D_φ  range: [405.9, 532.3]
  D_μ  value: 1.005
SDIRK3_PRECOND_WDAMP_DIAG dt=600 rhs_config_enabled=0 physical_w_direct_diag=0 extra_regularization=0 extra_alpha=0 momentum_coupling_min=8.908e+04 momentum_coupling_max=8.908e+04 legacy_scaled_min=3.368e-06 legacy_scaled_max=3.368e-06 final_wdiag_min=1 final_wdiag_max=523.1 coefficient_generation=3

--- Newton iteration 0 starting ---
[PRECOND] set_stage_state ENTRY: stage=3, mu_pert.defined()=1, mu_pert.dim()=2
[PRECOND] set_stage_state: mu_base_2d.sizes()=[81, 41], mu_pert.sizes()=[81, 41]
[NEWTON] State validation at iteration 0:
[NEWTON] U_eval range: [-5.031e+07, 1.053e+08]
[NEWTON] U_eval norm: 3.551e+09
[NEWTON] Checking U_eval = U_stage + (600 * 0.4359) * K:
  W-block in U_eval: min/max = -3483 / 1.102e+04
  W-block norm = 3.733e+05
  W-block in U_stage: min/max = -3483 / 1.102e+04
  Scaling factor dt*gamma = 261.5
[NEWTON] Has NaN: NO
[NEWTON] Has Inf: NO
[NEWTON] WARNING: Very large state norm (>1e8) - may indicate unphysical conditions
[NEWTON] U_n norm: 3.551e+09
[NEWTON] U_stage norm: 3.551e+09
[NEWTON] K norm: 0.8455
[NEWTON] dt: 600, gamma: 0.4359
[SCALING] Rebuilding S from R₀ (iter 0):
  S[ru] = 5.138e+11 (RMS=5.138e+11, floor=1)
  S[rv] = 3.744e+07 (RMS=3.744e+07, floor=1)
  S[rw] = 5.446e+07 (RMS=5.446e+07, floor=1)
  S[ph] = 4.365e+08 (RMS=4.365e+08, floor=1)
  S[t] = 3.213e+07 (RMS=3.213e+07, floor=1)
  S[mu] = 4.378e+09 (RMS=4.378e+09, floor=1)
[Newton] Convergence norm: scaled-RMS ||S⁻¹R||/√N (N=1080491), atol=0.2, rtol=1e-10*0.9999=9.999e-11 => effective_tol=0.2
[Newton] iter 0: ||S⁻¹R||_rms=9.9987e-01 [scaled-RMS], ||R||=2.3974e+14 [unscaled-L2], tol=2.0000e-01
  ru: ||S⁻¹R||_rms=1 (N=217728)
  rv: ||S⁻¹R||_rms=1 (N=215168)
  rw: ||S⁻¹R||_rms=1 (N=215865)
  ph: ||S⁻¹R||_rms=1 (N=215865)
  t: ||S⁻¹R||_rms=1 (N=212544)
  mu: ||S⁻¹R||_rms=1 (N=3321)
[EISENSTAT-WALKER] Newton iter 0, Stage 3: using initial eta = 0.3
[BLOCK_RES] iter=0 ru=2.40e+14 rv=1.74e+10 rw=2.53e+10 ph=2.03e+11 t=1.48e+10 mu=2.52e+11 max=2.40e+14 ru_share=1.000
[RU_PROFILE] N=0 nz=64 |ru[k]|: 4.2e+08 2.3e+08 1.5e+08 9.7e+07 6.5e+07 5.0e+07 4.5e+07 4.4e+07 4.6e+07 4.9e+07 ... peak=k63 bdy_frac=0.635
[Newton] JVP method: FORWARD-MODE AD (compute_jvp_forward_mode)
[Newton] JVP ready for GMRES (use_autograd=true)
[PRECOND] Using TDMA preconditioner for GMRES
[GMRES POLICY] Stage 3: order=shipped, restart=10->163 (source=2), max_restarts=2->1, ew_scale=0.85, ew_applied=1, budget_active=1
[GMRES INIT] Stage 3 effective: restart=163, max_restarts=1, tol=0.3, budget_coupled=yes, budget_eta=0.3, budget_scale=0.85
[GMRES WARMSTART] stage=3 disabled (shape_ok=0, prev_rel=1, gate=1, prev_varpc=no)
[GMRES INN] stage=3, status=no_base_warmstart, reason_code=2, base_warmstart=no, built=no, used=no, gate_pass=no, prev_shape_ok=no, prev_quality_ok=no, prev_varpc_ok=no, prev_rel=0, q=0, r_base=0, r_cand=0, x0_base_norm=0, x0_cand_norm=0, x0_delta_norm=0, x0_rel_delta=0, gate_rel_diff=0, gate_non_degrade=no, gate_quality_ok=no, ru_share_base=0, ru_share_cand=0, rw_share_base=0, rw_share_cand=0, ph_share_base=0, ph_share_cand=0, tol_ramped=no
[PRECOND DEBUG] Input residual ||r|| = 2.306e+11 (call #1965)
[COUPLED DIAG 4x4] S_phi_phi/D_phi ratio: min=1, max=1, mean=1 (alpha_phi range: [1.562, 1.562]), max_dev=0, bad_levels(>0.1)=0/64 (phi-feedback OK)
[PRECOND BLOCK NORMS] U: 2.278e+11, V: 1.776e+08, MU: 6.422e+09
[PRECOND BLOCK NORMS] PHI: 3.595e+10
[PRECOND BLOCK NORMS] W: 3.478e+05, THETA: 1.425e+07
[PRECOND TIMING] W-THETA coupled solve: 5 ms (3321 columns)
[PRECOND DEBUG] Output preconditioned ||M⁻¹r|| = 2.307e+11 (α₀=0, ratio=1, α_eff=0)
[PRECOND DEBUG] Ratio ||M⁻¹r|| / ||r|| = 1
[GMRES BLOCK-SCALE] ru: ||r0||=466.6 → D_inv=0.002143
[GMRES BLOCK-SCALE] rv: ||r0||=463.9 → D_inv=0.002156
[GMRES BLOCK-SCALE] rw: ||r0||=464.6 → D_inv=0.002152
[GMRES BLOCK-SCALE] ph: ||r0||=464.6 → D_inv=0.002152
[GMRES BLOCK-SCALE] t: ||r0||=461 → D_inv=0.002169
[GMRES BLOCK-SCALE] mu: ||r0||=57.63 → D_inv=0.01735
[FGMRES] Z-basis memory budget: restart=4 x numel=1080491 => ~16.49 MiB per cycle
[PRECOND DEBUG] Input residual ||r|| = 2.098e+11 (call #1970)
[PRECOND BLOCK NORMS] U: 2.072e+11, V: 1.616e+08, MU: 5.841e+09
[PRECOND BLOCK NORMS] PHI: 3.27e+10
[PRECOND BLOCK NORMS] W: 3.177e+05, THETA: 1.312e+07
[PRECOND TIMING] W-THETA coupled solve: 6 ms (3321 columns)
[PRECOND DEBUG] Output preconditioned ||M⁻¹r|| = 2.099e+11 (α₀=0, ratio=1, α_eff=0)
[PRECOND DEBUG] Ratio ||M⁻¹r|| / ||r|| = 1
[GMRES REORTH] j=1 before=2.28e+06 after1=4680 after2=4672 ratio=0.002053
[GMRES REORTH] j=2 before=2.859e+05 after1=1.377e+04 after2=1.377e+04 ratio=0.04816
[GMRES] restart=1 j=3: hess_est=0.9283, true_err=0.9283
[GMRES BLOCK r/b] restart=1 j=3 ru=190.9953 rv=189.5345 rw=189.6964 ph=100.4511 t=188.7039 mu=22.0538
[FGMRES] NOT CONVERGED: ||x||=0.0000, ||r_true||=962.7546, ||b||=1039.3312, rel_error=0.9263, tol=0.0000, restarts=1, arnoldi=4 (block-scaled)
[GMRES BLOCK-SCALE] ru: ||r0||=466.6 → D_inv=0.002143
[GMRES BLOCK-SCALE] rv: ||r0||=463.9 → D_inv=0.002156
[GMRES BLOCK-SCALE] rw: ||r0||=464.6 → D_inv=0.002152
[GMRES BLOCK-SCALE] ph: ||r0||=464.6 → D_inv=0.002152
[GMRES BLOCK-SCALE] t: ||r0||=461 → D_inv=0.002169
[GMRES BLOCK-SCALE] mu: ||r0||=57.63 → D_inv=0.01735
[FGMRES] Z-basis memory budget: restart=4 x numel=1080491 => ~16.49 MiB per cycle
[GMRES] restart=1 j=3: hess_est=0.5414, true_err=0.5414
[GMRES BLOCK r/b] restart=1 j=3 ru=59.8507 rv=61.7930 rw=56.3948 ph=157.0912 t=49.9249 mu=19.8067
[FGMRES] NOT CONVERGED: ||x||=0.0000, ||r_true||=478.2667, ||b||=1039.3312, rel_error=0.4602, tol=0.0000, restarts=1, arnoldi=4 (block-scaled)
[GMRES BLOCK-SCALE] ru: ||r0||=466.6 → D_inv=0.002143
[GMRES BLOCK-SCALE] rv: ||r0||=463.9 → D_inv=0.002156
[GMRES BLOCK-SCALE] rw: ||r0||=464.6 → D_inv=0.002152
[GMRES BLOCK-SCALE] ph: ||r0||=464.6 → D_inv=0.002152
[GMRES BLOCK-SCALE] t: ||r0||=461 → D_inv=0.002169
[GMRES BLOCK-SCALE] mu: ||r0||=57.63 → D_inv=0.01735
[FGMRES] Z-basis memory budget: restart=4 x numel=1080491 => ~16.49 MiB per cycle
[PRECOND DEBUG] Input residual ||r|| = 5.559e+10 (call #1975)
[PRECOND BLOCK NORMS] U: 5.487e+10, V: 6.88e+07, MU: 1.54e+09
[PRECOND BLOCK NORMS] PHI: 8.619e+09
[PRECOND BLOCK NORMS] W: 8.766e+04, THETA: 3.692e+06
[PRECOND TIMING] W-THETA coupled solve: 5 ms (3321 columns)
[PRECOND DEBUG] Output preconditioned ||M⁻¹r|| = 5.557e+10 (α₀=0, ratio=1, α_eff=0)
[PRECOND DEBUG] Ratio ||M⁻¹r|| / ||r|| = 0.9996
[GMRES REORTH] j=2 before=2.936e+05 after1=1.896e+05 after2=1.896e+05 ratio=0.6457
[GMRES] restart=1 j=3: hess_est=0.7980, true_err=0.7981
[GMRES BLOCK r/b] restart=1 j=3 ru=166.9268 rv=184.9966 rw=165.1322 ph=103.3620 t=163.3272 mu=12.7246
[FGMRES] NOT CONVERGED: ||x||=0.0000, ||r_true||=872.2552, ||b||=1039.3312, rel_error=0.8392, tol=0.0000, restarts=1, arnoldi=4 (block-scaled)
[GMRES BLOCK-SCALE] ru: ||r0||=466.6 → D_inv=0.002143
[GMRES BLOCK-SCALE] rv: ||r0||=463.9 → D_inv=0.002156
[GMRES BLOCK-SCALE] rw: ||r0||=464.6 → D_inv=0.002152
[GMRES BLOCK-SCALE] ph: ||r0||=464.6 → D_inv=0.002152
[GMRES BLOCK-SCALE] t: ||r0||=461 → D_inv=0.002169
[GMRES BLOCK-SCALE] mu: ||r0||=57.63 → D_inv=0.01735
[FGMRES] Z-basis memory budget: restart=8 x numel=1080491 => ~32.97 MiB per cycle
[GMRES REORTH] j=1 before=2.28e+06 after1=4680 after2=4672 ratio=0.002053
[PRECOND DEBUG] Input residual ||r|| = 1.085e+10 (call #1980)
[PRECOND BLOCK NORMS] U: 1.071e+10, V: 4.697e+06, MU: 3.042e+08
[PRECOND BLOCK NORMS] PHI: 1.703e+09
[PRECOND BLOCK NORMS] W: 1.5e+04, THETA: 6.247e+05
[PRECOND TIMING] W-THETA coupled solve: 5 ms (3321 columns)
[PRECOND DEBUG] Output preconditioned ||M⁻¹r|| = 1.085e+10 (α₀=0, ratio=1, α_eff=0)
[PRECOND DEBUG] Ratio ||M⁻¹r|| / ||r|| = 0.9994
[GMRES REORTH] j=2 before=2.859e+05 after1=1.377e+04 after2=1.377e+04 ratio=0.04816
[PRECOND DEBUG] Input residual ||r|| = 1.349e+10 (call #1985)
[PRECOND BLOCK NORMS] U: 1.331e+10, V: 1.674e+07, MU: 3.763e+08
[PRECOND BLOCK NORMS] PHI: 2.107e+09
[PRECOND BLOCK NORMS] W: 3.057e+04, THETA: 7.929e+05
[PRECOND TIMING] W-THETA coupled solve: 5 ms (3321 columns)
[PRECOND DEBUG] Output preconditioned ||M⁻¹r|| = 1.348e+10 (α₀=0, ratio=1, α_eff=0)
[PRECOND DEBUG] Ratio ||M⁻¹r|| / ||r|| = 0.9995
[GMRES] restart=1 j=7: hess_est=0.9237, true_err=0.9237
[GMRES BLOCK r/b] restart=1 j=7 ru=190.9893 rv=189.2125 rw=189.6511 ph=90.7293 t=188.6668 mu=22.1151
[FGMRES] NOT CONVERGED: ||x||=0.0000, ||r_true||=956.4571, ||b||=1039.3312, rel_error=0.9203, tol=0.0000, restarts=1, arnoldi=8 (block-scaled)
SDIRK3_FROZEN_AB_BLOCKS stage=3 arm=M j=8 ru_rho0=1 ru_rho=1.002 rv_rho0=1 rv_rho=0.999 rw_rho0=1 rw_rho=0.9997 ph_rho0=1 ph_rho=0.4783 t_rho0=1 t_rho=1.002 mu_rho0=1 mu_rho=0.9399
[GMRES BLOCK-SCALE] ru: ||r0||=466.6 → D_inv=0.002143
[GMRES BLOCK-SCALE] rv: ||r0||=463.9 → D_inv=0.002156
[GMRES BLOCK-SCALE] rw: ||r0||=464.6 → D_inv=0.002152
[GMRES BLOCK-SCALE] ph: ||r0||=464.6 → D_inv=0.002152
[GMRES BLOCK-SCALE] t: ||r0||=461 → D_inv=0.002169
[GMRES BLOCK-SCALE] mu: ||r0||=57.63 → D_inv=0.01735
[FGMRES] Z-basis memory budget: restart=8 x numel=1080491 => ~32.97 MiB per cycle
[GMRES] restart=1 j=7: hess_est=0.4150, true_err=0.4150
[GMRES BLOCK r/b] restart=1 j=7 ru=42.6078 rv=45.3248 rw=41.1706 ph=129.2930 t=31.8452 mu=14.6136
[FGMRES] NOT CONVERGED: ||x||=0.0000, ||r_true||=375.4666, ||b||=1039.3312, rel_error=0.3613, tol=0.0000, restarts=1, arnoldi=8 (block-scaled)
SDIRK3_FROZEN_AB_BLOCKS stage=3 arm=I j=8 ru_rho0=1 ru_rho=0.2236 rv_rho0=1 rv_rho=0.2393 rw_rho0=1 rw_rho=0.217 ph_rho0=1 ph_rho=0.6816 t_rho0=1 t_rho=0.1692 mu_rho0=1 mu_rho=0.6211
[GMRES BLOCK-SCALE] ru: ||r0||=466.6 → D_inv=0.002143
[GMRES BLOCK-SCALE] rv: ||r0||=463.9 → D_inv=0.002156
[GMRES BLOCK-SCALE] rw: ||r0||=464.6 → D_inv=0.002152
[GMRES BLOCK-SCALE] ph: ||r0||=464.6 → D_inv=0.002152
[GMRES BLOCK-SCALE] t: ||r0||=461 → D_inv=0.002169
[GMRES BLOCK-SCALE] mu: ||r0||=57.63 → D_inv=0.01735
[FGMRES] Z-basis memory budget: restart=8 x numel=1080491 => ~32.97 MiB per cycle
[GMRES REORTH] j=2 before=2.936e+05 after1=1.896e+05 after2=1.896e+05 ratio=0.6457
[PRECOND DEBUG] Input residual ||r|| = 1.084e+11 (call #1990)
[PRECOND BLOCK NORMS] U: 1.07e+11, V: 6.539e+07, MU: 3.022e+09
[PRECOND BLOCK NORMS] PHI: 1.692e+10
[PRECOND BLOCK NORMS] W: 1.642e+05, THETA: 6.573e+06
[PRECOND TIMING] W-THETA coupled solve: 5 ms (3321 columns)
[PRECOND DEBUG] Output preconditioned ||M⁻¹r|| = 1.084e+11 (α₀=0, ratio=1, α_eff=0)
[PRECOND DEBUG] Ratio ||M⁻¹r|| / ||r|| = 1
[GMRES] restart=1 j=7: hess_est=0.7604, true_err=0.7604
[GMRES BLOCK r/b] restart=1 j=7 ru=154.8752 rv=176.2358 rw=153.9175 ph=98.3307 t=151.8539 mu=14.2176
[FGMRES] NOT CONVERGED: ||x||=0.0000, ||r_true||=818.2970, ||b||=1039.3312, rel_error=0.7873, tol=0.0000, restarts=1, arnoldi=8 (block-scaled)
SDIRK3_FROZEN_AB_BLOCKS stage=3 arm=Msel j=8 ru_rho0=1 ru_rho=0.8129 rv_rho0=1 rv_rho=0.9305 rw_rho0=1 rw_rho=0.8114 ph_rho0=1 ph_rho=0.5184 t_rho0=1 t_rho=0.8067 mu_rho0=1 mu_rho=0.6042
[GMRES BLOCK-SCALE] ru: ||r0||=466.6 → D_inv=0.002143
[GMRES BLOCK-SCALE] rv: ||r0||=463.9 → D_inv=0.002156
[GMRES BLOCK-SCALE] rw: ||r0||=464.6 → D_inv=0.002152
[GMRES BLOCK-SCALE] ph: ||r0||=464.6 → D_inv=0.002152
[GMRES BLOCK-SCALE] t: ||r0||=461 → D_inv=0.002169
[GMRES BLOCK-SCALE] mu: ||r0||=57.63 → D_inv=0.01735
[FGMRES] Z-basis memory budget: restart=16 x numel=1080491 => ~65.95 MiB per cycle
[PRECOND DEBUG] Input residual ||r|| = 8.486e+10 (call #1995)
[PRECOND BLOCK NORMS] U: 8.383e+10, V: 6.65e+07, MU: 2.363e+09
[PRECOND BLOCK NORMS] PHI: 1.323e+10
[PRECOND BLOCK NORMS] W: 1.283e+05, THETA: 5.314e+06
[PRECOND TIMING] W-THETA coupled solve: 5 ms (3321 columns)
[PRECOND DEBUG] Output preconditioned ||M⁻¹r|| = 8.49e+10 (α₀=0, ratio=1, α_eff=0)
[PRECOND DEBUG] Ratio ||M⁻¹r|| / ||r|| = 1
[GMRES REORTH] j=1 before=2.28e+06 after1=4680 after2=4672 ratio=0.002053
[GMRES REORTH] j=2 before=2.859e+05 after1=1.377e+04 after2=1.377e+04 ratio=0.04816
[PRECOND DEBUG] Input residual ||r|| = 1.714e+10 (call #2000)
[PRECOND BLOCK NORMS] U: 1.692e+10, V: 1.835e+07, MU: 4.765e+08
[PRECOND BLOCK NORMS] PHI: 2.668e+09
[PRECOND BLOCK NORMS] W: 2.825e+04, THETA: 1.085e+06
[PRECOND TIMING] W-THETA coupled solve: 6 ms (3321 columns)
[PRECOND DEBUG] Output preconditioned ||M⁻¹r|| = 1.714e+10 (α₀=0, ratio=1, α_eff=0)
[PRECOND DEBUG] Ratio ||M⁻¹r|| / ||r|| = 0.9999
[PRECOND DEBUG] Input residual ||r|| = 8.957e+09 (call #2005)
[PRECOND BLOCK NORMS] U: 8.818e+09, V: 1.176e+07, MU: 2.489e+08
[PRECOND BLOCK NORMS] PHI: 1.394e+09
[PRECOND BLOCK NORMS] W: 4.594e+04, THETA: 5.437e+05
[PRECOND TIMING] W-THETA coupled solve: 6 ms (3321 columns)
[PRECOND DEBUG] Output preconditioned ||M⁻¹r|| = 8.93e+09 (α₀=0, ratio=1, α_eff=0)
[PRECOND DEBUG] Ratio ||M⁻¹r|| / ||r|| = 0.997
[GMRES] restart=1 j=15: hess_est=0.9159, true_err=0.9159
[GMRES BLOCK r/b] restart=1 j=15 ru=190.9307 rv=188.2366 rw=189.6109 ph=77.7161 t=188.6351 mu=21.9460
[FGMRES] NOT CONVERGED: ||x||=0.0000, ||r_true||=948.2173, ||b||=1039.3312, rel_error=0.9123, tol=0.0000, restarts=1, arnoldi=16 (block-scaled)
[GMRES BLOCK-SCALE] ru: ||r0||=466.6 → D_inv=0.002143
[GMRES BLOCK-SCALE] rv: ||r0||=463.9 → D_inv=0.002156
[GMRES BLOCK-SCALE] rw: ||r0||=464.6 → D_inv=0.002152
[GMRES BLOCK-SCALE] ph: ||r0||=464.6 → D_inv=0.002152
[GMRES BLOCK-SCALE] t: ||r0||=461 → D_inv=0.002169
[GMRES BLOCK-SCALE] mu: ||r0||=57.63 → D_inv=0.01735
[FGMRES] Z-basis memory budget: restart=16 x numel=1080491 => ~65.95 MiB per cycle
[GMRES] restart=1 j=15: hess_est=0.2601, true_err=0.2601
[GMRES BLOCK r/b] restart=1 j=15 ru=39.7534 rv=43.4608 rw=40.1083 ph=80.6252 t=31.0442 mu=5.6273
[FGMRES] NOT CONVERGED: ||x||=0.0000, ||r_true||=274.5848, ||b||=1039.3312, rel_error=0.2642, tol=0.0000, restarts=1, arnoldi=16 (block-scaled)
[GMRES BLOCK-SCALE] ru: ||r0||=466.6 → D_inv=0.002143
[GMRES BLOCK-SCALE] rv: ||r0||=463.9 → D_inv=0.002156
[GMRES BLOCK-SCALE] rw: ||r0||=464.6 → D_inv=0.002152
[GMRES BLOCK-SCALE] ph: ||r0||=464.6 → D_inv=0.002152
[GMRES BLOCK-SCALE] t: ||r0||=461 → D_inv=0.002169
[GMRES BLOCK-SCALE] mu: ||r0||=57.63 → D_inv=0.01735
[FGMRES] Z-basis memory budget: restart=16 x numel=1080491 => ~65.95 MiB per cycle
[PRECOND DEBUG] Input residual ||r|| = 2.098e+11 (call #2010)
[PRECOND BLOCK NORMS] U: 2.072e+11, V: 1.616e+08, MU: 5.841e+09
[PRECOND BLOCK NORMS] PHI: 3.27e+10
[PRECOND BLOCK NORMS] W: 3.177e+05, THETA: 1.312e+07
[PRECOND TIMING] W-THETA coupled solve: 6 ms (3321 columns)
[PRECOND DEBUG] Output preconditioned ||M⁻¹r|| = 2.099e+11 (α₀=0, ratio=1, α_eff=0)
[PRECOND DEBUG] Ratio ||M⁻¹r|| / ||r|| = 1
[GMRES REORTH] j=2 before=2.936e+05 after1=1.896e+05 after2=1.896e+05 ratio=0.6457
[PRECOND DEBUG] Input residual ||r|| = 4.878e+10 (call #2015)
[PRECOND BLOCK NORMS] U: 4.806e+10, V: 3.738e+07, MU: 1.356e+09
[PRECOND BLOCK NORMS] PHI: 7.592e+09
[PRECOND BLOCK NORMS] W: 7.604e+04, THETA: 2.821e+06
[PRECOND TIMING] W-THETA coupled solve: 6 ms (3321 columns)
[PRECOND DEBUG] Output preconditioned ||M⁻¹r|| = 4.867e+10 (α₀=0, ratio=1, α_eff=0)
[PRECOND DEBUG] Ratio ||M⁻¹r|| / ||r|| = 0.9978
[PRECOND DEBUG] Input residual ||r|| = 1.528e+10 (call #2020)
[PRECOND BLOCK NORMS] U: 1.492e+10, V: 2.209e+07, MU: 4.184e+08
[PRECOND BLOCK NORMS] PHI: 2.345e+09
[PRECOND BLOCK NORMS] W: 5.098e+04, THETA: 7.392e+05
[PRECOND TIMING] W-THETA coupled solve: 6 ms (3321 columns)
[PRECOND DEBUG] Output preconditioned ||M⁻¹r|| = 1.511e+10 (α₀=0, ratio=1, α_eff=0)
[PRECOND DEBUG] Ratio ||M⁻¹r|| / ||r|| = 0.9888
[PRECOND DEBUG] Input residual ||r|| = 1.983e+10 (call #2025)
[PRECOND BLOCK NORMS] U: 1.941e+10, V: 1.934e+07, MU: 5.459e+08
[PRECOND BLOCK NORMS] PHI: 3.056e+09
[PRECOND BLOCK NORMS] W: 5.246e+04, THETA: 1.341e+06
[PRECOND TIMING] W-THETA coupled solve: 5 ms (3321 columns)
[PRECOND DEBUG] Output preconditioned ||M⁻¹r|| = 1.966e+10 (α₀=0, ratio=1, α_eff=0)
[PRECOND DEBUG] Ratio ||M⁻¹r|| / ||r|| = 0.9914
[GMRES] restart=1 j=15: hess_est=0.6593, true_err=0.6594
[GMRES BLOCK r/b] restart=1 j=15 ru=119.0069 rv=162.1015 rw=121.2069 ph=99.2678 t=117.8751 mu=15.0974
[FGMRES] NOT CONVERGED: ||x||=0.0000, ||r_true||=688.7545, ||b||=1039.3312, rel_error=0.6627, tol=0.0000, restarts=1, arnoldi=16 (block-scaled)
[GMRES BLOCK-SCALE] ru: ||r0||=466.6 → D_inv=0.002143
[GMRES BLOCK-SCALE] rv: ||r0||=463.9 → D_inv=0.002156
[GMRES BLOCK-SCALE] rw: ||r0||=464.6 → D_inv=0.002152
[GMRES BLOCK-SCALE] ph: ||r0||=464.6 → D_inv=0.002152
[GMRES BLOCK-SCALE] t: ||r0||=461 → D_inv=0.002169
[GMRES BLOCK-SCALE] mu: ||r0||=57.63 → D_inv=0.01735
[FGMRES] Z-basis memory budget: restart=32 x numel=1080491 => ~131.9 MiB per cycle
[GMRES REORTH] j=1 before=2.28e+06 after1=4680 after2=4672 ratio=0.002053
[GMRES REORTH] j=2 before=2.859e+05 after1=1.377e+04 after2=1.377e+04 ratio=0.04816
[PRECOND DEBUG] Input residual ||r|| = 3.234e+09 (call #2030)
[PRECOND BLOCK NORMS] U: 3.143e+09, V: 1.106e+07, MU: 8.912e+07
[PRECOND BLOCK NORMS] PHI: 4.99e+08
[PRECOND BLOCK NORMS] W: 1.482e+04, THETA: 1.498e+05
[PRECOND TIMING] W-THETA coupled solve: 6 ms (3321 columns)
[PRECOND DEBUG] Output preconditioned ||M⁻¹r|| = 3.183e+09 (α₀=0, ratio=1, α_eff=0)
[PRECOND DEBUG] Ratio ||M⁻¹r|| / ||r|| = 0.9843
[PRECOND DEBUG] Input residual ||r|| = 1.158e+10 (call #2035)
[PRECOND BLOCK NORMS] U: 1.142e+10, V: 1.73e+07, MU: 3.205e+08
[PRECOND BLOCK NORMS] PHI: 1.794e+09
[PRECOND BLOCK NORMS] W: 6.194e+04, THETA: 7.272e+05
[PRECOND TIMING] W-THETA coupled solve: 5 ms (3321 columns)
[PRECOND DEBUG] Output preconditioned ||M⁻¹r|| = 1.156e+10 (α₀=0, ratio=1, α_eff=0)
[PRECOND DEBUG] Ratio ||M⁻¹r|| / ||r|| = 0.9987
[PRECOND DEBUG] Input residual ||r|| = 1.328e+10 (call #2040)
[PRECOND BLOCK NORMS] U: 1.31e+10, V: 1.382e+07, MU: 3.699e+08
[PRECOND BLOCK NORMS] PHI: 2.071e+09
[PRECOND BLOCK NORMS] W: 4.483e+04, THETA: 7.978e+05
[PRECOND TIMING] W-THETA coupled solve: 6 ms (3321 columns)
[PRECOND DEBUG] Output preconditioned ||M⁻¹r|| = 1.327e+10 (α₀=0, ratio=1, α_eff=0)
[PRECOND DEBUG] Ratio ||M⁻¹r|| / ||r|| = 0.9988
[PRECOND DEBUG] Input residual ||r|| = 2.706e+09 (call #2045)
[PRECOND BLOCK NORMS] U: 2.584e+09, V: 1.77e+07, MU: 7.16e+07
[PRECOND BLOCK NORMS] PHI: 4.015e+08
[PRECOND BLOCK NORMS] W: 5.934e+04, THETA: 1.24e+05
[PRECOND TIMING] W-THETA coupled solve: 6 ms (3321 columns)
[PRECOND DEBUG] Output preconditioned ||M⁻¹r|| = 2.616e+09 (α₀=0, ratio=1, α_eff=0)
[PRECOND DEBUG] Ratio ||M⁻¹r|| / ||r|| = 0.9667
[PRECOND DEBUG] Input residual ||r|| = 5.256e+09 (call #2050)
[PRECOND BLOCK NORMS] U: 5.14e+09, V: 1.719e+07, MU: 1.43e+08
[PRECOND BLOCK NORMS] PHI: 8.009e+08
[PRECOND BLOCK NORMS] W: 5.027e+04, THETA: 3.513e+05
[PRECOND TIMING] W-THETA coupled solve: 5 ms (3321 columns)
[PRECOND DEBUG] Output preconditioned ||M⁻¹r|| = 5.204e+09 (α₀=0, ratio=1, α_eff=0)
[PRECOND DEBUG] Ratio ||M⁻¹r|| / ||r|| = 0.9901
[PRECOND DEBUG] Input residual ||r|| = 3.528e+09 (call #2055)
[PRECOND BLOCK NORMS] U: 3.407e+09, V: 1.785e+07, MU: 9.259e+07
[PRECOND BLOCK NORMS] PHI: 5.192e+08
[PRECOND BLOCK NORMS] W: 7.018e+04, THETA: 2.26e+05
[PRECOND TIMING] W-THETA coupled solve: 6 ms (3321 columns)
[PRECOND DEBUG] Output preconditioned ||M⁻¹r|| = 3.447e+09 (α₀=0, ratio=1, α_eff=0)
[PRECOND DEBUG] Ratio ||M⁻¹r|| / ||r|| = 0.9771
[GMRES] restart=1 j=31: hess_est=0.9049, true_err=0.9049
[GMRES BLOCK r/b] restart=1 j=31 ru=191.5538 rv=188.3856 rw=189.4815 ph=81.6528 t=189.1613 mu=19.9617
[FGMRES] NOT CONVERGED: ||x||=0.0000, ||r_true||=951.3655, ||b||=1039.3312, rel_error=0.9154, tol=0.0000, restarts=1, arnoldi=32 (block-scaled)
[GMRES BLOCK-SCALE] ru: ||r0||=466.6 → D_inv=0.002143
[GMRES BLOCK-SCALE] rv: ||r0||=463.9 → D_inv=0.002156
[GMRES BLOCK-SCALE] rw: ||r0||=464.6 → D_inv=0.002152
[GMRES BLOCK-SCALE] ph: ||r0||=464.6 → D_inv=0.002152
[GMRES BLOCK-SCALE] t: ||r0||=461 → D_inv=0.002169
[GMRES BLOCK-SCALE] mu: ||r0||=57.63 → D_inv=0.01735
[FGMRES] Z-basis memory budget: restart=32 x numel=1080491 => ~131.9 MiB per cycle
[GMRES] restart=1 j=31: hess_est=0.1972, true_err=0.1972
[GMRES BLOCK r/b] restart=1 j=31 ru=23.8349 rv=29.1637 rw=28.0530 ph=68.8878 t=16.0552 mu=4.2754
[FGMRES] NOT CONVERGED: ||x||=0.0000, ||r_true||=208.1823, ||b||=1039.3312, rel_error=0.2003, tol=0.0000, restarts=1, arnoldi=32 (block-scaled)
[GMRES BLOCK-SCALE] ru: ||r0||=466.6 → D_inv=0.002143
[GMRES BLOCK-SCALE] rv: ||r0||=463.9 → D_inv=0.002156
[GMRES BLOCK-SCALE] rw: ||r0||=464.6 → D_inv=0.002152
[GMRES BLOCK-SCALE] ph: ||r0||=464.6 → D_inv=0.002152
[GMRES BLOCK-SCALE] t: ||r0||=461 → D_inv=0.002169
[GMRES BLOCK-SCALE] mu: ||r0||=57.63 → D_inv=0.01735
[FGMRES] Z-basis memory budget: restart=32 x numel=1080491 => ~131.9 MiB per cycle
[PRECOND DEBUG] Input residual ||r|| = 1.746e+10 (call #2060)
[PRECOND BLOCK NORMS] U: 1.699e+10, V: 7.321e+06, MU: 4.823e+08
[PRECOND BLOCK NORMS] PHI: 2.701e+09
[PRECOND BLOCK NORMS] W: 2.428e+04, THETA: 9.361e+05
[PRECOND TIMING] W-THETA coupled solve: 6 ms (3321 columns)
[PRECOND DEBUG] Output preconditioned ||M⁻¹r|| = 1.721e+10 (α₀=0, ratio=1, α_eff=0)
[PRECOND DEBUG] Ratio ||M⁻¹r|| / ||r|| = 0.9859
[GMRES REORTH] j=2 before=2.936e+05 after1=1.896e+05 after2=1.896e+05 ratio=0.6457
[PRECOND DEBUG] Input residual ||r|| = 3.344e+10 (call #2065)
[PRECOND BLOCK NORMS] U: 3.296e+10, V: 2.411e+07, MU: 9.295e+08
[PRECOND BLOCK NORMS] PHI: 5.204e+09
[PRECOND BLOCK NORMS] W: 5.693e+04, THETA: 2.023e+06
[PRECOND TIMING] W-THETA coupled solve: 6 ms (3321 columns)
[PRECOND DEBUG] Output preconditioned ||M⁻¹r|| = 3.338e+10 (α₀=0, ratio=1, α_eff=0)
[PRECOND DEBUG] Ratio ||M⁻¹r|| / ||r|| = 0.998
[PRECOND DEBUG] Input residual ||r|| = 1.839e+10 (call #2070)
[PRECOND BLOCK NORMS] U: 1.803e+10, V: 2.787e+07, MU: 5.053e+08
[PRECOND BLOCK NORMS] PHI: 2.83e+09
[PRECOND BLOCK NORMS] W: 4.892e+04, THETA: 1.03e+06
[PRECOND TIMING] W-THETA coupled solve: 5 ms (3321 columns)
[PRECOND DEBUG] Output preconditioned ||M⁻¹r|| = 1.826e+10 (α₀=0, ratio=1, α_eff=0)
[PRECOND DEBUG] Ratio ||M⁻¹r|| / ||r|| = 0.9927
[PRECOND DEBUG] Input residual ||r|| = 1.193e+10 (call #2075)
[PRECOND BLOCK NORMS] U: 1.134e+10, V: 1.545e+07, MU: 3.185e+08
[PRECOND BLOCK NORMS] PHI: 1.784e+09
[PRECOND BLOCK NORMS] W: 2.967e+04, THETA: 7.691e+05
[PRECOND TIMING] W-THETA coupled solve: 6 ms (3321 columns)
[PRECOND DEBUG] Output preconditioned ||M⁻¹r|| = 1.149e+10 (α₀=0, ratio=1, α_eff=0)
[PRECOND DEBUG] Ratio ||M⁻¹r|| / ||r|| = 0.9628
[PRECOND DEBUG] Input residual ||r|| = 1.495e+10 (call #2080)
[PRECOND BLOCK NORMS] U: 1.456e+10, V: 1.353e+07, MU: 4.094e+08
[PRECOND BLOCK NORMS] PHI: 2.294e+09
[PRECOND BLOCK NORMS] W: 5.469e+04, THETA: 8.676e+05
[PRECOND TIMING] W-THETA coupled solve: 6 ms (3321 columns)
[PRECOND DEBUG] Output preconditioned ||M⁻¹r|| = 1.475e+10 (α₀=0, ratio=1, α_eff=0)
[PRECOND DEBUG] Ratio ||M⁻¹r|| / ||r|| = 0.9864
[PRECOND DEBUG] Input residual ||r|| = 2.377e+10 (call #2085)
[PRECOND BLOCK NORMS] U: 2.331e+10, V: 2.354e+07, MU: 6.55e+08
[PRECOND BLOCK NORMS] PHI: 3.669e+09
[PRECOND BLOCK NORMS] W: 8.972e+04, THETA: 1.388e+06
[PRECOND TIMING] W-THETA coupled solve: 6 ms (3321 columns)
[PRECOND DEBUG] Output preconditioned ||M⁻¹r|| = 2.361e+10 (α₀=0, ratio=1, α_eff=0)
[PRECOND DEBUG] Ratio ||M⁻¹r|| / ||r|| = 0.9933
[GMRES] restart=1 j=31: hess_est=0.4937, true_err=0.4937
[GMRES BLOCK r/b] restart=1 j=31 ru=69.5396 rv=129.4858 rw=73.9116 ph=117.3022 t=65.4565 mu=10.6997
[FGMRES] NOT CONVERGED: ||x||=0.0000, ||r_true||=520.7704, ||b||=1039.3312, rel_error=0.5011, tol=0.0000, restarts=1, arnoldi=32 (block-scaled)
[GMRES BLOCK-SCALE] ru: ||r0||=466.6 → D_inv=0.002143
[GMRES BLOCK-SCALE] rv: ||r0||=463.9 → D_inv=0.002156
[GMRES BLOCK-SCALE] rw: ||r0||=464.6 → D_inv=0.002152
[GMRES BLOCK-SCALE] ph: ||r0||=464.6 → D_inv=0.002152
[GMRES BLOCK-SCALE] t: ||r0||=461 → D_inv=0.002169
[GMRES BLOCK-SCALE] mu: ||r0||=57.63 → D_inv=0.01735
[FGMRES] Z-basis memory budget: restart=48 x numel=1080491 => ~197.8 MiB per cycle
[PRECOND DEBUG] Input residual ||r|| = 2.098e+11 (call #2090)
[PRECOND BLOCK NORMS] U: 2.072e+11, V: 1.616e+08, MU: 5.841e+09
[PRECOND BLOCK NORMS] PHI: 3.27e+10
[PRECOND BLOCK NORMS] W: 3.177e+05, THETA: 1.312e+07
[PRECOND TIMING] W-THETA coupled solve: 5 ms (3321 columns)
[PRECOND DEBUG] Output preconditioned ||M⁻¹r|| = 2.099e+11 (α₀=0, ratio=1, α_eff=0)
[PRECOND DEBUG] Ratio ||M⁻¹r|| / ||r|| = 1
[GMRES REORTH] j=1 before=2.28e+06 after1=4680 after2=4672 ratio=0.002053
[GMRES REORTH] j=2 before=2.859e+05 after1=1.377e+04 after2=1.377e+04 ratio=0.04816
[PRECOND DEBUG] Input residual ||r|| = 6.323e+09 (call #2095)
[PRECOND BLOCK NORMS] U: 6.223e+09, V: 5.978e+06, MU: 1.764e+08
[PRECOND BLOCK NORMS] PHI: 9.876e+08
[PRECOND BLOCK NORMS] W: 9575, THETA: 3.345e+05
[PRECOND TIMING] W-THETA coupled solve: 6 ms (3321 columns)
[PRECOND DEBUG] Output preconditioned ||M⁻¹r|| = 6.303e+09 (α₀=0, ratio=1, α_eff=0)
[PRECOND DEBUG] Ratio ||M⁻¹r|| / ||r|| = 0.9969
[PRECOND DEBUG] Input residual ||r|| = 1.073e+10 (call #2100)
[PRECOND BLOCK NORMS] U: 1.058e+10, V: 1.617e+07, MU: 2.98e+08
[PRECOND BLOCK NORMS] PHI: 1.668e+09
[PRECOND BLOCK NORMS] W: 3.501e+04, THETA: 7.01e+05
[PRECOND TIMING] W-THETA coupled solve: 6 ms (3321 columns)
[PRECOND DEBUG] Output preconditioned ||M⁻¹r|| = 1.072e+10 (α₀=0, ratio=1, α_eff=0)
[PRECOND DEBUG] Ratio ||M⁻¹r|| / ||r|| = 0.9987
[PRECOND DEBUG] Input residual ||r|| = 1.199e+10 (call #2105)
[PRECOND BLOCK NORMS] U: 1.183e+10, V: 1.326e+07, MU: 3.339e+08
[PRECOND BLOCK NORMS] PHI: 1.869e+09
[PRECOND BLOCK NORMS] W: 3.39e+04, THETA: 7.203e+05
[PRECOND TIMING] W-THETA coupled solve: 6 ms (3321 columns)
[PRECOND DEBUG] Output preconditioned ||M⁻¹r|| = 1.198e+10 (α₀=0, ratio=1, α_eff=0)
[PRECOND DEBUG] Ratio ||M⁻¹r|| / ||r|| = 0.9992
[PRECOND DEBUG] Input residual ||r|| = 1.133e+10 (call #2110)
[PRECOND BLOCK NORMS] U: 1.117e+10, V: 1.838e+07, MU: 3.162e+08
[PRECOND BLOCK NORMS] PHI: 1.77e+09
[PRECOND BLOCK NORMS] W: 9.994e+04, THETA: 6.64e+05
[PRECOND TIMING] W-THETA coupled solve: 5 ms (3321 columns)
[PRECOND DEBUG] Output preconditioned ||M⁻¹r|| = 1.132e+10 (α₀=0, ratio=1, α_eff=0)
[PRECOND DEBUG] Ratio ||M⁻¹r|| / ||r|| = 0.9986
[PRECOND DEBUG] Input residual ||r|| = 1.432e+10 (call #2115)
[PRECOND BLOCK NORMS] U: 1.413e+10, V: 1.959e+07, MU: 3.973e+08
[PRECOND BLOCK NORMS] PHI: 2.224e+09
[PRECOND BLOCK NORMS] W: 6.094e+04, THETA: 8.773e+05
[PRECOND TIMING] W-THETA coupled solve: 6 ms (3321 columns)
[PRECOND DEBUG] Output preconditioned ||M⁻¹r|| = 1.431e+10 (α₀=0, ratio=1, α_eff=0)
[PRECOND DEBUG] Ratio ||M⁻¹r|| / ||r|| = 0.9991
[PRECOND DEBUG] Input residual ||r|| = 7.585e+09 (call #2120)
[PRECOND BLOCK NORMS] U: 7.448e+09, V: 1.841e+07, MU: 2.083e+08
[PRECOND BLOCK NORMS] PHI: 1.166e+09
[PRECOND BLOCK NORMS] W: 4.973e+04, THETA: 4.939e+05
[PRECOND TIMING] W-THETA coupled solve: 6 ms (3321 columns)
[PRECOND DEBUG] Output preconditioned ||M⁻¹r|| = 7.542e+09 (α₀=0, ratio=1, α_eff=0)
[PRECOND DEBUG] Ratio ||M⁻¹r|| / ||r|| = 0.9943
[PRECOND DEBUG] Input residual ||r|| = 8.099e+09 (call #2125)
[PRECOND BLOCK NORMS] U: 7.953e+09, V: 2.095e+07, MU: 2.209e+08
[PRECOND BLOCK NORMS] PHI: 1.237e+09
[PRECOND BLOCK NORMS] W: 8.036e+04, THETA: 5.25e+05
[PRECOND TIMING] W-THETA coupled solve: 6 ms (3321 columns)
[PRECOND DEBUG] Output preconditioned ||M⁻¹r|| = 8.051e+09 (α₀=0, ratio=1, α_eff=0)
[PRECOND DEBUG] Ratio ||M⁻¹r|| / ||r|| = 0.994
[PRECOND DEBUG] Input residual ||r|| = 1.118e+10 (call #2130)
[PRECOND BLOCK NORMS] U: 1.101e+10, V: 2.352e+07, MU: 3.101e+08
[PRECOND BLOCK NORMS] PHI: 1.736e+09
[PRECOND BLOCK NORMS] W: 1.159e+05, THETA: 7.474e+05
[PRECOND TIMING] W-THETA coupled solve: 6 ms (3321 columns)
[PRECOND DEBUG] Output preconditioned ||M⁻¹r|| = 1.115e+10 (α₀=0, ratio=1, α_eff=0)
[PRECOND DEBUG] Ratio ||M⁻¹r|| / ||r|| = 0.9976
[PRECOND DEBUG] Input residual ||r|| = 5.066e+09 (call #2135)
[PRECOND BLOCK NORMS] U: 4.952e+09, V: 2.593e+07, MU: 1.282e+08
[PRECOND BLOCK NORMS] PHI: 7.182e+08
[PRECOND BLOCK NORMS] W: 9.054e+04, THETA: 4.239e+05
[PRECOND TIMING] W-THETA coupled solve: 6 ms (3321 columns)
[PRECOND DEBUG] Output preconditioned ||M⁻¹r|| = 5.006e+09 (α₀=0, ratio=1, α_eff=0)
[PRECOND DEBUG] Ratio ||M⁻¹r|| / ||r|| = 0.9881
[GMRES] restart=1 j=47: hess_est=0.8953, true_err=0.8953
[GMRES BLOCK r/b] restart=1 j=47 ru=192.2488 rv=189.4812 rw=189.3733 ph=88.0732 t=190.0254 mu=17.5901
[FGMRES] NOT CONVERGED: ||x||=0.0001, ||r_true||=957.5475, ||b||=1039.3312, rel_error=0.9213, tol=0.0000, restarts=1, arnoldi=48 (block-scaled)
SDIRK3_FROZEN_AB_BLOCKS stage=3 arm=M j=48 ru_rho0=1 ru_rho=1.009 rv_rho0=1 rv_rho=1 rw_rho0=1 rw_rho=0.9983 ph_rho0=1 ph_rho=0.4643 t_rho0=1 t_rho=1.01 mu_rho0=1 mu_rho=0.7476
[GMRES BLOCK-SCALE] ru: ||r0||=466.6 → D_inv=0.002143
[GMRES BLOCK-SCALE] rv: ||r0||=463.9 → D_inv=0.002156
[GMRES BLOCK-SCALE] rw: ||r0||=464.6 → D_inv=0.002152
[GMRES BLOCK-SCALE] ph: ||r0||=464.6 → D_inv=0.002152
[GMRES BLOCK-SCALE] t: ||r0||=461 → D_inv=0.002169
[GMRES BLOCK-SCALE] mu: ||r0||=57.63 → D_inv=0.01735
[FGMRES] Z-basis memory budget: restart=48 x numel=1080491 => ~197.8 MiB per cycle
[GMRES] restart=1 j=47: hess_est=0.1587, true_err=0.1587
[GMRES BLOCK r/b] restart=1 j=47 ru=20.6383 rv=25.6390 rw=26.5863 ph=52.8862 t=16.1844 mu=3.0002
[FGMRES] NOT CONVERGED: ||x||=0.0000, ||r_true||=170.6909, ||b||=1039.3312, rel_error=0.1642, tol=0.0000, restarts=1, arnoldi=48 (block-scaled)
SDIRK3_FROZEN_AB_BLOCKS stage=3 arm=I j=48 ru_rho0=1 ru_rho=0.1083 rv_rho0=1 rv_rho=0.1354 rw_rho0=1 rw_rho=0.1402 ph_rho0=1 ph_rho=0.2788 t_rho0=1 t_rho=0.08598 mu_rho0=1 mu_rho=0.1275
[GMRES BLOCK-SCALE] ru: ||r0||=466.6 → D_inv=0.002143
[GMRES BLOCK-SCALE] rv: ||r0||=463.9 → D_inv=0.002156
[GMRES BLOCK-SCALE] rw: ||r0||=464.6 → D_inv=0.002152
[GMRES BLOCK-SCALE] ph: ||r0||=464.6 → D_inv=0.002152
[GMRES BLOCK-SCALE] t: ||r0||=461 → D_inv=0.002169
[GMRES BLOCK-SCALE] mu: ||r0||=57.63 → D_inv=0.01735
[FGMRES] Z-basis memory budget: restart=48 x numel=1080491 => ~197.8 MiB per cycle
[PRECOND DEBUG] Input residual ||r|| = 1.746e+10 (call #2140)
[PRECOND BLOCK NORMS] U: 1.699e+10, V: 7.321e+06, MU: 4.823e+08
[PRECOND BLOCK NORMS] PHI: 2.701e+09
[PRECOND BLOCK NORMS] W: 2.428e+04, THETA: 9.361e+05
[PRECOND TIMING] W-THETA coupled solve: 6 ms (3321 columns)
[PRECOND DEBUG] Output preconditioned ||M⁻¹r|| = 1.721e+10 (α₀=0, ratio=1, α_eff=0)
[PRECOND DEBUG] Ratio ||M⁻¹r|| / ||r|| = 0.9859
[GMRES REORTH] j=2 before=2.936e+05 after1=1.896e+05 after2=1.896e+05 ratio=0.6457
[PRECOND DEBUG] Input residual ||r|| = 3.344e+10 (call #2145)
[PRECOND BLOCK NORMS] U: 3.296e+10, V: 2.411e+07, MU: 9.295e+08
[PRECOND BLOCK NORMS] PHI: 5.204e+09
[PRECOND BLOCK NORMS] W: 5.693e+04, THETA: 2.023e+06
[PRECOND TIMING] W-THETA coupled solve: 6 ms (3321 columns)
[PRECOND DEBUG] Output preconditioned ||M⁻¹r|| = 3.338e+10 (α₀=0, ratio=1, α_eff=0)
[PRECOND DEBUG] Ratio ||M⁻¹r|| / ||r|| = 0.998
[PRECOND DEBUG] Input residual ||r|| = 1.839e+10 (call #2150)
[PRECOND BLOCK NORMS] U: 1.803e+10, V: 2.787e+07, MU: 5.053e+08
[PRECOND BLOCK NORMS] PHI: 2.83e+09
[PRECOND BLOCK NORMS] W: 4.892e+04, THETA: 1.03e+06
[PRECOND TIMING] W-THETA coupled solve: 6 ms (3321 columns)
[PRECOND DEBUG] Output preconditioned ||M⁻¹r|| = 1.826e+10 (α₀=0, ratio=1, α_eff=0)
[PRECOND DEBUG] Ratio ||M⁻¹r|| / ||r|| = 0.9927
[PRECOND DEBUG] Input residual ||r|| = 1.193e+10 (call #2155)
[PRECOND BLOCK NORMS] U: 1.134e+10, V: 1.545e+07, MU: 3.185e+08
[PRECOND BLOCK NORMS] PHI: 1.784e+09
[PRECOND BLOCK NORMS] W: 2.967e+04, THETA: 7.691e+05
[PRECOND TIMING] W-THETA coupled solve: 5 ms (3321 columns)
[PRECOND DEBUG] Output preconditioned ||M⁻¹r|| = 1.149e+10 (α₀=0, ratio=1, α_eff=0)
[PRECOND DEBUG] Ratio ||M⁻¹r|| / ||r|| = 0.9628
[PRECOND DEBUG] Input residual ||r|| = 1.495e+10 (call #2160)
[PRECOND BLOCK NORMS] U: 1.456e+10, V: 1.353e+07, MU: 4.094e+08
[PRECOND BLOCK NORMS] PHI: 2.294e+09
[PRECOND BLOCK NORMS] W: 5.469e+04, THETA: 8.676e+05
[PRECOND TIMING] W-THETA coupled solve: 6 ms (3321 columns)
[PRECOND DEBUG] Output preconditioned ||M⁻¹r|| = 1.475e+10 (α₀=0, ratio=1, α_eff=0)
[PRECOND DEBUG] Ratio ||M⁻¹r|| / ||r|| = 0.9864
[PRECOND DEBUG] Input residual ||r|| = 2.377e+10 (call #2165)
[PRECOND BLOCK NORMS] U: 2.331e+10, V: 2.354e+07, MU: 6.55e+08
[PRECOND BLOCK NORMS] PHI: 3.669e+09
[PRECOND BLOCK NORMS] W: 8.972e+04, THETA: 1.388e+06
[PRECOND TIMING] W-THETA coupled solve: 6 ms (3321 columns)
[PRECOND DEBUG] Output preconditioned ||M⁻¹r|| = 2.361e+10 (α₀=0, ratio=1, α_eff=0)
[PRECOND DEBUG] Ratio ||M⁻¹r|| / ||r|| = 0.9933
[PRECOND DEBUG] Input residual ||r|| = 2.158e+10 (call #2170)
[PRECOND BLOCK NORMS] U: 2.111e+10, V: 2.012e+07, MU: 5.938e+08
[PRECOND BLOCK NORMS] PHI: 3.329e+09
[PRECOND BLOCK NORMS] W: 1.037e+05, THETA: 7.428e+05
[PRECOND TIMING] W-THETA coupled solve: 6 ms (3321 columns)
[PRECOND DEBUG] Output preconditioned ||M⁻¹r|| = 2.138e+10 (α₀=0, ratio=1, α_eff=0)
[PRECOND DEBUG] Ratio ||M⁻¹r|| / ||r|| = 0.9904
[PRECOND DEBUG] Input residual ||r|| = 1.609e+10 (call #2175)
[PRECOND BLOCK NORMS] U: 1.575e+10, V: 2.096e+07, MU: 4.418e+08
[PRECOND BLOCK NORMS] PHI: 2.474e+09
[PRECOND BLOCK NORMS] W: 4.668e+04, THETA: 1.077e+06
[PRECOND TIMING] W-THETA coupled solve: 6 ms (3321 columns)
[PRECOND DEBUG] Output preconditioned ||M⁻¹r|| = 1.595e+10 (α₀=0, ratio=1, α_eff=0)
[PRECOND DEBUG] Ratio ||M⁻¹r|| / ||r|| = 0.9914
[PRECOND DEBUG] Input residual ||r|| = 1.234e+10 (call #2180)
[PRECOND BLOCK NORMS] U: 1.185e+10, V: 1.243e+07, MU: 3.339e+08
[PRECOND BLOCK NORMS] PHI: 1.87e+09
[PRECOND BLOCK NORMS] W: 3.438e+04, THETA: 6.283e+05
[PRECOND TIMING] W-THETA coupled solve: 6 ms (3321 columns)
[PRECOND DEBUG] Output preconditioned ||M⁻¹r|| = 1.2e+10 (α₀=0, ratio=1, α_eff=0)
[PRECOND DEBUG] Ratio ||M⁻¹r|| / ||r|| = 0.9722
[PRECOND DEBUG] Input residual ||r|| = 1.414e+10 (call #2185)
[PRECOND BLOCK NORMS] U: 1.37e+10, V: 1.394e+07, MU: 3.84e+08
[PRECOND BLOCK NORMS] PHI: 2.154e+09
[PRECOND BLOCK NORMS] W: 7.501e+04, THETA: 4.295e+05
[PRECOND TIMING] W-THETA coupled solve: 6 ms (3321 columns)
[PRECOND DEBUG] Output preconditioned ||M⁻¹r|| = 1.387e+10 (α₀=0, ratio=1, α_eff=0)
[PRECOND DEBUG] Ratio ||M⁻¹r|| / ||r|| = 0.9813
[GMRES] restart=1 j=47: hess_est=0.4095, true_err=0.4095
[GMRES BLOCK r/b] restart=1 j=47 ru=49.4649 rv=111.0872 rw=57.4797 ph=93.7263 t=43.2230 mu=10.6851
[FGMRES] NOT CONVERGED: ||x||=0.0000, ||r_true||=415.9937, ||b||=1039.3312, rel_error=0.4003, tol=0.0000, restarts=1, arnoldi=48 (block-scaled)
SDIRK3_FROZEN_AB_BLOCKS stage=3 arm=Msel j=48 ru_rho0=1 ru_rho=0.2596 rv_rho0=1 rv_rho=0.5866 rw_rho0=1 rw_rho=0.303 ph_rho0=1 ph_rho=0.4941 t_rho0=1 t_rho=0.2296 mu_rho0=1 mu_rho=0.4541
[GMRES BLOCK-SCALE] ru: ||r0||=466.6 → D_inv=0.002143
[GMRES BLOCK-SCALE] rv: ||r0||=463.9 → D_inv=0.002156
[GMRES BLOCK-SCALE] rw: ||r0||=464.6 → D_inv=0.002152
[GMRES BLOCK-SCALE] ph: ||r0||=464.6 → D_inv=0.002152
[GMRES BLOCK-SCALE] t: ||r0||=461 → D_inv=0.002169
[GMRES BLOCK-SCALE] mu: ||r0||=57.63 → D_inv=0.01735
[FGMRES] Z-basis memory budget: restart=96 x numel=1080491 => ~395.7 MiB per cycle
[GMRES REORTH] j=1 before=2.28e+06 after1=4680 after2=4672 ratio=0.002053
[GMRES REORTH] j=2 before=2.859e+05 after1=1.377e+04 after2=1.377e+04 ratio=0.04816
[PRECOND DEBUG] Input residual ||r|| = 3.234e+09 (call #2190)
[PRECOND BLOCK NORMS] U: 3.143e+09, V: 1.106e+07, MU: 8.912e+07
[PRECOND BLOCK NORMS] PHI: 4.99e+08
[PRECOND BLOCK NORMS] W: 1.482e+04, THETA: 1.498e+05
[PRECOND TIMING] W-THETA coupled solve: 5 ms (3321 columns)
[PRECOND DEBUG] Output preconditioned ||M⁻¹r|| = 3.183e+09 (α₀=0, ratio=1, α_eff=0)
[PRECOND DEBUG] Ratio ||M⁻¹r|| / ||r|| = 0.9843
[PRECOND DEBUG] Input residual ||r|| = 1.158e+10 (call #2195)
[PRECOND BLOCK NORMS] U: 1.142e+10, V: 1.73e+07, MU: 3.205e+08
[PRECOND BLOCK NORMS] PHI: 1.794e+09
[PRECOND BLOCK NORMS] W: 6.194e+04, THETA: 7.272e+05
[PRECOND TIMING] W-THETA coupled solve: 6 ms (3321 columns)
[PRECOND DEBUG] Output preconditioned ||M⁻¹r|| = 1.156e+10 (α₀=0, ratio=1, α_eff=0)
[PRECOND DEBUG] Ratio ||M⁻¹r|| / ||r|| = 0.9987
[PRECOND DEBUG] Input residual ||r|| = 1.328e+10 (call #2200)
[PRECOND BLOCK NORMS] U: 1.31e+10, V: 1.382e+07, MU: 3.699e+08
[PRECOND BLOCK NORMS] PHI: 2.071e+09
[PRECOND BLOCK NORMS] W: 4.483e+04, THETA: 7.978e+05
[PRECOND TIMING] W-THETA coupled solve: 5 ms (3321 columns)
[PRECOND DEBUG] Output preconditioned ||M⁻¹r|| = 1.327e+10 (α₀=0, ratio=1, α_eff=0)
[PRECOND DEBUG] Ratio ||M⁻¹r|| / ||r|| = 0.9988
[PRECOND DEBUG] Input residual ||r|| = 2.706e+09 (call #2205)
[PRECOND BLOCK NORMS] U: 2.584e+09, V: 1.77e+07, MU: 7.16e+07
[PRECOND BLOCK NORMS] PHI: 4.015e+08
[PRECOND BLOCK NORMS] W: 5.934e+04, THETA: 1.24e+05
[PRECOND TIMING] W-THETA coupled solve: 6 ms (3321 columns)
[PRECOND DEBUG] Output preconditioned ||M⁻¹r|| = 2.616e+09 (α₀=0, ratio=1, α_eff=0)
[PRECOND DEBUG] Ratio ||M⁻¹r|| / ||r|| = 0.9667
[PRECOND DEBUG] Input residual ||r|| = 5.256e+09 (call #2210)
[PRECOND BLOCK NORMS] U: 5.14e+09, V: 1.719e+07, MU: 1.43e+08
[PRECOND BLOCK NORMS] PHI: 8.009e+08
[PRECOND BLOCK NORMS] W: 5.027e+04, THETA: 3.513e+05
[PRECOND TIMING] W-THETA coupled solve: 6 ms (3321 columns)
[PRECOND DEBUG] Output preconditioned ||M⁻¹r|| = 5.204e+09 (α₀=0, ratio=1, α_eff=0)
[PRECOND DEBUG] Ratio ||M⁻¹r|| / ||r|| = 0.9901
[PRECOND DEBUG] Input residual ||r|| = 3.528e+09 (call #2215)
[PRECOND BLOCK NORMS] U: 3.407e+09, V: 1.785e+07, MU: 9.259e+07
[PRECOND BLOCK NORMS] PHI: 5.192e+08
[PRECOND BLOCK NORMS] W: 7.018e+04, THETA: 2.26e+05
[PRECOND TIMING] W-THETA coupled solve: 5 ms (3321 columns)
[PRECOND DEBUG] Output preconditioned ||M⁻¹r|| = 3.447e+09 (α₀=0, ratio=1, α_eff=0)
[PRECOND DEBUG] Ratio ||M⁻¹r|| / ||r|| = 0.9771
[PRECOND DEBUG] Input residual ||r|| = 9.489e+09 (call #2220)
[PRECOND BLOCK NORMS] U: 9.334e+09, V: 1.778e+07, MU: 2.613e+08
[PRECOND BLOCK NORMS] PHI: 1.463e+09
[PRECOND BLOCK NORMS] W: 8.573e+04, THETA: 5.594e+05
[PRECOND TIMING] W-THETA coupled solve: 6 ms (3321 columns)
[PRECOND DEBUG] Output preconditioned ||M⁻¹r|| = 9.452e+09 (α₀=0, ratio=1, α_eff=0)
[PRECOND DEBUG] Ratio ||M⁻¹r|| / ||r|| = 0.996
[PRECOND DEBUG] Input residual ||r|| = 4.126e+09 (call #2225)
[PRECOND BLOCK NORMS] U: 3.976e+09, V: 1.768e+07, MU: 1.081e+08
[PRECOND BLOCK NORMS] PHI: 6.066e+08
[PRECOND BLOCK NORMS] W: 6.579e+04, THETA: 2.222e+05
[PRECOND TIMING] W-THETA coupled solve: 5 ms (3321 columns)
[PRECOND DEBUG] Output preconditioned ||M⁻¹r|| = 4.023e+09 (α₀=0, ratio=1, α_eff=0)
[PRECOND DEBUG] Ratio ||M⁻¹r|| / ||r|| = 0.975
[PRECOND DEBUG] Input residual ||r|| = 3.718e+09 (call #2230)
[PRECOND BLOCK NORMS] U: 3.613e+09, V: 1.518e+07, MU: 8.972e+07
[PRECOND BLOCK NORMS] PHI: 5.029e+08
[PRECOND BLOCK NORMS] W: 7.441e+04, THETA: 3.015e+05
[PRECOND TIMING] W-THETA coupled solve: 5 ms (3321 columns)
[PRECOND DEBUG] Output preconditioned ||M⁻¹r|| = 3.649e+09 (α₀=0, ratio=1, α_eff=0)
[PRECOND DEBUG] Ratio ||M⁻¹r|| / ||r|| = 0.9814
[PRECOND DEBUG] Input residual ||r|| = 8.977e+09 (call #2235)
[PRECOND BLOCK NORMS] U: 8.837e+09, V: 1.248e+07, MU: 2.484e+08
[PRECOND BLOCK NORMS] PHI: 1.391e+09
[PRECOND BLOCK NORMS] W: 9.397e+04, THETA: 5.76e+05
[PRECOND TIMING] W-THETA coupled solve: 6 ms (3321 columns)
[PRECOND DEBUG] Output preconditioned ||M⁻¹r|| = 8.949e+09 (α₀=0, ratio=1, α_eff=0)
[PRECOND DEBUG] Ratio ||M⁻¹r|| / ||r|| = 0.9968
[PRECOND DEBUG] Input residual ||r|| = 6.386e+09 (call #2240)
[PRECOND BLOCK NORMS] U: 6.258e+09, V: 2.044e+07, MU: 1.703e+08
[PRECOND BLOCK NORMS] PHI: 9.538e+08
[PRECOND BLOCK NORMS] W: 8.042e+04, THETA: 6.05e+05
[PRECOND TIMING] W-THETA coupled solve: 6 ms (3321 columns)
[PRECOND DEBUG] Output preconditioned ||M⁻¹r|| = 6.332e+09 (α₀=0, ratio=1, α_eff=0)
[PRECOND DEBUG] Ratio ||M⁻¹r|| / ||r|| = 0.9916
[PRECOND DEBUG] Input residual ||r|| = 7.453e+09 (call #2245)
[PRECOND BLOCK NORMS] U: 7.342e+09, V: 2.648e+07, MU: 2.1e+08
[PRECOND BLOCK NORMS] PHI: 1.176e+09
[PRECOND BLOCK NORMS] W: 1.928e+05, THETA: 1.478e+06
[PRECOND TIMING] W-THETA coupled solve: 6 ms (3321 columns)
[PRECOND DEBUG] Output preconditioned ||M⁻¹r|| = 7.437e+09 (α₀=0, ratio=1, α_eff=0)
[PRECOND DEBUG] Ratio ||M⁻¹r|| / ||r|| = 0.9979
[PRECOND DEBUG] Input residual ||r|| = 7.973e+09 (call #2250)
[PRECOND BLOCK NORMS] U: 7.824e+09, V: 2.072e+07, MU: 1.727e+08
[PRECOND BLOCK NORMS] PHI: 9.676e+08
[PRECOND BLOCK NORMS] W: 1.824e+05, THETA: 9.497e+05
[PRECOND TIMING] W-THETA coupled solve: 6 ms (3321 columns)
[PRECOND DEBUG] Output preconditioned ||M⁻¹r|| = 7.885e+09 (α₀=0, ratio=1, α_eff=0)
[PRECOND DEBUG] Ratio ||M⁻¹r|| / ||r|| = 0.989
[PRECOND DEBUG] Input residual ||r|| = 4.74e+09 (call #2255)
[PRECOND BLOCK NORMS] U: 4.63e+09, V: 1.854e+07, MU: 8.772e+07
[PRECOND BLOCK NORMS] PHI: 4.92e+08
[PRECOND BLOCK NORMS] W: 1.123e+05, THETA: 1.472e+06
[PRECOND TIMING] W-THETA coupled solve: 5 ms (3321 columns)
[PRECOND DEBUG] Output preconditioned ||M⁻¹r|| = 4.656e+09 (α₀=0, ratio=1, α_eff=0)
[PRECOND DEBUG] Ratio ||M⁻¹r|| / ||r|| = 0.9824
[PRECOND DEBUG] Input residual ||r|| = 4.907e+09 (call #2260)
[PRECOND BLOCK NORMS] U: 4.813e+09, V: 2.287e+07, MU: 8.711e+07
[PRECOND BLOCK NORMS] PHI: 4.881e+08
[PRECOND BLOCK NORMS] W: 1.633e+05, THETA: 2.342e+06
[PRECOND TIMING] W-THETA coupled solve: 5 ms (3321 columns)
[PRECOND DEBUG] Output preconditioned ||M⁻¹r|| = 4.838e+09 (α₀=0, ratio=1, α_eff=0)
[PRECOND DEBUG] Ratio ||M⁻¹r|| / ||r|| = 0.9859
[PRECOND DEBUG] Input residual ||r|| = 1.103e+10 (call #2265)
[PRECOND BLOCK NORMS] U: 1.088e+10, V: 2.221e+07, MU: 2.952e+08
[PRECOND BLOCK NORMS] PHI: 1.653e+09
[PRECOND BLOCK NORMS] W: 1.814e+05, THETA: 1.908e+06
[PRECOND TIMING] W-THETA coupled solve: 5 ms (3321 columns)
[PRECOND DEBUG] Output preconditioned ||M⁻¹r|| = 1.101e+10 (α₀=0, ratio=1, α_eff=0)
[PRECOND DEBUG] Ratio ||M⁻¹r|| / ||r|| = 0.9976
[PRECOND DEBUG] Input residual ||r|| = 5.987e+09 (call #2270)
[PRECOND BLOCK NORMS] U: 5.89e+09, V: 2.421e+07, MU: 1.232e+08
[PRECOND BLOCK NORMS] PHI: 6.898e+08
[PRECOND BLOCK NORMS] W: 1.856e+05, THETA: 1.93e+06
[PRECOND TIMING] W-THETA coupled solve: 6 ms (3321 columns)
[PRECOND DEBUG] Output preconditioned ||M⁻¹r|| = 5.931e+09 (α₀=0, ratio=1, α_eff=0)
[PRECOND DEBUG] Ratio ||M⁻¹r|| / ||r|| = 0.9907
[PRECOND DEBUG] Input residual ||r|| = 1.364e+10 (call #2275)
[PRECOND BLOCK NORMS] U: 1.346e+10, V: 2.756e+07, MU: 3.182e+08
[PRECOND BLOCK NORMS] PHI: 1.781e+09
[PRECOND BLOCK NORMS] W: 2.928e+05, THETA: 2.96e+06
[PRECOND TIMING] W-THETA coupled solve: 6 ms (3321 columns)
[PRECOND DEBUG] Output preconditioned ||M⁻¹r|| = 1.358e+10 (α₀=0, ratio=1, α_eff=0)
[PRECOND DEBUG] Ratio ||M⁻¹r|| / ||r|| = 0.9953
[PRECOND DEBUG] Input residual ||r|| = 3.214e+10 (call #2280)
[PRECOND BLOCK NORMS] U: 3.174e+10, V: 3.101e+07, MU: 8.406e+08
[PRECOND BLOCK NORMS] PHI: 4.706e+09
[PRECOND BLOCK NORMS] W: 4.85e+05, THETA: 5.904e+06
[PRECOND TIMING] W-THETA coupled solve: 6 ms (3321 columns)
[PRECOND DEBUG] Output preconditioned ||M⁻¹r|| = 3.209e+10 (α₀=0, ratio=1, α_eff=0)
[PRECOND DEBUG] Ratio ||M⁻¹r|| / ||r|| = 0.9986
[GMRES] restart=1 j=95: hess_est=0.8770, true_err=0.8770
[GMRES BLOCK r/b] restart=1 j=95 ru=193.0326 rv=187.3335 rw=189.0330 ph=87.5468 t=189.8100 mu=14.6443
[FGMRES] NOT CONVERGED: ||x||=0.0001, ||r_true||=954.7055, ||b||=1039.3312, rel_error=0.9186, tol=0.0000, restarts=1, arnoldi=96 (block-scaled)
[GMRES BLOCK-SCALE] ru: ||r0||=466.6 → D_inv=0.002143
[GMRES BLOCK-SCALE] rv: ||r0||=463.9 → D_inv=0.002156
[GMRES BLOCK-SCALE] rw: ||r0||=464.6 → D_inv=0.002152
[GMRES BLOCK-SCALE] ph: ||r0||=464.6 → D_inv=0.002152
[GMRES BLOCK-SCALE] t: ||r0||=461 → D_inv=0.002169
[GMRES BLOCK-SCALE] mu: ||r0||=57.63 → D_inv=0.01735
[FGMRES] Z-basis memory budget: restart=96 x numel=1080491 => ~395.7 MiB per cycle
[GMRES] restart=1 j=95: hess_est=0.1155, true_err=0.1155
[GMRES BLOCK r/b] restart=1 j=95 ru=11.3390 rv=16.7992 rw=18.3332 ph=43.5112 t=9.1864 mu=1.5371
[FGMRES] NOT CONVERGED: ||x||=0.0000, ||r_true||=127.8868, ||b||=1039.3312, rel_error=0.1230, tol=0.0000, restarts=1, arnoldi=96 (block-scaled)
[GMRES BLOCK-SCALE] ru: ||r0||=466.6 → D_inv=0.002143
[GMRES BLOCK-SCALE] rv: ||r0||=463.9 → D_inv=0.002156
[GMRES BLOCK-SCALE] rw: ||r0||=464.6 → D_inv=0.002152
[GMRES BLOCK-SCALE] ph: ||r0||=464.6 → D_inv=0.002152
[GMRES BLOCK-SCALE] t: ||r0||=461 → D_inv=0.002169
[GMRES BLOCK-SCALE] mu: ||r0||=57.63 → D_inv=0.01735
[FGMRES] Z-basis memory budget: restart=96 x numel=1080491 => ~395.7 MiB per cycle
[GMRES REORTH] j=2 before=2.936e+05 after1=1.896e+05 after2=1.896e+05 ratio=0.6457
[PRECOND DEBUG] Input residual ||r|| = 2.097e+10 (call #2285)
[PRECOND BLOCK NORMS] U: 2.067e+10, V: 2.44e+07, MU: 5.803e+08
[PRECOND BLOCK NORMS] PHI: 3.248e+09
[PRECOND BLOCK NORMS] W: 3.518e+04, THETA: 1.423e+06
[PRECOND TIMING] W-THETA coupled solve: 6 ms (3321 columns)
[PRECOND DEBUG] Output preconditioned ||M⁻¹r|| = 2.093e+10 (α₀=0, ratio=1, α_eff=0)
[PRECOND DEBUG] Ratio ||M⁻¹r|| / ||r|| = 0.9983
[PRECOND DEBUG] Input residual ||r|| = 9.997e+09 (call #2290)
[PRECOND BLOCK NORMS] U: 9.344e+09, V: 1.423e+07, MU: 2.621e+08
[PRECOND BLOCK NORMS] PHI: 1.468e+09
[PRECOND BLOCK NORMS] W: 3.643e+04, THETA: 5.482e+05
[PRECOND TIMING] W-THETA coupled solve: 6 ms (3321 columns)
[PRECOND DEBUG] Output preconditioned ||M⁻¹r|| = 9.461e+09 (α₀=0, ratio=1, α_eff=0)
[PRECOND DEBUG] Ratio ||M⁻¹r|| / ||r|| = 0.9464
[PRECOND DEBUG] Input residual ||r|| = 1.424e+10 (call #2295)
[PRECOND BLOCK NORMS] U: 1.374e+10, V: 1.906e+07, MU: 3.853e+08
[PRECOND BLOCK NORMS] PHI: 2.156e+09
[PRECOND BLOCK NORMS] W: 2.24e+04, THETA: 1.061e+06
[PRECOND TIMING] W-THETA coupled solve: 5 ms (3321 columns)
[PRECOND DEBUG] Output preconditioned ||M⁻¹r|| = 1.391e+10 (α₀=0, ratio=1, α_eff=0)
[PRECOND DEBUG] Ratio ||M⁻¹r|| / ||r|| = 0.9772
[PRECOND DEBUG] Input residual ||r|| = 1.511e+10 (call #2300)
[PRECOND BLOCK NORMS] U: 1.471e+10, V: 1.805e+07, MU: 4.122e+08
[PRECOND BLOCK NORMS] PHI: 2.31e+09
[PRECOND BLOCK NORMS] W: 6.691e+04, THETA: 7.514e+05
[PRECOND TIMING] W-THETA coupled solve: 6 ms (3321 columns)
[PRECOND DEBUG] Output preconditioned ||M⁻¹r|| = 1.49e+10 (α₀=0, ratio=1, α_eff=0)
[PRECOND DEBUG] Ratio ||M⁻¹r|| / ||r|| = 0.9862
[PRECOND DEBUG] Input residual ||r|| = 1.671e+10 (call #2305)
[PRECOND BLOCK NORMS] U: 1.626e+10, V: 1.842e+07, MU: 4.559e+08
[PRECOND BLOCK NORMS] PHI: 2.556e+09
[PRECOND BLOCK NORMS] W: 7.986e+04, THETA: 7.821e+05
[PRECOND TIMING] W-THETA coupled solve: 6 ms (3321 columns)
[PRECOND DEBUG] Output preconditioned ||M⁻¹r|| = 1.646e+10 (α₀=0, ratio=1, α_eff=0)
[PRECOND DEBUG] Ratio ||M⁻¹r|| / ||r|| = 0.985
[PRECOND DEBUG] Input residual ||r|| = 1.841e+10 (call #2310)
[PRECOND BLOCK NORMS] U: 1.797e+10, V: 2.101e+07, MU: 5.047e+08
[PRECOND BLOCK NORMS] PHI: 2.828e+09
[PRECOND BLOCK NORMS] W: 7.167e+04, THETA: 1.078e+06
[PRECOND TIMING] W-THETA coupled solve: 6 ms (3321 columns)
[PRECOND DEBUG] Output preconditioned ||M⁻¹r|| = 1.82e+10 (α₀=0, ratio=1, α_eff=0)
[PRECOND DEBUG] Ratio ||M⁻¹r|| / ||r|| = 0.9889
[PRECOND DEBUG] Input residual ||r|| = 1.366e+10 (call #2315)
[PRECOND BLOCK NORMS] U: 1.323e+10, V: 1.357e+07, MU: 3.72e+08
[PRECOND BLOCK NORMS] PHI: 2.084e+09
[PRECOND BLOCK NORMS] W: 4.68e+04, THETA: 7.847e+05
[PRECOND TIMING] W-THETA coupled solve: 6 ms (3321 columns)
[PRECOND DEBUG] Output preconditioned ||M⁻¹r|| = 1.34e+10 (α₀=0, ratio=1, α_eff=0)
[PRECOND DEBUG] Ratio ||M⁻¹r|| / ||r|| = 0.9808
[PRECOND DEBUG] Input residual ||r|| = 2.232e+10 (call #2320)
[PRECOND BLOCK NORMS] U: 2.188e+10, V: 2.459e+07, MU: 6.141e+08
[PRECOND BLOCK NORMS] PHI: 3.44e+09
[PRECOND BLOCK NORMS] W: 8.64e+04, THETA: 1.155e+06
[PRECOND TIMING] W-THETA coupled solve: 6 ms (3321 columns)
[PRECOND DEBUG] Output preconditioned ||M⁻¹r|| = 2.215e+10 (α₀=0, ratio=1, α_eff=0)
[PRECOND DEBUG] Ratio ||M⁻¹r|| / ||r|| = 0.9922
[PRECOND DEBUG] Input residual ||r|| = 1.329e+10 (call #2325)
[PRECOND BLOCK NORMS] U: 1.28e+10, V: 1.306e+07, MU: 3.591e+08
[PRECOND BLOCK NORMS] PHI: 2.013e+09
[PRECOND BLOCK NORMS] W: 6.77e+04, THETA: 4.856e+05
[PRECOND TIMING] W-THETA coupled solve: 5 ms (3321 columns)
[PRECOND DEBUG] Output preconditioned ||M⁻¹r|| = 1.296e+10 (α₀=0, ratio=1, α_eff=0)
[PRECOND DEBUG] Ratio ||M⁻¹r|| / ||r|| = 0.9752
[PRECOND DEBUG] Input residual ||r|| = 1.217e+10 (call #2330)
[PRECOND BLOCK NORMS] U: 1.176e+10, V: 1.331e+07, MU: 3.303e+08
[PRECOND BLOCK NORMS] PHI: 1.851e+09
[PRECOND BLOCK NORMS] W: 4.683e+04, THETA: 5.821e+05
[PRECOND TIMING] W-THETA coupled solve: 6 ms (3321 columns)
[PRECOND DEBUG] Output preconditioned ||M⁻¹r|| = 1.191e+10 (α₀=0, ratio=1, α_eff=0)
[PRECOND DEBUG] Ratio ||M⁻¹r|| / ||r|| = 0.9779
[PRECOND DEBUG] Input residual ||r|| = 2.138e+10 (call #2335)
[PRECOND BLOCK NORMS] U: 2.099e+10, V: 2.067e+07, MU: 5.912e+08
[PRECOND BLOCK NORMS] PHI: 3.314e+09
[PRECOND BLOCK NORMS] W: 8.647e+04, THETA: 8.962e+05
[PRECOND TIMING] W-THETA coupled solve: 5 ms (3321 columns)
[PRECOND DEBUG] Output preconditioned ||M⁻¹r|| = 2.126e+10 (α₀=0, ratio=1, α_eff=0)
[PRECOND DEBUG] Ratio ||M⁻¹r|| / ||r|| = 0.9944
[PRECOND DEBUG] Input residual ||r|| = 8.446e+09 (call #2340)
[PRECOND BLOCK NORMS] U: 7.852e+09, V: 9.421e+06, MU: 2.203e+08
[PRECOND BLOCK NORMS] PHI: 1.235e+09
[PRECOND BLOCK NORMS] W: 3.477e+04, THETA: 3.109e+05
[PRECOND TIMING] W-THETA coupled solve: 6 ms (3321 columns)
[PRECOND DEBUG] Output preconditioned ||M⁻¹r|| = 7.951e+09 (α₀=0, ratio=1, α_eff=0)
[PRECOND DEBUG] Ratio ||M⁻¹r|| / ||r|| = 0.9415
[PRECOND DEBUG] Input residual ||r|| = 1.983e+10 (call #2345)
[PRECOND BLOCK NORMS] U: 1.942e+10, V: 2.515e+07, MU: 5.46e+08
[PRECOND BLOCK NORMS] PHI: 3.057e+09
[PRECOND BLOCK NORMS] W: 3.035e+04, THETA: 1.185e+06
[PRECOND TIMING] W-THETA coupled solve: 5 ms (3321 columns)
[PRECOND DEBUG] Output preconditioned ||M⁻¹r|| = 1.967e+10 (α₀=0, ratio=1, α_eff=0)
[PRECOND DEBUG] Ratio ||M⁻¹r|| / ||r|| = 0.9918
[PRECOND DEBUG] Input residual ||r|| = 1.26e+10 (call #2350)
[PRECOND BLOCK NORMS] U: 1.213e+10, V: 1.42e+07, MU: 3.404e+08
[PRECOND BLOCK NORMS] PHI: 1.907e+09
[PRECOND BLOCK NORMS] W: 4.644e+04, THETA: 6.794e+05
[PRECOND TIMING] W-THETA coupled solve: 6 ms (3321 columns)
[PRECOND DEBUG] Output preconditioned ||M⁻¹r|| = 1.228e+10 (α₀=0, ratio=1, α_eff=0)
[PRECOND DEBUG] Ratio ||M⁻¹r|| / ||r|| = 0.9749
[PRECOND DEBUG] Input residual ||r|| = 2.302e+10 (call #2355)
[PRECOND BLOCK NORMS] U: 2.26e+10, V: 2.421e+07, MU: 6.348e+08
[PRECOND BLOCK NORMS] PHI: 3.558e+09
[PRECOND BLOCK NORMS] W: 9.192e+04, THETA: 1.139e+06
[PRECOND TIMING] W-THETA coupled solve: 6 ms (3321 columns)
[PRECOND DEBUG] Output preconditioned ||M⁻¹r|| = 2.288e+10 (α₀=0, ratio=1, α_eff=0)
[PRECOND DEBUG] Ratio ||M⁻¹r|| / ||r|| = 0.9942
[PRECOND DEBUG] Input residual ||r|| = 1.492e+10 (call #2360)
[PRECOND BLOCK NORMS] U: 1.446e+10, V: 1.416e+07, MU: 4.078e+08
[PRECOND BLOCK NORMS] PHI: 2.286e+09
[PRECOND BLOCK NORMS] W: 5.334e+04, THETA: 5.867e+05
[PRECOND TIMING] W-THETA coupled solve: 6 ms (3321 columns)
[PRECOND DEBUG] Output preconditioned ||M⁻¹r|| = 1.464e+10 (α₀=0, ratio=1, α_eff=0)
[PRECOND DEBUG] Ratio ||M⁻¹r|| / ||r|| = 0.9816
[PRECOND DEBUG] Input residual ||r|| = 2.126e+10 (call #2365)
[PRECOND BLOCK NORMS] U: 2.082e+10, V: 2.182e+07, MU: 5.859e+08
[PRECOND BLOCK NORMS] PHI: 3.283e+09
[PRECOND BLOCK NORMS] W: 7.349e+04, THETA: 9.352e+05
[PRECOND TIMING] W-THETA coupled solve: 6 ms (3321 columns)
[PRECOND DEBUG] Output preconditioned ||M⁻¹r|| = 2.108e+10 (α₀=0, ratio=1, α_eff=0)
[PRECOND DEBUG] Ratio ||M⁻¹r|| / ||r|| = 0.9917
[PRECOND DEBUG] Input residual ||r|| = 1.561e+10 (call #2370)
[PRECOND BLOCK NORMS] U: 1.522e+10, V: 1.642e+07, MU: 4.292e+08
[PRECOND BLOCK NORMS] PHI: 2.405e+09
[PRECOND BLOCK NORMS] W: 1.865e+04, THETA: 7.255e+05
[PRECOND TIMING] W-THETA coupled solve: 5 ms (3321 columns)
[PRECOND DEBUG] Output preconditioned ||M⁻¹r|| = 1.541e+10 (α₀=0, ratio=1, α_eff=0)
[PRECOND DEBUG] Ratio ||M⁻¹r|| / ||r|| = 0.9873
[PRECOND DEBUG] Input residual ||r|| = 1.137e+10 (call #2375)
[PRECOND BLOCK NORMS] U: 1.095e+10, V: 1.375e+07, MU: 3.069e+08
[PRECOND BLOCK NORMS] PHI: 1.719e+09
[PRECOND BLOCK NORMS] W: 3.514e+04, THETA: 6.911e+05
[PRECOND TIMING] W-THETA coupled solve: 6 ms (3321 columns)
[PRECOND DEBUG] Output preconditioned ||M⁻¹r|| = 1.108e+10 (α₀=0, ratio=1, α_eff=0)
[PRECOND DEBUG] Ratio ||M⁻¹r|| / ||r|| = 0.9745
[GMRES] restart=1 j=95: hess_est=0.2346, true_err=0.2346
[GMRES BLOCK r/b] restart=1 j=95 ru=22.3671 rv=57.3044 rw=31.7146 ph=76.5964 t=13.0451 mu=4.0114
[FGMRES] NOT CONVERGED: ||x||=0.0000, ||r_true||=255.0141, ||b||=1039.3312, rel_error=0.2454, tol=0.0000, restarts=1, arnoldi=96 (block-scaled)
[GMRES BLOCK-SCALE] ru: ||r0||=466.6 → D_inv=0.002143
[GMRES BLOCK-SCALE] rv: ||r0||=463.9 → D_inv=0.002156
[GMRES BLOCK-SCALE] rw: ||r0||=464.6 → D_inv=0.002152
[GMRES BLOCK-SCALE] ph: ||r0||=464.6 → D_inv=0.002152
[GMRES BLOCK-SCALE] t: ||r0||=461 → D_inv=0.002169
[GMRES BLOCK-SCALE] mu: ||r0||=57.63 → D_inv=0.01735
[FGMRES] Z-basis memory budget: restart=192 x numel=1080491 => ~791.4 MiB per cycle
[GMRES REORTH] j=1 before=2.28e+06 after1=4680 after2=4672 ratio=0.002053
[PRECOND DEBUG] Input residual ||r|| = 1.085e+10 (call #2380)
[PRECOND BLOCK NORMS] U: 1.071e+10, V: 4.697e+06, MU: 3.042e+08
[PRECOND BLOCK NORMS] PHI: 1.703e+09
[PRECOND BLOCK NORMS] W: 1.5e+04, THETA: 6.247e+05
[PRECOND TIMING] W-THETA coupled solve: 6 ms (3321 columns)
[PRECOND DEBUG] Output preconditioned ||M⁻¹r|| = 1.085e+10 (α₀=0, ratio=1, α_eff=0)
[PRECOND DEBUG] Ratio ||M⁻¹r|| / ||r|| = 0.9994
[GMRES REORTH] j=2 before=2.859e+05 after1=1.377e+04 after2=1.377e+04 ratio=0.04816
[PRECOND DEBUG] Input residual ||r|| = 1.349e+10 (call #2385)
[PRECOND BLOCK NORMS] U: 1.331e+10, V: 1.674e+07, MU: 3.763e+08
[PRECOND BLOCK NORMS] PHI: 2.107e+09
[PRECOND BLOCK NORMS] W: 3.057e+04, THETA: 7.929e+05
[PRECOND TIMING] W-THETA coupled solve: 6 ms (3321 columns)
[PRECOND DEBUG] Output preconditioned ||M⁻¹r|| = 1.348e+10 (α₀=0, ratio=1, α_eff=0)
[PRECOND DEBUG] Ratio ||M⁻¹r|| / ||r|| = 0.9995
[PRECOND DEBUG] Input residual ||r|| = 1.453e+10 (call #2390)
[PRECOND BLOCK NORMS] U: 1.434e+10, V: 1.693e+07, MU: 4.045e+08
[PRECOND BLOCK NORMS] PHI: 2.264e+09
[PRECOND BLOCK NORMS] W: 3.303e+04, THETA: 9.091e+05
[PRECOND TIMING] W-THETA coupled solve: 5 ms (3321 columns)
[PRECOND DEBUG] Output preconditioned ||M⁻¹r|| = 1.452e+10 (α₀=0, ratio=1, α_eff=0)
[PRECOND DEBUG] Ratio ||M⁻¹r|| / ||r|| = 0.9994
[PRECOND DEBUG] Input residual ||r|| = 4.321e+09 (call #2395)
[PRECOND BLOCK NORMS] U: 4.196e+09, V: 1.813e+07, MU: 1.168e+08
[PRECOND BLOCK NORMS] PHI: 6.545e+08
[PRECOND BLOCK NORMS] W: 4.238e+04, THETA: 2.531e+05
[PRECOND TIMING] W-THETA coupled solve: 6 ms (3321 columns)
[PRECOND DEBUG] Output preconditioned ||M⁻¹r|| = 4.248e+09 (α₀=0, ratio=1, α_eff=0)
[PRECOND DEBUG] Ratio ||M⁻¹r|| / ||r|| = 0.9831
[PRECOND DEBUG] Input residual ||r|| = 3.272e+09 (call #2400)
[PRECOND BLOCK NORMS] U: 3.134e+09, V: 1.746e+07, MU: 8.657e+07
[PRECOND BLOCK NORMS] PHI: 4.854e+08
[PRECOND BLOCK NORMS] W: 6.36e+04, THETA: 2.009e+05
[PRECOND TIMING] W-THETA coupled solve: 6 ms (3321 columns)
[PRECOND DEBUG] Output preconditioned ||M⁻¹r|| = 3.172e+09 (α₀=0, ratio=1, α_eff=0)
[PRECOND DEBUG] Ratio ||M⁻¹r|| / ||r|| = 0.9697
[PRECOND DEBUG] Input residual ||r|| = 1.381e+10 (call #2405)
[PRECOND BLOCK NORMS] U: 1.362e+10, V: 2.449e+07, MU: 3.824e+08
[PRECOND BLOCK NORMS] PHI: 2.14e+09
[PRECOND BLOCK NORMS] W: 8.026e+04, THETA: 8.653e+05
[PRECOND TIMING] W-THETA coupled solve: 5 ms (3321 columns)
[PRECOND DEBUG] Output preconditioned ||M⁻¹r|| = 1.379e+10 (α₀=0, ratio=1, α_eff=0)
[PRECOND DEBUG] Ratio ||M⁻¹r|| / ||r|| = 0.9982
[PRECOND DEBUG] Input residual ||r|| = 2.719e+10 (call #2410)
[PRECOND BLOCK NORMS] U: 2.684e+10, V: 2.224e+07, MU: 7.578e+08
[PRECOND BLOCK NORMS] PHI: 4.242e+09
[PRECOND BLOCK NORMS] W: 1.013e+05, THETA: 1.647e+06
[PRECOND TIMING] W-THETA coupled solve: 5 ms (3321 columns)
[PRECOND DEBUG] Output preconditioned ||M⁻¹r|| = 2.718e+10 (α₀=0, ratio=1, α_eff=0)
[PRECOND DEBUG] Ratio ||M⁻¹r|| / ||r|| = 0.9999
[PRECOND DEBUG] Input residual ||r|| = 6.078e+09 (call #2415)
[PRECOND BLOCK NORMS] U: 5.952e+09, V: 1.88e+07, MU: 1.648e+08
[PRECOND BLOCK NORMS] PHI: 9.228e+08
[PRECOND BLOCK NORMS] W: 8.518e+04, THETA: 3.916e+05
[PRECOND TIMING] W-THETA coupled solve: 5 ms (3321 columns)
[PRECOND DEBUG] Output preconditioned ||M⁻¹r|| = 6.025e+09 (α₀=0, ratio=1, α_eff=0)
[PRECOND DEBUG] Ratio ||M⁻¹r|| / ||r|| = 0.9912
[PRECOND DEBUG] Input residual ||r|| = 6.82e+09 (call #2420)
[PRECOND BLOCK NORMS] U: 6.651e+09, V: 1.872e+07, MU: 1.827e+08
[PRECOND BLOCK NORMS] PHI: 1.024e+09
[PRECOND BLOCK NORMS] W: 8.725e+04, THETA: 4.274e+05
[PRECOND TIMING] W-THETA coupled solve: 6 ms (3321 columns)
[PRECOND DEBUG] Output preconditioned ||M⁻¹r|| = 6.731e+09 (α₀=0, ratio=1, α_eff=0)
[PRECOND DEBUG] Ratio ||M⁻¹r|| / ||r|| = 0.987
[PRECOND DEBUG] Input residual ||r|| = 5.542e+09 (call #2425)
[PRECOND BLOCK NORMS] U: 5.35e+09, V: 2.276e+07, MU: 1.441e+08
[PRECOND BLOCK NORMS] PHI: 8.086e+08
[PRECOND BLOCK NORMS] W: 8.583e+04, THETA: 5.097e+05
[PRECOND TIMING] W-THETA coupled solve: 6 ms (3321 columns)
[PRECOND DEBUG] Output preconditioned ||M⁻¹r|| = 5.412e+09 (α₀=0, ratio=1, α_eff=0)
[PRECOND DEBUG] Ratio ||M⁻¹r|| / ||r|| = 0.9765
[PRECOND DEBUG] Input residual ||r|| = 6.182e+09 (call #2430)
[PRECOND BLOCK NORMS] U: 6.062e+09, V: 2.319e+07, MU: 1.637e+08
[PRECOND BLOCK NORMS] PHI: 9.168e+08
[PRECOND BLOCK NORMS] W: 1.394e+05, THETA: 9.095e+05
[PRECOND TIMING] W-THETA coupled solve: 5 ms (3321 columns)
[PRECOND DEBUG] Output preconditioned ||M⁻¹r|| = 6.133e+09 (α₀=0, ratio=1, α_eff=0)
[PRECOND DEBUG] Ratio ||M⁻¹r|| / ||r|| = 0.992
[PRECOND DEBUG] Input residual ||r|| = 1.099e+10 (call #2435)
[PRECOND BLOCK NORMS] U: 1.084e+10, V: 2.633e+07, MU: 3.017e+08
[PRECOND BLOCK NORMS] PHI: 1.689e+09
[PRECOND BLOCK NORMS] W: 1.676e+05, THETA: 9.217e+05
[PRECOND TIMING] W-THETA coupled solve: 5 ms (3321 columns)
[PRECOND DEBUG] Output preconditioned ||M⁻¹r|| = 1.097e+10 (α₀=0, ratio=1, α_eff=0)
[PRECOND DEBUG] Ratio ||M⁻¹r|| / ||r|| = 0.9985
[PRECOND DEBUG] Input residual ||r|| = 1.076e+10 (call #2440)
[PRECOND BLOCK NORMS] U: 1.061e+10, V: 2.05e+07, MU: 3.067e+08
[PRECOND BLOCK NORMS] PHI: 1.718e+09
[PRECOND BLOCK NORMS] W: 2.553e+05, THETA: 1.497e+06
[PRECOND TIMING] W-THETA coupled solve: 5 ms (3321 columns)
[PRECOND DEBUG] Output preconditioned ||M⁻¹r|| = 1.076e+10 (α₀=0, ratio=1, α_eff=0)
[PRECOND DEBUG] Ratio ||M⁻¹r|| / ||r|| = 0.9996
[PRECOND DEBUG] Input residual ||r|| = 4.595e+09 (call #2445)
[PRECOND BLOCK NORMS] U: 4.475e+09, V: 2.141e+07, MU: 1.145e+08
[PRECOND BLOCK NORMS] PHI: 6.419e+08
[PRECOND BLOCK NORMS] W: 1.748e+05, THETA: 1.609e+06
[PRECOND TIMING] W-THETA coupled solve: 6 ms (3321 columns)
[PRECOND DEBUG] Output preconditioned ||M⁻¹r|| = 4.521e+09 (α₀=0, ratio=1, α_eff=0)
[PRECOND DEBUG] Ratio ||M⁻¹r|| / ||r|| = 0.984
[PRECOND DEBUG] Input residual ||r|| = 7.056e+09 (call #2450)
[PRECOND BLOCK NORMS] U: 6.931e+09, V: 1.787e+07, MU: 1.831e+08
[PRECOND BLOCK NORMS] PHI: 1.025e+09
[PRECOND BLOCK NORMS] W: 1.465e+05, THETA: 1.18e+06
[PRECOND TIMING] W-THETA coupled solve: 6 ms (3321 columns)
[PRECOND DEBUG] Output preconditioned ||M⁻¹r|| = 7.008e+09 (α₀=0, ratio=1, α_eff=0)
[PRECOND DEBUG] Ratio ||M⁻¹r|| / ||r|| = 0.9932
[PRECOND DEBUG] Input residual ||r|| = 2.946e+09 (call #2455)
[PRECOND BLOCK NORMS] U: 2.847e+09, V: 2.257e+07, MU: 7.417e+07
[PRECOND BLOCK NORMS] PHI: 4.159e+08
[PRECOND BLOCK NORMS] W: 9.546e+04, THETA: 2.041e+06
[PRECOND TIMING] W-THETA coupled solve: 6 ms (3321 columns)
[PRECOND DEBUG] Output preconditioned ||M⁻¹r|| = 2.878e+09 (α₀=0, ratio=1, α_eff=0)
[PRECOND DEBUG] Ratio ||M⁻¹r|| / ||r|| = 0.9771
[PRECOND DEBUG] Input residual ||r|| = 7.399e+09 (call #2460)
[PRECOND BLOCK NORMS] U: 7.292e+09, V: 2.392e+07, MU: 1.727e+08
[PRECOND BLOCK NORMS] PHI: 9.671e+08
[PRECOND BLOCK NORMS] W: 1.578e+05, THETA: 1.269e+06
[PRECOND TIMING] W-THETA coupled solve: 6 ms (3321 columns)
[PRECOND DEBUG] Output preconditioned ||M⁻¹r|| = 7.358e+09 (α₀=0, ratio=1, α_eff=0)
[PRECOND DEBUG] Ratio ||M⁻¹r|| / ||r|| = 0.9944
[PRECOND DEBUG] Input residual ||r|| = 8.115e+09 (call #2465)
[PRECOND BLOCK NORMS] U: 7.993e+09, V: 2.594e+07, MU: 2.007e+08
[PRECOND BLOCK NORMS] PHI: 1.124e+09
[PRECOND BLOCK NORMS] W: 1.653e+05, THETA: 1.046e+06
[PRECOND TIMING] W-THETA coupled solve: 6 ms (3321 columns)
[PRECOND DEBUG] Output preconditioned ||M⁻¹r|| = 8.074e+09 (α₀=0, ratio=1, α_eff=0)
[PRECOND DEBUG] Ratio ||M⁻¹r|| / ||r|| = 0.9949
[PRECOND DEBUG] Input residual ||r|| = 1.322e+10 (call #2470)
[PRECOND BLOCK NORMS] U: 1.305e+10, V: 2.431e+07, MU: 3.523e+08
[PRECOND BLOCK NORMS] PHI: 1.972e+09
[PRECOND BLOCK NORMS] W: 1.756e+05, THETA: 2.891e+06
[PRECOND TIMING] W-THETA coupled solve: 5 ms (3321 columns)
[PRECOND DEBUG] Output preconditioned ||M⁻¹r|| = 1.32e+10 (α₀=0, ratio=1, α_eff=0)
[PRECOND DEBUG] Ratio ||M⁻¹r|| / ||r|| = 0.9984
[PRECOND DEBUG] Input residual ||r|| = 8.945e+09 (call #2475)
[PRECOND BLOCK NORMS] U: 8.824e+09, V: 1.876e+07, MU: 8.423e+07
[PRECOND BLOCK NORMS] PHI: 4.719e+08
[PRECOND BLOCK NORMS] W: 4.3e+05, THETA: 6.239e+06
[PRECOND TIMING] W-THETA coupled solve: 6 ms (3321 columns)
[PRECOND DEBUG] Output preconditioned ||M⁻¹r|| = 8.836e+09 (α₀=0, ratio=1, α_eff=0)
[PRECOND DEBUG] Ratio ||M⁻¹r|| / ||r|| = 0.9878
[PRECOND DEBUG] Input residual ||r|| = 8.787e+09 (call #2480)
[PRECOND BLOCK NORMS] U: 8.659e+09, V: 2.351e+07, MU: 1.541e+08
[PRECOND BLOCK NORMS] PHI: 8.63e+08
[PRECOND BLOCK NORMS] W: 2.344e+05, THETA: 1.03e+07
[PRECOND TIMING] W-THETA coupled solve: 6 ms (3321 columns)
[PRECOND DEBUG] Output preconditioned ||M⁻¹r|| = 8.703e+09 (α₀=0, ratio=1, α_eff=0)
[PRECOND DEBUG] Ratio ||M⁻¹r|| / ||r|| = 0.9905
[PRECOND DEBUG] Input residual ||r|| = 1.632e+10 (call #2485)
[PRECOND BLOCK NORMS] U: 1.611e+10, V: 2.156e+07, MU: 3.693e+08
[PRECOND BLOCK NORMS] PHI: 2.068e+09
[PRECOND BLOCK NORMS] W: 2.997e+05, THETA: 1.111e+07
[PRECOND TIMING] W-THETA coupled solve: 5 ms (3321 columns)
[PRECOND DEBUG] Output preconditioned ||M⁻¹r|| = 1.624e+10 (α₀=0, ratio=1, α_eff=0)
[PRECOND DEBUG] Ratio ||M⁻¹r|| / ||r|| = 0.9954
[PRECOND DEBUG] Input residual ||r|| = 1.122e+10 (call #2490)
[PRECOND BLOCK NORMS] U: 1.108e+10, V: 2.294e+07, MU: 1.703e+08
[PRECOND BLOCK NORMS] PHI: 9.537e+08
[PRECOND BLOCK NORMS] W: 3.849e+05, THETA: 6.575e+06
[PRECOND TIMING] W-THETA coupled solve: 6 ms (3321 columns)
[PRECOND DEBUG] Output preconditioned ||M⁻¹r|| = 1.112e+10 (α₀=0, ratio=1, α_eff=0)
[PRECOND DEBUG] Ratio ||M⁻¹r|| / ||r|| = 0.9907
[PRECOND DEBUG] Input residual ||r|| = 1.592e+10 (call #2495)
[PRECOND BLOCK NORMS] U: 1.572e+10, V: 2.159e+07, MU: 2.601e+08
[PRECOND BLOCK NORMS] PHI: 1.456e+09
[PRECOND BLOCK NORMS] W: 3.656e+05, THETA: 1.216e+07
[PRECOND TIMING] W-THETA coupled solve: 6 ms (3321 columns)
[PRECOND DEBUG] Output preconditioned ||M⁻¹r|| = 1.579e+10 (α₀=0, ratio=1, α_eff=0)
[PRECOND DEBUG] Ratio ||M⁻¹r|| / ||r|| = 0.9917
[PRECOND DEBUG] Input residual ||r|| = 1.535e+10 (call #2500)
[PRECOND BLOCK NORMS] U: 1.515e+10, V: 2.569e+07, MU: 2.722e+08
[PRECOND BLOCK NORMS] PHI: 1.524e+09
[PRECOND BLOCK NORMS] W: 2.788e+05, THETA: 3.217e+06
[PRECOND TIMING] W-THETA coupled solve: 6 ms (3321 columns)
[PRECOND DEBUG] Output preconditioned ||M⁻¹r|| = 1.523e+10 (α₀=0, ratio=1, α_eff=0)
[PRECOND DEBUG] Ratio ||M⁻¹r|| / ||r|| = 0.9924
[PRECOND DEBUG] Input residual ||r|| = 2.008e+10 (call #2505)
[PRECOND BLOCK NORMS] U: 1.983e+10, V: 2.535e+07, MU: 2.622e+08
[PRECOND BLOCK NORMS] PHI: 1.468e+09
[PRECOND BLOCK NORMS] W: 5.06e+05, THETA: 5.992e+06
[PRECOND TIMING] W-THETA coupled solve: 5 ms (3321 columns)
[PRECOND DEBUG] Output preconditioned ||M⁻¹r|| = 1.988e+10 (α₀=0, ratio=1, α_eff=0)
[PRECOND DEBUG] Ratio ||M⁻¹r|| / ||r|| = 0.9905
[PRECOND DEBUG] Input residual ||r|| = 1.804e+10 (call #2510)
[PRECOND BLOCK NORMS] U: 1.782e+10, V: 2.142e+07, MU: 1.092e+08
[PRECOND BLOCK NORMS] PHI: 6.115e+08
[PRECOND BLOCK NORMS] W: 7.928e+05, THETA: 1.181e+07
[PRECOND TIMING] W-THETA coupled solve: 6 ms (3321 columns)
[PRECOND DEBUG] Output preconditioned ||M⁻¹r|| = 1.783e+10 (α₀=0, ratio=1, α_eff=0)
[PRECOND DEBUG] Ratio ||M⁻¹r|| / ||r|| = 0.9882
[PRECOND DEBUG] Input residual ||r|| = 1.625e+10 (call #2515)
[PRECOND BLOCK NORMS] U: 1.605e+10, V: 2.321e+07, MU: 2.385e+08
[PRECOND BLOCK NORMS] PHI: 1.336e+09
[PRECOND BLOCK NORMS] W: 4.315e+05, THETA: 1.149e+07
[PRECOND TIMING] W-THETA coupled solve: 6 ms (3321 columns)
[PRECOND DEBUG] Output preconditioned ||M⁻¹r|| = 1.61e+10 (α₀=0, ratio=1, α_eff=0)
[PRECOND DEBUG] Ratio ||M⁻¹r|| / ||r|| = 0.9911
[PRECOND DEBUG] Input residual ||r|| = 2.312e+10 (call #2520)
[PRECOND BLOCK NORMS] U: 2.284e+10, V: 2.347e+07, MU: 2.691e+08
[PRECOND BLOCK NORMS] PHI: 1.506e+09
[PRECOND BLOCK NORMS] W: 7.901e+05, THETA: 1.034e+07
[PRECOND TIMING] W-THETA coupled solve: 6 ms (3321 columns)
[PRECOND DEBUG] Output preconditioned ||M⁻¹r|| = 2.289e+10 (α₀=0, ratio=1, α_eff=0)
[PRECOND DEBUG] Ratio ||M⁻¹r|| / ||r|| = 0.99
[PRECOND DEBUG] Input residual ||r|| = 4.26e+10 (call #2525)
[PRECOND BLOCK NORMS] U: 4.209e+10, V: 2.447e+07, MU: 2.4e+08
[PRECOND BLOCK NORMS] PHI: 1.344e+09
[PRECOND BLOCK NORMS] W: 1.198e+06, THETA: 1.013e+07
[PRECOND TIMING] W-THETA coupled solve: 6 ms (3321 columns)
[PRECOND DEBUG] Output preconditioned ||M⁻¹r|| = 4.21e+10 (α₀=0, ratio=1, α_eff=0)
[PRECOND DEBUG] Ratio ||M⁻¹r|| / ||r|| = 0.9884
[PRECOND DEBUG] Input residual ||r|| = 2.894e+10 (call #2530)
[PRECOND BLOCK NORMS] U: 2.859e+10, V: 2.446e+07, MU: 3.052e+08
[PRECOND BLOCK NORMS] PHI: 1.709e+09
[PRECOND BLOCK NORMS] W: 8.649e+05, THETA: 4.879e+06
[PRECOND TIMING] W-THETA coupled solve: 6 ms (3321 columns)
[PRECOND DEBUG] Output preconditioned ||M⁻¹r|| = 2.864e+10 (α₀=0, ratio=1, α_eff=0)
[PRECOND DEBUG] Ratio ||M⁻¹r|| / ||r|| = 0.9896
[PRECOND DEBUG] Input residual ||r|| = 5.09e+10 (call #2535)
[PRECOND BLOCK NORMS] U: 5.029e+10, V: 2.45e+07, MU: 3.011e+08
[PRECOND BLOCK NORMS] PHI: 1.686e+09
[PRECOND BLOCK NORMS] W: 1.543e+06, THETA: 1.086e+07
[PRECOND TIMING] W-THETA coupled solve: 6 ms (3321 columns)
[PRECOND DEBUG] Output preconditioned ||M⁻¹r|| = 5.031e+10 (α₀=0, ratio=1, α_eff=0)
[PRECOND DEBUG] Ratio ||M⁻¹r|| / ||r|| = 0.9884
[PRECOND DEBUG] Input residual ||r|| = 6.592e+10 (call #2540)
[PRECOND BLOCK NORMS] U: 6.513e+10, V: 2.376e+07, MU: 3.916e+08
[PRECOND BLOCK NORMS] PHI: 2.193e+09
[PRECOND BLOCK NORMS] W: 2.646e+06, THETA: 9.016e+06
[PRECOND TIMING] W-THETA coupled solve: 5 ms (3321 columns)
[PRECOND DEBUG] Output preconditioned ||M⁻¹r|| = 6.516e+10 (α₀=0, ratio=1, α_eff=0)
[PRECOND DEBUG] Ratio ||M⁻¹r|| / ||r|| = 0.9885
[PRECOND DEBUG] Input residual ||r|| = 6.544e+10 (call #2545)
[PRECOND BLOCK NORMS] U: 6.465e+10, V: 2.552e+07, MU: 5.556e+08
[PRECOND BLOCK NORMS] PHI: 3.111e+09
[PRECOND BLOCK NORMS] W: 2.915e+06, THETA: 1.107e+07
[PRECOND TIMING] W-THETA coupled solve: 5 ms (3321 columns)
[PRECOND DEBUG] Output preconditioned ||M⁻¹r|| = 6.473e+10 (α₀=0, ratio=1, α_eff=0)
[PRECOND DEBUG] Ratio ||M⁻¹r|| / ||r|| = 0.9892
[PRECOND DEBUG] Input residual ||r|| = 2.613e+10 (call #2550)
[PRECOND BLOCK NORMS] U: 2.581e+10, V: 2.586e+07, MU: 2.104e+08
[PRECOND BLOCK NORMS] PHI: 1.178e+09
[PRECOND BLOCK NORMS] W: 2.21e+06, THETA: 7.815e+06
[PRECOND TIMING] W-THETA coupled solve: 6 ms (3321 columns)
[PRECOND DEBUG] Output preconditioned ||M⁻¹r|| = 2.583e+10 (α₀=0, ratio=1, α_eff=0)
[PRECOND DEBUG] Ratio ||M⁻¹r|| / ||r|| = 0.9887
[PRECOND DEBUG] Input residual ||r|| = 2.084e+10 (call #2555)
[PRECOND BLOCK NORMS] U: 2.059e+10, V: 2.471e+07, MU: 2.746e+08
[PRECOND BLOCK NORMS] PHI: 1.538e+09
[PRECOND BLOCK NORMS] W: 3.077e+06, THETA: 1.433e+07
[PRECOND TIMING] W-THETA coupled solve: 6 ms (3321 columns)
[PRECOND DEBUG] Output preconditioned ||M⁻¹r|| = 2.065e+10 (α₀=0, ratio=1, α_eff=0)
[PRECOND DEBUG] Ratio ||M⁻¹r|| / ||r|| = 0.9906
[PRECOND DEBUG] Input residual ||r|| = 1.974e+10 (call #2560)
[PRECOND BLOCK NORMS] U: 1.949e+10, V: 2.357e+07, MU: 3.495e+08
[PRECOND BLOCK NORMS] PHI: 1.957e+09
[PRECOND BLOCK NORMS] W: 4.85e+06, THETA: 6.395e+06
[PRECOND TIMING] W-THETA coupled solve: 6 ms (3321 columns)
[PRECOND DEBUG] Output preconditioned ||M⁻¹r|| = 1.959e+10 (α₀=0, ratio=1, α_eff=0)
[PRECOND DEBUG] Ratio ||M⁻¹r|| / ||r|| = 0.9927
[PRECOND DEBUG] Input residual ||r|| = 3.916e+10 (call #2565)
[PRECOND BLOCK NORMS] U: 3.869e+10, V: 2.319e+07, MU: 2.9e+08
[PRECOND BLOCK NORMS] PHI: 1.624e+09
[PRECOND BLOCK NORMS] W: 6.135e+06, THETA: 5.861e+06
[PRECOND TIMING] W-THETA coupled solve: 6 ms (3321 columns)
[PRECOND DEBUG] Output preconditioned ||M⁻¹r|| = 3.872e+10 (α₀=0, ratio=1, α_eff=0)
[PRECOND DEBUG] Ratio ||M⁻¹r|| / ||r|| = 0.9887
[GMRES] restart=1 j=191: hess_est=0.8254, true_err=0.8254
[GMRES BLOCK r/b] restart=1 j=191 ru=191.7244 rv=175.9758 rw=187.2001 ph=77.9846 t=173.2422 mu=11.0756
[FGMRES] NOT CONVERGED: ||x||=0.0001, ||r_true||=912.9284, ||b||=1039.3312, rel_error=0.8784, tol=0.0000, restarts=1, arnoldi=192 (block-scaled)
[GMRES BLOCK-SCALE] ru: ||r0||=466.6 → D_inv=0.002143
[GMRES BLOCK-SCALE] rv: ||r0||=463.9 → D_inv=0.002156
[GMRES BLOCK-SCALE] rw: ||r0||=464.6 → D_inv=0.002152
[GMRES BLOCK-SCALE] ph: ||r0||=464.6 → D_inv=0.002152
[GMRES BLOCK-SCALE] t: ||r0||=461 → D_inv=0.002169
[GMRES BLOCK-SCALE] mu: ||r0||=57.63 → D_inv=0.01735
[FGMRES] Z-basis memory budget: restart=192 x numel=1080491 => ~791.4 MiB per cycle
[GMRES] restart=1 j=191: hess_est=0.0815, true_err=0.0815
[GMRES BLOCK r/b] restart=1 j=191 ru=7.3237 rv=12.4048 rw=11.9880 ph=31.3498 t=6.8195 mu=0.9023
[FGMRES] NOT CONVERGED: ||x||=0.0000, ||r_true||=91.0201, ||b||=1039.3312, rel_error=0.0876, tol=0.0000, restarts=1, arnoldi=192 (block-scaled)
[GMRES BLOCK-SCALE] ru: ||r0||=466.6 → D_inv=0.002143
[GMRES BLOCK-SCALE] rv: ||r0||=463.9 → D_inv=0.002156
[GMRES BLOCK-SCALE] rw: ||r0||=464.6 → D_inv=0.002152
[GMRES BLOCK-SCALE] ph: ||r0||=464.6 → D_inv=0.002152
[GMRES BLOCK-SCALE] t: ||r0||=461 → D_inv=0.002169
[GMRES BLOCK-SCALE] mu: ||r0||=57.63 → D_inv=0.01735
[FGMRES] Z-basis memory budget: restart=192 x numel=1080491 => ~791.4 MiB per cycle
[PRECOND DEBUG] Input residual ||r|| = 2.098e+11 (call #2570)
[PRECOND BLOCK NORMS] U: 2.072e+11, V: 1.616e+08, MU: 5.841e+09
[PRECOND BLOCK NORMS] PHI: 3.27e+10
[PRECOND BLOCK NORMS] W: 3.177e+05, THETA: 1.312e+07
[PRECOND TIMING] W-THETA coupled solve: 5 ms (3321 columns)
[PRECOND DEBUG] Output preconditioned ||M⁻¹r|| = 2.099e+11 (α₀=0, ratio=1, α_eff=0)
[PRECOND DEBUG] Ratio ||M⁻¹r|| / ||r|| = 1
[GMRES REORTH] j=2 before=2.936e+05 after1=1.896e+05 after2=1.896e+05 ratio=0.6457
[PRECOND DEBUG] Input residual ||r|| = 4.878e+10 (call #2575)
[PRECOND BLOCK NORMS] U: 4.806e+10, V: 3.738e+07, MU: 1.356e+09
[PRECOND BLOCK NORMS] PHI: 7.592e+09
[PRECOND BLOCK NORMS] W: 7.604e+04, THETA: 2.821e+06
[PRECOND TIMING] W-THETA coupled solve: 5 ms (3321 columns)
[PRECOND DEBUG] Output preconditioned ||M⁻¹r|| = 4.867e+10 (α₀=0, ratio=1, α_eff=0)
[PRECOND DEBUG] Ratio ||M⁻¹r|| / ||r|| = 0.9978
[PRECOND DEBUG] Input residual ||r|| = 1.528e+10 (call #2580)
[PRECOND BLOCK NORMS] U: 1.492e+10, V: 2.209e+07, MU: 4.184e+08
[PRECOND BLOCK NORMS] PHI: 2.345e+09
[PRECOND BLOCK NORMS] W: 5.098e+04, THETA: 7.392e+05
[PRECOND TIMING] W-THETA coupled solve: 5 ms (3321 columns)
[PRECOND DEBUG] Output preconditioned ||M⁻¹r|| = 1.511e+10 (α₀=0, ratio=1, α_eff=0)
[PRECOND DEBUG] Ratio ||M⁻¹r|| / ||r|| = 0.9888
[PRECOND DEBUG] Input residual ||r|| = 1.983e+10 (call #2585)
[PRECOND BLOCK NORMS] U: 1.941e+10, V: 1.934e+07, MU: 5.459e+08
[PRECOND BLOCK NORMS] PHI: 3.056e+09
[PRECOND BLOCK NORMS] W: 5.246e+04, THETA: 1.341e+06
[PRECOND TIMING] W-THETA coupled solve: 5 ms (3321 columns)
[PRECOND DEBUG] Output preconditioned ||M⁻¹r|| = 1.966e+10 (α₀=0, ratio=1, α_eff=0)
[PRECOND DEBUG] Ratio ||M⁻¹r|| / ||r|| = 0.9914
[PRECOND DEBUG] Input residual ||r|| = 1.982e+10 (call #2590)
[PRECOND BLOCK NORMS] U: 1.937e+10, V: 2.053e+07, MU: 5.438e+08
[PRECOND BLOCK NORMS] PHI: 3.045e+09
[PRECOND BLOCK NORMS] W: 5.596e+04, THETA: 1.391e+06
[PRECOND TIMING] W-THETA coupled solve: 5 ms (3321 columns)
[PRECOND DEBUG] Output preconditioned ||M⁻¹r|| = 1.961e+10 (α₀=0, ratio=1, α_eff=0)
[PRECOND DEBUG] Ratio ||M⁻¹r|| / ||r|| = 0.9897
[PRECOND DEBUG] Input residual ||r|| = 1.637e+10 (call #2595)
[PRECOND BLOCK NORMS] U: 1.594e+10, V: 1.633e+07, MU: 4.475e+08
[PRECOND BLOCK NORMS] PHI: 2.509e+09
[PRECOND BLOCK NORMS] W: 8.118e+04, THETA: 6.038e+05
[PRECOND TIMING] W-THETA coupled solve: 6 ms (3321 columns)
[PRECOND DEBUG] Output preconditioned ||M⁻¹r|| = 1.614e+10 (α₀=0, ratio=1, α_eff=0)
[PRECOND DEBUG] Ratio ||M⁻¹r|| / ||r|| = 0.9862
[PRECOND DEBUG] Input residual ||r|| = 1.636e+10 (call #2600)
[PRECOND BLOCK NORMS] U: 1.59e+10, V: 1.776e+07, MU: 4.471e+08
[PRECOND BLOCK NORMS] PHI: 2.506e+09
[PRECOND BLOCK NORMS] W: 7.02e+04, THETA: 7.314e+05
[PRECOND TIMING] W-THETA coupled solve: 5 ms (3321 columns)
[PRECOND DEBUG] Output preconditioned ||M⁻¹r|| = 1.61e+10 (α₀=0, ratio=1, α_eff=0)
[PRECOND DEBUG] Ratio ||M⁻¹r|| / ||r|| = 0.9846
[PRECOND DEBUG] Input residual ||r|| = 1.785e+10 (call #2605)
[PRECOND BLOCK NORMS] U: 1.747e+10, V: 2.349e+07, MU: 4.9e+08
[PRECOND BLOCK NORMS] PHI: 2.744e+09
[PRECOND BLOCK NORMS] W: 4.677e+04, THETA: 1.254e+06
[PRECOND TIMING] W-THETA coupled solve: 6 ms (3321 columns)
[PRECOND DEBUG] Output preconditioned ||M⁻¹r|| = 1.769e+10 (α₀=0, ratio=1, α_eff=0)
[PRECOND DEBUG] Ratio ||M⁻¹r|| / ||r|| = 0.9906
[PRECOND DEBUG] Input residual ||r|| = 1.304e+10 (call #2610)
[PRECOND BLOCK NORMS] U: 1.267e+10, V: 1.362e+07, MU: 3.566e+08
[PRECOND BLOCK NORMS] PHI: 1.996e+09
[PRECOND BLOCK NORMS] W: 2.26e+04, THETA: 7.885e+05
[PRECOND TIMING] W-THETA coupled solve: 5 ms (3321 columns)
[PRECOND DEBUG] Output preconditioned ||M⁻¹r|| = 1.283e+10 (α₀=0, ratio=1, α_eff=0)
[PRECOND DEBUG] Ratio ||M⁻¹r|| / ||r|| = 0.9839
[PRECOND DEBUG] Input residual ||r|| = 1.832e+10 (call #2615)
[PRECOND BLOCK NORMS] U: 1.783e+10, V: 1.849e+07, MU: 5.003e+08
[PRECOND BLOCK NORMS] PHI: 2.804e+09
[PRECOND BLOCK NORMS] W: 8.316e+04, THETA: 7.846e+05
[PRECOND TIMING] W-THETA coupled solve: 5 ms (3321 columns)
[PRECOND DEBUG] Output preconditioned ||M⁻¹r|| = 1.805e+10 (α₀=0, ratio=1, α_eff=0)
[PRECOND DEBUG] Ratio ||M⁻¹r|| / ||r|| = 0.9853
[PRECOND DEBUG] Input residual ||r|| = 2.385e+10 (call #2620)
[PRECOND BLOCK NORMS] U: 2.339e+10, V: 2.274e+07, MU: 6.576e+08
[PRECOND BLOCK NORMS] PHI: 3.688e+09
[PRECOND BLOCK NORMS] W: 1.192e+05, THETA: 8.175e+05
[PRECOND TIMING] W-THETA coupled solve: 5 ms (3321 columns)
[PRECOND DEBUG] Output preconditioned ||M⁻¹r|| = 2.369e+10 (α₀=0, ratio=1, α_eff=0)
[PRECOND DEBUG] Ratio ||M⁻¹r|| / ||r|| = 0.9931
[PRECOND DEBUG] Input residual ||r|| = 2.446e+10 (call #2625)
[PRECOND BLOCK NORMS] U: 2.4e+10, V: 2.519e+07, MU: 6.745e+08
[PRECOND BLOCK NORMS] PHI: 3.781e+09
[PRECOND BLOCK NORMS] W: 1.059e+05, THETA: 1.006e+06
[PRECOND TIMING] W-THETA coupled solve: 5 ms (3321 columns)
[PRECOND DEBUG] Output preconditioned ||M⁻¹r|| = 2.431e+10 (α₀=0, ratio=1, α_eff=0)
[PRECOND DEBUG] Ratio ||M⁻¹r|| / ||r|| = 0.9935
[PRECOND DEBUG] Input residual ||r|| = 1.815e+10 (call #2630)
[PRECOND BLOCK NORMS] U: 1.776e+10, V: 1.951e+07, MU: 5.004e+08
[PRECOND BLOCK NORMS] PHI: 2.804e+09
[PRECOND BLOCK NORMS] W: 4.993e+04, THETA: 9.102e+05
[PRECOND TIMING] W-THETA coupled solve: 6 ms (3321 columns)
[PRECOND DEBUG] Output preconditioned ||M⁻¹r|| = 1.799e+10 (α₀=0, ratio=1, α_eff=0)
[PRECOND DEBUG] Ratio ||M⁻¹r|| / ||r|| = 0.991
[PRECOND DEBUG] Input residual ||r|| = 1.5e+10 (call #2635)
[PRECOND BLOCK NORMS] U: 1.469e+10, V: 1.985e+07, MU: 4.122e+08
[PRECOND BLOCK NORMS] PHI: 2.308e+09
[PRECOND BLOCK NORMS] W: 2.654e+04, THETA: 9.741e+05
[PRECOND TIMING] W-THETA coupled solve: 6 ms (3321 columns)
[PRECOND DEBUG] Output preconditioned ||M⁻¹r|| = 1.487e+10 (α₀=0, ratio=1, α_eff=0)
[PRECOND DEBUG] Ratio ||M⁻¹r|| / ||r|| = 0.9911
[PRECOND DEBUG] Input residual ||r|| = 1.025e+10 (call #2640)
[PRECOND BLOCK NORMS] U: 9.715e+09, V: 1.067e+07, MU: 2.739e+08
[PRECOND BLOCK NORMS] PHI: 1.535e+09
[PRECOND BLOCK NORMS] W: 1.755e+04, THETA: 4.194e+05
[PRECOND TIMING] W-THETA coupled solve: 6 ms (3321 columns)
[PRECOND DEBUG] Output preconditioned ||M⁻¹r|| = 9.839e+09 (α₀=0, ratio=1, α_eff=0)
[PRECOND DEBUG] Ratio ||M⁻¹r|| / ||r|| = 0.9595
[PRECOND DEBUG] Input residual ||r|| = 1.54e+10 (call #2645)
[PRECOND BLOCK NORMS] U: 1.501e+10, V: 1.727e+07, MU: 4.219e+08
[PRECOND BLOCK NORMS] PHI: 2.364e+09
[PRECOND BLOCK NORMS] W: 4.289e+04, THETA: 8.235e+05
[PRECOND TIMING] W-THETA coupled solve: 6 ms (3321 columns)
[PRECOND DEBUG] Output preconditioned ||M⁻¹r|| = 1.52e+10 (α₀=0, ratio=1, α_eff=0)
[PRECOND DEBUG] Ratio ||M⁻¹r|| / ||r|| = 0.9866
[PRECOND DEBUG] Input residual ||r|| = 1.66e+10 (call #2650)
[PRECOND BLOCK NORMS] U: 1.613e+10, V: 1.573e+07, MU: 4.534e+08
[PRECOND BLOCK NORMS] PHI: 2.542e+09
[PRECOND BLOCK NORMS] W: 7.593e+04, THETA: 6.479e+05
[PRECOND TIMING] W-THETA coupled solve: 6 ms (3321 columns)
[PRECOND DEBUG] Output preconditioned ||M⁻¹r|| = 1.634e+10 (α₀=0, ratio=1, α_eff=0)
[PRECOND DEBUG] Ratio ||M⁻¹r|| / ||r|| = 0.9842
[PRECOND DEBUG] Input residual ||r|| = 1.686e+10 (call #2655)
[PRECOND BLOCK NORMS] U: 1.638e+10, V: 1.519e+07, MU: 4.623e+08
[PRECOND BLOCK NORMS] PHI: 2.593e+09
[PRECOND BLOCK NORMS] W: 6.583e+04, THETA: 6.322e+05
[PRECOND TIMING] W-THETA coupled solve: 5 ms (3321 columns)
[PRECOND DEBUG] Output preconditioned ||M⁻¹r|| = 1.659e+10 (α₀=0, ratio=1, α_eff=0)
[PRECOND DEBUG] Ratio ||M⁻¹r|| / ||r|| = 0.9839
[PRECOND DEBUG] Input residual ||r|| = 2.402e+10 (call #2660)
[PRECOND BLOCK NORMS] U: 2.359e+10, V: 2.665e+07, MU: 6.642e+08
[PRECOND BLOCK NORMS] PHI: 3.721e+09
[PRECOND BLOCK NORMS] W: 4.732e+04, THETA: 1.215e+06
[PRECOND TIMING] W-THETA coupled solve: 6 ms (3321 columns)
[PRECOND DEBUG] Output preconditioned ||M⁻¹r|| = 2.389e+10 (α₀=0, ratio=1, α_eff=0)
[PRECOND DEBUG] Ratio ||M⁻¹r|| / ||r|| = 0.9947
[PRECOND DEBUG] Input residual ||r|| = 1.303e+10 (call #2665)
[PRECOND BLOCK NORMS] U: 1.253e+10, V: 1.426e+07, MU: 3.531e+08
[PRECOND BLOCK NORMS] PHI: 1.979e+09
[PRECOND BLOCK NORMS] W: 2.334e+04, THETA: 6.133e+05
[PRECOND TIMING] W-THETA coupled solve: 5 ms (3321 columns)
[PRECOND DEBUG] Output preconditioned ||M⁻¹r|| = 1.269e+10 (α₀=0, ratio=1, α_eff=0)
[PRECOND DEBUG] Ratio ||M⁻¹r|| / ||r|| = 0.974
[PRECOND DEBUG] Input residual ||r|| = 1.681e+10 (call #2670)
[PRECOND BLOCK NORMS] U: 1.642e+10, V: 1.823e+07, MU: 4.614e+08
[PRECOND BLOCK NORMS] PHI: 2.586e+09
[PRECOND BLOCK NORMS] W: 6.697e+04, THETA: 8.524e+05
[PRECOND TIMING] W-THETA coupled solve: 6 ms (3321 columns)
[PRECOND DEBUG] Output preconditioned ||M⁻¹r|| = 1.663e+10 (α₀=0, ratio=1, α_eff=0)
[PRECOND DEBUG] Ratio ||M⁻¹r|| / ||r|| = 0.9896
[PRECOND DEBUG] Input residual ||r|| = 1.533e+10 (call #2675)
[PRECOND BLOCK NORMS] U: 1.482e+10, V: 1.477e+07, MU: 4.168e+08
[PRECOND BLOCK NORMS] PHI: 2.337e+09
[PRECOND BLOCK NORMS] W: 6.925e+04, THETA: 4.703e+05
[PRECOND TIMING] W-THETA coupled solve: 6 ms (3321 columns)
[PRECOND DEBUG] Output preconditioned ||M⁻¹r|| = 1.5e+10 (α₀=0, ratio=1, α_eff=0)
[PRECOND DEBUG] Ratio ||M⁻¹r|| / ||r|| = 0.9786
[PRECOND DEBUG] Input residual ||r|| = 1.855e+10 (call #2680)
[PRECOND BLOCK NORMS] U: 1.813e+10, V: 1.954e+07, MU: 5.116e+08
[PRECOND BLOCK NORMS] PHI: 2.867e+09
[PRECOND BLOCK NORMS] W: 3.374e+04, THETA: 8.281e+05
[PRECOND TIMING] W-THETA coupled solve: 5 ms (3321 columns)
[PRECOND DEBUG] Output preconditioned ||M⁻¹r|| = 1.836e+10 (α₀=0, ratio=1, α_eff=0)
[PRECOND DEBUG] Ratio ||M⁻¹r|| / ||r|| = 0.9897
[PRECOND DEBUG] Input residual ||r|| = 2.213e+10 (call #2685)
[PRECOND BLOCK NORMS] U: 2.171e+10, V: 2.026e+07, MU: 6.117e+08
[PRECOND BLOCK NORMS] PHI: 3.43e+09
[PRECOND BLOCK NORMS] W: 9.6e+04, THETA: 8.126e+05
[PRECOND TIMING] W-THETA coupled solve: 6 ms (3321 columns)
[PRECOND DEBUG] Output preconditioned ||M⁻¹r|| = 2.198e+10 (α₀=0, ratio=1, α_eff=0)
[PRECOND DEBUG] Ratio ||M⁻¹r|| / ||r|| = 0.9934
[PRECOND DEBUG] Input residual ||r|| = 1.15e+10 (call #2690)
[PRECOND BLOCK NORMS] U: 1.105e+10, V: 1.345e+07, MU: 3.111e+08
[PRECOND BLOCK NORMS] PHI: 1.743e+09
[PRECOND BLOCK NORMS] W: 2.585e+04, THETA: 5.467e+05
[PRECOND TIMING] W-THETA coupled solve: 6 ms (3321 columns)
[PRECOND DEBUG] Output preconditioned ||M⁻¹r|| = 1.119e+10 (α₀=0, ratio=1, α_eff=0)
[PRECOND DEBUG] Ratio ||M⁻¹r|| / ||r|| = 0.9737
[PRECOND DEBUG] Input residual ||r|| = 1.243e+10 (call #2695)
[PRECOND BLOCK NORMS] U: 1.192e+10, V: 1.305e+07, MU: 3.36e+08
[PRECOND BLOCK NORMS] PHI: 1.883e+09
[PRECOND BLOCK NORMS] W: 3.478e+04, THETA: 5.69e+05
[PRECOND TIMING] W-THETA coupled solve: 6 ms (3321 columns)
[PRECOND DEBUG] Output preconditioned ||M⁻¹r|| = 1.208e+10 (α₀=0, ratio=1, α_eff=0)
[PRECOND DEBUG] Ratio ||M⁻¹r|| / ||r|| = 0.9718
[PRECOND DEBUG] Input residual ||r|| = 2.065e+10 (call #2700)
[PRECOND BLOCK NORMS] U: 2.017e+10, V: 2.096e+07, MU: 5.672e+08
[PRECOND BLOCK NORMS] PHI: 3.18e+09
[PRECOND BLOCK NORMS] W: 8.724e+04, THETA: 7.583e+05
[PRECOND TIMING] W-THETA coupled solve: 6 ms (3321 columns)
[PRECOND DEBUG] Output preconditioned ||M⁻¹r|| = 2.042e+10 (α₀=0, ratio=1, α_eff=0)
[PRECOND DEBUG] Ratio ||M⁻¹r|| / ||r|| = 0.9893
[PRECOND DEBUG] Input residual ||r|| = 1.752e+10 (call #2705)
[PRECOND BLOCK NORMS] U: 1.706e+10, V: 1.739e+07, MU: 4.815e+08
[PRECOND BLOCK NORMS] PHI: 2.698e+09
[PRECOND BLOCK NORMS] W: 2.241e+04, THETA: 7.31e+05
[PRECOND TIMING] W-THETA coupled solve: 5 ms (3321 columns)
[PRECOND DEBUG] Output preconditioned ||M⁻¹r|| = 1.727e+10 (α₀=0, ratio=1, α_eff=0)
[PRECOND DEBUG] Ratio ||M⁻¹r|| / ||r|| = 0.9861
[PRECOND DEBUG] Input residual ||r|| = 1.651e+10 (call #2710)
[PRECOND BLOCK NORMS] U: 1.608e+10, V: 1.502e+07, MU: 4.542e+08
[PRECOND BLOCK NORMS] PHI: 2.546e+09
[PRECOND BLOCK NORMS] W: 5.351e+04, THETA: 7.202e+05
[PRECOND TIMING] W-THETA coupled solve: 5 ms (3321 columns)
[PRECOND DEBUG] Output preconditioned ||M⁻¹r|| = 1.629e+10 (α₀=0, ratio=1, α_eff=0)
[PRECOND DEBUG] Ratio ||M⁻¹r|| / ||r|| = 0.9868
[PRECOND DEBUG] Input residual ||r|| = 1.144e+10 (call #2715)
[PRECOND BLOCK NORMS] U: 1.101e+10, V: 1.419e+07, MU: 3.089e+08
[PRECOND BLOCK NORMS] PHI: 1.731e+09
[PRECOND BLOCK NORMS] W: 4.046e+04, THETA: 6.134e+05
[PRECOND TIMING] W-THETA coupled solve: 6 ms (3321 columns)
[PRECOND DEBUG] Output preconditioned ||M⁻¹r|| = 1.115e+10 (α₀=0, ratio=1, α_eff=0)
[PRECOND DEBUG] Ratio ||M⁻¹r|| / ||r|| = 0.9744
[PRECOND DEBUG] Input residual ||r|| = 1.177e+10 (call #2720)
[PRECOND BLOCK NORMS] U: 1.14e+10, V: 1.163e+07, MU: 3.214e+08
[PRECOND BLOCK NORMS] PHI: 1.802e+09
[PRECOND BLOCK NORMS] W: 4.488e+04, THETA: 5.416e+05
[PRECOND TIMING] W-THETA coupled solve: 5 ms (3321 columns)
[PRECOND DEBUG] Output preconditioned ||M⁻¹r|| = 1.155e+10 (α₀=0, ratio=1, α_eff=0)
[PRECOND DEBUG] Ratio ||M⁻¹r|| / ||r|| = 0.9811
[PRECOND DEBUG] Input residual ||r|| = 2.545e+10 (call #2725)
[PRECOND BLOCK NORMS] U: 2.504e+10, V: 2.551e+07, MU: 7.054e+08
[PRECOND BLOCK NORMS] PHI: 3.954e+09
[PRECOND BLOCK NORMS] W: 8.954e+04, THETA: 1.185e+06
[PRECOND TIMING] W-THETA coupled solve: 6 ms (3321 columns)
[PRECOND DEBUG] Output preconditioned ||M⁻¹r|| = 2.536e+10 (α₀=0, ratio=1, α_eff=0)
[PRECOND DEBUG] Ratio ||M⁻¹r|| / ||r|| = 0.9967
[PRECOND DEBUG] Input residual ||r|| = 1.158e+10 (call #2730)
[PRECOND BLOCK NORMS] U: 1.111e+10, V: 1.478e+07, MU: 3.122e+08
[PRECOND BLOCK NORMS] PHI: 1.749e+09
[PRECOND BLOCK NORMS] W: 2.603e+04, THETA: 6.583e+05
[PRECOND TIMING] W-THETA coupled solve: 5 ms (3321 columns)
[PRECOND DEBUG] Output preconditioned ||M⁻¹r|| = 1.125e+10 (α₀=0, ratio=1, α_eff=0)
[PRECOND DEBUG] Ratio ||M⁻¹r|| / ||r|| = 0.9716
[PRECOND DEBUG] Input residual ||r|| = 1.661e+10 (call #2735)
[PRECOND BLOCK NORMS] U: 1.623e+10, V: 2.01e+07, MU: 4.573e+08
[PRECOND BLOCK NORMS] PHI: 2.562e+09
[PRECOND BLOCK NORMS] W: 4.207e+04, THETA: 9.222e+05
[PRECOND TIMING] W-THETA coupled solve: 6 ms (3321 columns)
[PRECOND DEBUG] Output preconditioned ||M⁻¹r|| = 1.644e+10 (α₀=0, ratio=1, α_eff=0)
[PRECOND DEBUG] Ratio ||M⁻¹r|| / ||r|| = 0.9895
[PRECOND DEBUG] Input residual ||r|| = 1e+10 (call #2740)
[PRECOND BLOCK NORMS] U: 9.462e+09, V: 9.923e+06, MU: 2.665e+08
[PRECOND BLOCK NORMS] PHI: 1.493e+09
[PRECOND BLOCK NORMS] W: 3.865e+04, THETA: 4.249e+05
[PRECOND TIMING] W-THETA coupled solve: 6 ms (3321 columns)
[PRECOND DEBUG] Output preconditioned ||M⁻¹r|| = 9.582e+09 (α₀=0, ratio=1, α_eff=0)
[PRECOND DEBUG] Ratio ||M⁻¹r|| / ||r|| = 0.958
[PRECOND DEBUG] Input residual ||r|| = 1.561e+10 (call #2745)
[PRECOND BLOCK NORMS] U: 1.526e+10, V: 1.737e+07, MU: 4.296e+08
[PRECOND BLOCK NORMS] PHI: 2.407e+09
[PRECOND BLOCK NORMS] W: 3.363e+04, THETA: 8.477e+05
[PRECOND TIMING] W-THETA coupled solve: 5 ms (3321 columns)
[PRECOND DEBUG] Output preconditioned ||M⁻¹r|| = 1.546e+10 (α₀=0, ratio=1, α_eff=0)
[PRECOND DEBUG] Ratio ||M⁻¹r|| / ||r|| = 0.9903
[PRECOND DEBUG] Input residual ||r|| = 1.828e+10 (call #2750)
[PRECOND BLOCK NORMS] U: 1.787e+10, V: 1.923e+07, MU: 5.032e+08
[PRECOND BLOCK NORMS] PHI: 2.82e+09
[PRECOND BLOCK NORMS] W: 7.196e+04, THETA: 1.011e+06
[PRECOND TIMING] W-THETA coupled solve: 6 ms (3321 columns)
[PRECOND DEBUG] Output preconditioned ||M⁻¹r|| = 1.81e+10 (α₀=0, ratio=1, α_eff=0)
[PRECOND DEBUG] Ratio ||M⁻¹r|| / ||r|| = 0.9902
[PRECOND DEBUG] Input residual ||r|| = 1.508e+10 (call #2755)
[PRECOND BLOCK NORMS] U: 1.464e+10, V: 1.569e+07, MU: 4.12e+08
[PRECOND BLOCK NORMS] PHI: 2.308e+09
[PRECOND BLOCK NORMS] W: 4.818e+04, THETA: 8.296e+05
[PRECOND TIMING] W-THETA coupled solve: 5 ms (3321 columns)
[PRECOND DEBUG] Output preconditioned ||M⁻¹r|| = 1.482e+10 (α₀=0, ratio=1, α_eff=0)
[PRECOND DEBUG] Ratio ||M⁻¹r|| / ||r|| = 0.983
[PRECOND DEBUG] Input residual ||r|| = 1.372e+10 (call #2760)
[PRECOND BLOCK NORMS] U: 1.322e+10, V: 1.158e+07, MU: 3.739e+08
[PRECOND BLOCK NORMS] PHI: 2.095e+09
[PRECOND BLOCK NORMS] W: 1.883e+04, THETA: 5.683e+05
[PRECOND TIMING] W-THETA coupled solve: 6 ms (3321 columns)
[PRECOND DEBUG] Output preconditioned ||M⁻¹r|| = 1.339e+10 (α₀=0, ratio=1, α_eff=0)
[PRECOND DEBUG] Ratio ||M⁻¹r|| / ||r|| = 0.9759
[GMRES] restart=1 j=191: hess_est=0.1620, true_err=0.1620
[GMRES BLOCK r/b] restart=1 j=191 ru=15.3491 rv=47.9674 rw=24.0497 ph=46.4910 t=7.8326 mu=2.2382
[FGMRES] NOT CONVERGED: ||x||=0.0000, ||r_true||=179.0000, ||b||=1039.3312, rel_error=0.1722, tol=0.0000, restarts=1, arnoldi=192 (block-scaled)
[GMRES BLOCK-SCALE] ru: ||r0||=466.6 → D_inv=0.002143
[GMRES BLOCK-SCALE] rv: ||r0||=463.9 → D_inv=0.002156
[GMRES BLOCK-SCALE] rw: ||r0||=464.6 → D_inv=0.002152
[GMRES BLOCK-SCALE] ph: ||r0||=464.6 → D_inv=0.002152
[GMRES BLOCK-SCALE] t: ||r0||=461 → D_inv=0.002169
[GMRES BLOCK-SCALE] mu: ||r0||=57.63 → D_inv=0.01735
[FGMRES] Z-basis memory budget: restart=192 x numel=1080491 => ~791.4 MiB per cycle
[GMRES REORTH] j=2 before=2.936e+05 after1=1.896e+05 after2=1.896e+05 ratio=0.6457
[PRECOND DEBUG] Input residual ||r|| = 2.097e+10 (call #2765)
[PRECOND BLOCK NORMS] U: 2.067e+10, V: 2.44e+07, MU: 5.803e+08
[PRECOND BLOCK NORMS] PHI: 3.248e+09
[PRECOND BLOCK NORMS] W: 3.518e+04, THETA: 1.423e+06
[PRECOND TIMING] W-THETA coupled solve: 5 ms (3321 columns)
[PRECOND DEBUG] Output preconditioned ||M⁻¹r|| = 2.093e+10 (α₀=0, ratio=1, α_eff=0)
[PRECOND DEBUG] Ratio ||M⁻¹r|| / ||r|| = 0.9983
[PRECOND DEBUG] Input residual ||r|| = 9.997e+09 (call #2770)
[PRECOND BLOCK NORMS] U: 9.344e+09, V: 1.423e+07, MU: 2.621e+08
[PRECOND BLOCK NORMS] PHI: 1.468e+09
[PRECOND BLOCK NORMS] W: 3.643e+04, THETA: 5.482e+05
[PRECOND TIMING] W-THETA coupled solve: 6 ms (3321 columns)
[PRECOND DEBUG] Output preconditioned ||M⁻¹r|| = 9.461e+09 (α₀=0, ratio=1, α_eff=0)
[PRECOND DEBUG] Ratio ||M⁻¹r|| / ||r|| = 0.9464
[PRECOND DEBUG] Input residual ||r|| = 1.424e+10 (call #2775)
[PRECOND BLOCK NORMS] U: 1.374e+10, V: 1.906e+07, MU: 3.853e+08
[PRECOND BLOCK NORMS] PHI: 2.156e+09
[PRECOND BLOCK NORMS] W: 2.24e+04, THETA: 1.061e+06
[PRECOND TIMING] W-THETA coupled solve: 5 ms (3321 columns)
[PRECOND DEBUG] Output preconditioned ||M⁻¹r|| = 1.391e+10 (α₀=0, ratio=1, α_eff=0)
[PRECOND DEBUG] Ratio ||M⁻¹r|| / ||r|| = 0.9772
[PRECOND DEBUG] Input residual ||r|| = 1.511e+10 (call #2780)
[PRECOND BLOCK NORMS] U: 1.471e+10, V: 1.805e+07, MU: 4.122e+08
[PRECOND BLOCK NORMS] PHI: 2.31e+09
[PRECOND BLOCK NORMS] W: 6.691e+04, THETA: 7.514e+05
[PRECOND TIMING] W-THETA coupled solve: 5 ms (3321 columns)
[PRECOND DEBUG] Output preconditioned ||M⁻¹r|| = 1.49e+10 (α₀=0, ratio=1, α_eff=0)
[PRECOND DEBUG] Ratio ||M⁻¹r|| / ||r|| = 0.9862
[PRECOND DEBUG] Input residual ||r|| = 1.671e+10 (call #2785)
[PRECOND BLOCK NORMS] U: 1.626e+10, V: 1.842e+07, MU: 4.559e+08
[PRECOND BLOCK NORMS] PHI: 2.556e+09
[PRECOND BLOCK NORMS] W: 7.986e+04, THETA: 7.821e+05
[PRECOND TIMING] W-THETA coupled solve: 6 ms (3321 columns)
[PRECOND DEBUG] Output preconditioned ||M⁻¹r|| = 1.646e+10 (α₀=0, ratio=1, α_eff=0)
[PRECOND DEBUG] Ratio ||M⁻¹r|| / ||r|| = 0.985
[PRECOND DEBUG] Input residual ||r|| = 1.841e+10 (call #2790)
[PRECOND BLOCK NORMS] U: 1.797e+10, V: 2.101e+07, MU: 5.047e+08
[PRECOND BLOCK NORMS] PHI: 2.828e+09
[PRECOND BLOCK NORMS] W: 7.167e+04, THETA: 1.078e+06
[PRECOND TIMING] W-THETA coupled solve: 5 ms (3321 columns)
[PRECOND DEBUG] Output preconditioned ||M⁻¹r|| = 1.82e+10 (α₀=0, ratio=1, α_eff=0)
[PRECOND DEBUG] Ratio ||M⁻¹r|| / ||r|| = 0.9889
[PRECOND DEBUG] Input residual ||r|| = 1.366e+10 (call #2795)
[PRECOND BLOCK NORMS] U: 1.323e+10, V: 1.357e+07, MU: 3.72e+08
[PRECOND BLOCK NORMS] PHI: 2.084e+09
[PRECOND BLOCK NORMS] W: 4.68e+04, THETA: 7.847e+05
[PRECOND TIMING] W-THETA coupled solve: 6 ms (3321 columns)
[PRECOND DEBUG] Output preconditioned ||M⁻¹r|| = 1.34e+10 (α₀=0, ratio=1, α_eff=0)
[PRECOND DEBUG] Ratio ||M⁻¹r|| / ||r|| = 0.9808
[PRECOND DEBUG] Input residual ||r|| = 2.232e+10 (call #2800)
[PRECOND BLOCK NORMS] U: 2.188e+10, V: 2.459e+07, MU: 6.141e+08
[PRECOND BLOCK NORMS] PHI: 3.44e+09
[PRECOND BLOCK NORMS] W: 8.64e+04, THETA: 1.155e+06
[PRECOND TIMING] W-THETA coupled solve: 5 ms (3321 columns)
[PRECOND DEBUG] Output preconditioned ||M⁻¹r|| = 2.215e+10 (α₀=0, ratio=1, α_eff=0)
[PRECOND DEBUG] Ratio ||M⁻¹r|| / ||r|| = 0.9922
[PRECOND DEBUG] Input residual ||r|| = 1.329e+10 (call #2805)
[PRECOND BLOCK NORMS] U: 1.28e+10, V: 1.306e+07, MU: 3.591e+08
[PRECOND BLOCK NORMS] PHI: 2.013e+09
[PRECOND BLOCK NORMS] W: 6.77e+04, THETA: 4.856e+05
[PRECOND TIMING] W-THETA coupled solve: 5 ms (3321 columns)
[PRECOND DEBUG] Output preconditioned ||M⁻¹r|| = 1.296e+10 (α₀=0, ratio=1, α_eff=0)
[PRECOND DEBUG] Ratio ||M⁻¹r|| / ||r|| = 0.9752
[PRECOND DEBUG] Input residual ||r|| = 1.217e+10 (call #2810)
[PRECOND BLOCK NORMS] U: 1.176e+10, V: 1.331e+07, MU: 3.303e+08
[PRECOND BLOCK NORMS] PHI: 1.851e+09
[PRECOND BLOCK NORMS] W: 4.683e+04, THETA: 5.821e+05
[PRECOND TIMING] W-THETA coupled solve: 5 ms (3321 columns)
[PRECOND DEBUG] Output preconditioned ||M⁻¹r|| = 1.191e+10 (α₀=0, ratio=1, α_eff=0)
[PRECOND DEBUG] Ratio ||M⁻¹r|| / ||r|| = 0.9779
[PRECOND DEBUG] Input residual ||r|| = 2.138e+10 (call #2815)
[PRECOND BLOCK NORMS] U: 2.099e+10, V: 2.067e+07, MU: 5.912e+08
[PRECOND BLOCK NORMS] PHI: 3.314e+09
[PRECOND BLOCK NORMS] W: 8.647e+04, THETA: 8.962e+05
[PRECOND TIMING] W-THETA coupled solve: 5 ms (3321 columns)
[PRECOND DEBUG] Output preconditioned ||M⁻¹r|| = 2.126e+10 (α₀=0, ratio=1, α_eff=0)
[PRECOND DEBUG] Ratio ||M⁻¹r|| / ||r|| = 0.9944
[PRECOND DEBUG] Input residual ||r|| = 8.446e+09 (call #2820)
[PRECOND BLOCK NORMS] U: 7.852e+09, V: 9.421e+06, MU: 2.203e+08
[PRECOND BLOCK NORMS] PHI: 1.235e+09
[PRECOND BLOCK NORMS] W: 3.477e+04, THETA: 3.109e+05
[PRECOND TIMING] W-THETA coupled solve: 5 ms (3321 columns)
[PRECOND DEBUG] Output preconditioned ||M⁻¹r|| = 7.951e+09 (α₀=0, ratio=1, α_eff=0)
[PRECOND DEBUG] Ratio ||M⁻¹r|| / ||r|| = 0.9415
[PRECOND DEBUG] Input residual ||r|| = 1.983e+10 (call #2825)
[PRECOND BLOCK NORMS] U: 1.942e+10, V: 2.515e+07, MU: 5.46e+08
[PRECOND BLOCK NORMS] PHI: 3.057e+09
[PRECOND BLOCK NORMS] W: 3.035e+04, THETA: 1.185e+06
[PRECOND TIMING] W-THETA coupled solve: 5 ms (3321 columns)
[PRECOND DEBUG] Output preconditioned ||M⁻¹r|| = 1.967e+10 (α₀=0, ratio=1, α_eff=0)
[PRECOND DEBUG] Ratio ||M⁻¹r|| / ||r|| = 0.9918
[PRECOND DEBUG] Input residual ||r|| = 1.26e+10 (call #2830)
[PRECOND BLOCK NORMS] U: 1.213e+10, V: 1.42e+07, MU: 3.404e+08
[PRECOND BLOCK NORMS] PHI: 1.907e+09
[PRECOND BLOCK NORMS] W: 4.644e+04, THETA: 6.794e+05
[PRECOND TIMING] W-THETA coupled solve: 5 ms (3321 columns)
[PRECOND DEBUG] Output preconditioned ||M⁻¹r|| = 1.228e+10 (α₀=0, ratio=1, α_eff=0)
[PRECOND DEBUG] Ratio ||M⁻¹r|| / ||r|| = 0.9749
[PRECOND DEBUG] Input residual ||r|| = 2.302e+10 (call #2835)
[PRECOND BLOCK NORMS] U: 2.26e+10, V: 2.421e+07, MU: 6.348e+08
[PRECOND BLOCK NORMS] PHI: 3.558e+09
[PRECOND BLOCK NORMS] W: 9.192e+04, THETA: 1.139e+06
[PRECOND TIMING] W-THETA coupled solve: 6 ms (3321 columns)
[PRECOND DEBUG] Output preconditioned ||M⁻¹r|| = 2.288e+10 (α₀=0, ratio=1, α_eff=0)
[PRECOND DEBUG] Ratio ||M⁻¹r|| / ||r|| = 0.9942
[PRECOND DEBUG] Input residual ||r|| = 1.492e+10 (call #2840)
[PRECOND BLOCK NORMS] U: 1.446e+10, V: 1.416e+07, MU: 4.078e+08
[PRECOND BLOCK NORMS] PHI: 2.286e+09
[PRECOND BLOCK NORMS] W: 5.334e+04, THETA: 5.867e+05
[PRECOND TIMING] W-THETA coupled solve: 6 ms (3321 columns)
[PRECOND DEBUG] Output preconditioned ||M⁻¹r|| = 1.464e+10 (α₀=0, ratio=1, α_eff=0)
[PRECOND DEBUG] Ratio ||M⁻¹r|| / ||r|| = 0.9816
[PRECOND DEBUG] Input residual ||r|| = 2.126e+10 (call #2845)
[PRECOND BLOCK NORMS] U: 2.082e+10, V: 2.182e+07, MU: 5.859e+08
[PRECOND BLOCK NORMS] PHI: 3.283e+09
[PRECOND BLOCK NORMS] W: 7.349e+04, THETA: 9.352e+05
[PRECOND TIMING] W-THETA coupled solve: 5 ms (3321 columns)
[PRECOND DEBUG] Output preconditioned ||M⁻¹r|| = 2.108e+10 (α₀=0, ratio=1, α_eff=0)
[PRECOND DEBUG] Ratio ||M⁻¹r|| / ||r|| = 0.9917
[PRECOND DEBUG] Input residual ||r|| = 1.561e+10 (call #2850)
[PRECOND BLOCK NORMS] U: 1.522e+10, V: 1.642e+07, MU: 4.292e+08
[PRECOND BLOCK NORMS] PHI: 2.405e+09
[PRECOND BLOCK NORMS] W: 1.865e+04, THETA: 7.255e+05
[PRECOND TIMING] W-THETA coupled solve: 5 ms (3321 columns)
[PRECOND DEBUG] Output preconditioned ||M⁻¹r|| = 1.541e+10 (α₀=0, ratio=1, α_eff=0)
[PRECOND DEBUG] Ratio ||M⁻¹r|| / ||r|| = 0.9873
[PRECOND DEBUG] Input residual ||r|| = 1.137e+10 (call #2855)
[PRECOND BLOCK NORMS] U: 1.095e+10, V: 1.375e+07, MU: 3.069e+08
[PRECOND BLOCK NORMS] PHI: 1.719e+09
[PRECOND BLOCK NORMS] W: 3.514e+04, THETA: 6.911e+05
[PRECOND TIMING] W-THETA coupled solve: 6 ms (3321 columns)
[PRECOND DEBUG] Output preconditioned ||M⁻¹r|| = 1.108e+10 (α₀=0, ratio=1, α_eff=0)
[PRECOND DEBUG] Ratio ||M⁻¹r|| / ||r|| = 0.9745
[PRECOND DEBUG] Input residual ||r|| = 1.292e+10 (call #2860)
[PRECOND BLOCK NORMS] U: 1.248e+10, V: 1.543e+07, MU: 3.5e+08
[PRECOND BLOCK NORMS] PHI: 1.96e+09
[PRECOND BLOCK NORMS] W: 3.665e+04, THETA: 7.752e+05
[PRECOND TIMING] W-THETA coupled solve: 6 ms (3321 columns)
[PRECOND DEBUG] Output preconditioned ||M⁻¹r|| = 1.263e+10 (α₀=0, ratio=1, α_eff=0)
[PRECOND DEBUG] Ratio ||M⁻¹r|| / ||r|| = 0.9781
[PRECOND DEBUG] Input residual ||r|| = 1.796e+10 (call #2865)
[PRECOND BLOCK NORMS] U: 1.757e+10, V: 1.86e+07, MU: 4.956e+08
[PRECOND BLOCK NORMS] PHI: 2.777e+09
[PRECOND BLOCK NORMS] W: 3.5e+04, THETA: 8.257e+05
[PRECOND TIMING] W-THETA coupled solve: 5 ms (3321 columns)
[PRECOND DEBUG] Output preconditioned ||M⁻¹r|| = 1.779e+10 (α₀=0, ratio=1, α_eff=0)
[PRECOND DEBUG] Ratio ||M⁻¹r|| / ||r|| = 0.9908
[PRECOND DEBUG] Input residual ||r|| = 1.848e+10 (call #2870)
[PRECOND BLOCK NORMS] U: 1.808e+10, V: 1.842e+07, MU: 5.094e+08
[PRECOND BLOCK NORMS] PHI: 2.855e+09
[PRECOND BLOCK NORMS] W: 6.199e+04, THETA: 7.977e+05
[PRECOND TIMING] W-THETA coupled solve: 5 ms (3321 columns)
[PRECOND DEBUG] Output preconditioned ||M⁻¹r|| = 1.831e+10 (α₀=0, ratio=1, α_eff=0)
[PRECOND DEBUG] Ratio ||M⁻¹r|| / ||r|| = 0.9908
[PRECOND DEBUG] Input residual ||r|| = 1.225e+10 (call #2875)
[PRECOND BLOCK NORMS] U: 1.184e+10, V: 1.366e+07, MU: 3.341e+08
[PRECOND BLOCK NORMS] PHI: 1.872e+09
[PRECOND BLOCK NORMS] W: 2.003e+04, THETA: 5.759e+05
[PRECOND TIMING] W-THETA coupled solve: 5 ms (3321 columns)
[PRECOND DEBUG] Output preconditioned ||M⁻¹r|| = 1.199e+10 (α₀=0, ratio=1, α_eff=0)
[PRECOND DEBUG] Ratio ||M⁻¹r|| / ||r|| = 0.9783
[PRECOND DEBUG] Input residual ||r|| = 1.564e+10 (call #2880)
[PRECOND BLOCK NORMS] U: 1.523e+10, V: 1.631e+07, MU: 4.293e+08
[PRECOND BLOCK NORMS] PHI: 2.405e+09
[PRECOND BLOCK NORMS] W: 3.514e+04, THETA: 7.328e+05
[PRECOND TIMING] W-THETA coupled solve: 5 ms (3321 columns)
[PRECOND DEBUG] Output preconditioned ||M⁻¹r|| = 1.543e+10 (α₀=0, ratio=1, α_eff=0)
[PRECOND DEBUG] Ratio ||M⁻¹r|| / ||r|| = 0.9862
[PRECOND DEBUG] Input residual ||r|| = 1.578e+10 (call #2885)
[PRECOND BLOCK NORMS] U: 1.529e+10, V: 1.589e+07, MU: 4.294e+08
[PRECOND BLOCK NORMS] PHI: 2.408e+09
[PRECOND BLOCK NORMS] W: 7.695e+04, THETA: 5.362e+05
[PRECOND TIMING] W-THETA coupled solve: 21 ms (3321 columns)
[PRECOND DEBUG] Output preconditioned ||M⁻¹r|| = 1.548e+10 (α₀=0, ratio=1, α_eff=0)
[PRECOND DEBUG] Ratio ||M⁻¹r|| / ||r|| = 0.9813
[PRECOND DEBUG] Input residual ||r|| = 1.227e+10 (call #2890)
[PRECOND BLOCK NORMS] U: 1.181e+10, V: 1.307e+07, MU: 3.329e+08
[PRECOND BLOCK NORMS] PHI: 1.865e+09
[PRECOND BLOCK NORMS] W: 1.934e+04, THETA: 5.526e+05
[PRECOND TIMING] W-THETA coupled solve: 5 ms (3321 columns)
[PRECOND DEBUG] Output preconditioned ||M⁻¹r|| = 1.196e+10 (α₀=0, ratio=1, α_eff=0)
[PRECOND DEBUG] Ratio ||M⁻¹r|| / ||r|| = 0.9744
[PRECOND DEBUG] Input residual ||r|| = 1.221e+10 (call #2895)
[PRECOND BLOCK NORMS] U: 1.176e+10, V: 1.129e+07, MU: 3.312e+08
[PRECOND BLOCK NORMS] PHI: 1.857e+09
[PRECOND BLOCK NORMS] W: 5.673e+04, THETA: 4.496e+05
[PRECOND TIMING] W-THETA coupled solve: 5 ms (3321 columns)
[PRECOND DEBUG] Output preconditioned ||M⁻¹r|| = 1.191e+10 (α₀=0, ratio=1, α_eff=0)
[PRECOND DEBUG] Ratio ||M⁻¹r|| / ||r|| = 0.9755
[PRECOND DEBUG] Input residual ||r|| = 1.037e+10 (call #2900)
[PRECOND BLOCK NORMS] U: 9.906e+09, V: 1.199e+07, MU: 2.791e+08
[PRECOND BLOCK NORMS] PHI: 1.564e+09
[PRECOND BLOCK NORMS] W: 1.612e+04, THETA: 5.56e+05
[PRECOND TIMING] W-THETA coupled solve: 5 ms (3321 columns)
[PRECOND DEBUG] Output preconditioned ||M⁻¹r|| = 1.003e+10 (α₀=0, ratio=1, α_eff=0)
[PRECOND DEBUG] Ratio ||M⁻¹r|| / ||r|| = 0.9674
[PRECOND DEBUG] Input residual ||r|| = 1.117e+10 (call #2905)
[PRECOND BLOCK NORMS] U: 1.065e+10, V: 1.25e+07, MU: 2.999e+08
[PRECOND BLOCK NORMS] PHI: 1.68e+09
[PRECOND BLOCK NORMS] W: 3.601e+04, THETA: 5.21e+05
[PRECOND TIMING] W-THETA coupled solve: 5 ms (3321 columns)
[PRECOND DEBUG] Output preconditioned ||M⁻¹r|| = 1.079e+10 (α₀=0, ratio=1, α_eff=0)
[PRECOND DEBUG] Ratio ||M⁻¹r|| / ||r|| = 0.9658
[PRECOND DEBUG] Input residual ||r|| = 1.371e+10 (call #2910)
[PRECOND BLOCK NORMS] U: 1.314e+10, V: 1.331e+07, MU: 3.697e+08
[PRECOND BLOCK NORMS] PHI: 2.072e+09
[PRECOND BLOCK NORMS] W: 5.975e+04, THETA: 4.638e+05
[PRECOND TIMING] W-THETA coupled solve: 5 ms (3321 columns)
[PRECOND DEBUG] Output preconditioned ||M⁻¹r|| = 1.33e+10 (α₀=0, ratio=1, α_eff=0)
[PRECOND DEBUG] Ratio ||M⁻¹r|| / ||r|| = 0.9703
[PRECOND DEBUG] Input residual ||r|| = 2.182e+10 (call #2915)
[PRECOND BLOCK NORMS] U: 2.14e+10, V: 2.231e+07, MU: 6.034e+08
[PRECOND BLOCK NORMS] PHI: 3.38e+09
[PRECOND BLOCK NORMS] W: 3.316e+04, THETA: 1.172e+06
[PRECOND TIMING] W-THETA coupled solve: 6 ms (3321 columns)
[PRECOND DEBUG] Output preconditioned ||M⁻¹r|| = 2.167e+10 (α₀=0, ratio=1, α_eff=0)
[PRECOND DEBUG] Ratio ||M⁻¹r|| / ||r|| = 0.9934
[PRECOND DEBUG] Input residual ||r|| = 1.897e+10 (call #2920)
[PRECOND BLOCK NORMS] U: 1.855e+10, V: 2.131e+07, MU: 5.228e+08
[PRECOND BLOCK NORMS] PHI: 2.929e+09
[PRECOND BLOCK NORMS] W: 4.28e+04, THETA: 9.821e+05
[PRECOND TIMING] W-THETA coupled solve: 6 ms (3321 columns)
[PRECOND DEBUG] Output preconditioned ||M⁻¹r|| = 1.878e+10 (α₀=0, ratio=1, α_eff=0)
[PRECOND DEBUG] Ratio ||M⁻¹r|| / ||r|| = 0.9902
[PRECOND DEBUG] Input residual ||r|| = 1.377e+10 (call #2925)
[PRECOND BLOCK NORMS] U: 1.329e+10, V: 1.676e+07, MU: 3.736e+08
[PRECOND BLOCK NORMS] PHI: 2.093e+09
[PRECOND BLOCK NORMS] W: 3.914e+04, THETA: 7.344e+05
[PRECOND TIMING] W-THETA coupled solve: 5 ms (3321 columns)
[PRECOND DEBUG] Output preconditioned ||M⁻¹r|| = 1.346e+10 (α₀=0, ratio=1, α_eff=0)
[PRECOND DEBUG] Ratio ||M⁻¹r|| / ||r|| = 0.9774
[PRECOND DEBUG] Input residual ||r|| = 1.583e+10 (call #2930)
[PRECOND BLOCK NORMS] U: 1.545e+10, V: 1.8e+07, MU: 4.353e+08
[PRECOND BLOCK NORMS] PHI: 2.439e+09
[PRECOND BLOCK NORMS] W: 2.367e+04, THETA: 8.658e+05
[PRECOND TIMING] W-THETA coupled solve: 5 ms (3321 columns)
[PRECOND DEBUG] Output preconditioned ||M⁻¹r|| = 1.564e+10 (α₀=0, ratio=1, α_eff=0)
[PRECOND DEBUG] Ratio ||M⁻¹r|| / ||r|| = 0.9882
[PRECOND DEBUG] Input residual ||r|| = 2.533e+10 (call #2935)
[PRECOND BLOCK NORMS] U: 2.485e+10, V: 2.373e+07, MU: 7.009e+08
[PRECOND BLOCK NORMS] PHI: 3.929e+09
[PRECOND BLOCK NORMS] W: 9.814e+04, THETA: 1.079e+06
[PRECOND TIMING] W-THETA coupled solve: 6 ms (3321 columns)
[PRECOND DEBUG] Output preconditioned ||M⁻¹r|| = 2.517e+10 (α₀=0, ratio=1, α_eff=0)
[PRECOND DEBUG] Ratio ||M⁻¹r|| / ||r|| = 0.9934
[PRECOND DEBUG] Input residual ||r|| = 1.812e+10 (call #2940)
[PRECOND BLOCK NORMS] U: 1.773e+10, V: 2.094e+07, MU: 4.984e+08
[PRECOND BLOCK NORMS] PHI: 2.791e+09
[PRECOND BLOCK NORMS] W: 4.25e+04, THETA: 1.114e+06
[PRECOND TIMING] W-THETA coupled solve: 5 ms (3321 columns)
[PRECOND DEBUG] Output preconditioned ||M⁻¹r|| = 1.795e+10 (α₀=0, ratio=1, α_eff=0)
[PRECOND DEBUG] Ratio ||M⁻¹r|| / ||r|| = 0.9906
[PRECOND DEBUG] Input residual ||r|| = 1.56e+10 (call #2945)
[PRECOND BLOCK NORMS] U: 1.517e+10, V: 1.25e+07, MU: 4.29e+08
[PRECOND BLOCK NORMS] PHI: 2.405e+09
[PRECOND BLOCK NORMS] W: 4.043e+04, THETA: 6.05e+05
[PRECOND TIMING] W-THETA coupled solve: 5 ms (3321 columns)
[PRECOND DEBUG] Output preconditioned ||M⁻¹r|| = 1.536e+10 (α₀=0, ratio=1, α_eff=0)
[PRECOND DEBUG] Ratio ||M⁻¹r|| / ||r|| = 0.9848
[PRECOND DEBUG] Input residual ||r|| = 1.464e+10 (call #2950)
[PRECOND BLOCK NORMS] U: 1.423e+10, V: 1.503e+07, MU: 4.009e+08
[PRECOND BLOCK NORMS] PHI: 2.246e+09
[PRECOND BLOCK NORMS] W: 5.122e+04, THETA: 8.131e+05
[PRECOND TIMING] W-THETA coupled solve: 5 ms (3321 columns)
[PRECOND DEBUG] Output preconditioned ||M⁻¹r|| = 1.441e+10 (α₀=0, ratio=1, α_eff=0)
[PRECOND DEBUG] Ratio ||M⁻¹r|| / ||r|| = 0.9847
[GMRES] restart=1 j=191: hess_est=0.1620, true_err=0.1620
[GMRES BLOCK r/b] restart=1 j=191 ru=15.3491 rv=47.9674 rw=24.0497 ph=46.4910 t=7.8326 mu=2.2382
[FGMRES] NOT CONVERGED: ||x||=0.0000, ||r_true||=179.0000, ||b||=1039.3312, rel_error=0.1722, tol=0.0000, restarts=1, arnoldi=192 (block-scaled)
[GMRES BLOCK-SCALE] ru: ||r0||=466.6 → D_inv=0.002143
[GMRES BLOCK-SCALE] rv: ||r0||=463.9 → D_inv=0.002156
[GMRES BLOCK-SCALE] rw: ||r0||=464.6 → D_inv=0.002152
[GMRES BLOCK-SCALE] ph: ||r0||=464.6 → D_inv=0.002152
[GMRES BLOCK-SCALE] t: ||r0||=461 → D_inv=0.002169
[GMRES BLOCK-SCALE] mu: ||r0||=57.63 → D_inv=0.01735
[FGMRES] Z-basis memory budget: restart=192 x numel=1080491 => ~791.4 MiB per cycle
[GMRES] restart=1 j=191: hess_est=0.0815, true_err=0.0815
[GMRES BLOCK r/b] restart=1 j=191 ru=7.3237 rv=12.4048 rw=11.9880 ph=31.3498 t=6.8195 mu=0.9023
[FGMRES] NOT CONVERGED: ||x||=0.0000, ||r_true||=91.0201, ||b||=1039.3312, rel_error=0.0876, tol=0.0000, restarts=1, arnoldi=192 (block-scaled)
[GMRES BLOCK-SCALE] ru: ||r0||=466.6 → D_inv=0.002143
[GMRES BLOCK-SCALE] rv: ||r0||=463.9 → D_inv=0.002156
[GMRES BLOCK-SCALE] rw: ||r0||=464.6 → D_inv=0.002152
[GMRES BLOCK-SCALE] ph: ||r0||=464.6 → D_inv=0.002152
[GMRES BLOCK-SCALE] t: ||r0||=461 → D_inv=0.002169
[GMRES BLOCK-SCALE] mu: ||r0||=57.63 → D_inv=0.01735
[FGMRES] Z-basis memory budget: restart=192 x numel=1080491 => ~791.4 MiB per cycle
[PRECOND DEBUG] Input residual ||r|| = 8.486e+10 (call #2955)
[PRECOND BLOCK NORMS] U: 8.383e+10, V: 6.65e+07, MU: 2.363e+09
[PRECOND BLOCK NORMS] PHI: 1.323e+10
[PRECOND BLOCK NORMS] W: 1.283e+05, THETA: 5.314e+06
[PRECOND TIMING] W-THETA coupled solve: 6 ms (3321 columns)
[PRECOND DEBUG] Output preconditioned ||M⁻¹r|| = 8.49e+10 (α₀=0, ratio=1, α_eff=0)
[PRECOND DEBUG] Ratio ||M⁻¹r|| / ||r|| = 1
[GMRES REORTH] j=1 before=2.28e+06 after1=4680 after2=4672 ratio=0.002053
[GMRES REORTH] j=2 before=2.859e+05 after1=1.377e+04 after2=1.377e+04 ratio=0.04816
[PRECOND DEBUG] Input residual ||r|| = 1.714e+10 (call #2960)
[PRECOND BLOCK NORMS] U: 1.692e+10, V: 1.835e+07, MU: 4.765e+08
[PRECOND BLOCK NORMS] PHI: 2.668e+09
[PRECOND BLOCK NORMS] W: 2.825e+04, THETA: 1.085e+06
[PRECOND TIMING] W-THETA coupled solve: 5 ms (3321 columns)
[PRECOND DEBUG] Output preconditioned ||M⁻¹r|| = 1.714e+10 (α₀=0, ratio=1, α_eff=0)
[PRECOND DEBUG] Ratio ||M⁻¹r|| / ||r|| = 0.9999
[PRECOND DEBUG] Input residual ||r|| = 8.957e+09 (call #2965)
[PRECOND BLOCK NORMS] U: 8.818e+09, V: 1.176e+07, MU: 2.489e+08
[PRECOND BLOCK NORMS] PHI: 1.394e+09
[PRECOND BLOCK NORMS] W: 4.594e+04, THETA: 5.437e+05
[PRECOND TIMING] W-THETA coupled solve: 6 ms (3321 columns)
[PRECOND DEBUG] Output preconditioned ||M⁻¹r|| = 8.93e+09 (α₀=0, ratio=1, α_eff=0)
[PRECOND DEBUG] Ratio ||M⁻¹r|| / ||r|| = 0.997
[PRECOND DEBUG] Input residual ||r|| = 4.083e+09 (call #2970)
[PRECOND BLOCK NORMS] U: 3.963e+09, V: 2.132e+07, MU: 1.115e+08
[PRECOND BLOCK NORMS] PHI: 6.249e+08
[PRECOND BLOCK NORMS] W: 4.818e+04, THETA: 2.224e+05
[PRECOND TIMING] W-THETA coupled solve: 6 ms (3321 columns)
[PRECOND DEBUG] Output preconditioned ||M⁻¹r|| = 4.013e+09 (α₀=0, ratio=1, α_eff=0)
[PRECOND DEBUG] Ratio ||M⁻¹r|| / ||r|| = 0.9828
[PRECOND DEBUG] Input residual ||r|| = 2.295e+09 (call #2975)
[PRECOND BLOCK NORMS] U: 2.189e+09, V: 1.533e+07, MU: 6.121e+07
[PRECOND BLOCK NORMS] PHI: 3.428e+08
[PRECOND BLOCK NORMS] W: 7.664e+04, THETA: 1.292e+05
[PRECOND TIMING] W-THETA coupled solve: 6 ms (3321 columns)
[PRECOND DEBUG] Output preconditioned ||M⁻¹r|| = 2.216e+09 (α₀=0, ratio=1, α_eff=0)
[PRECOND DEBUG] Ratio ||M⁻¹r|| / ||r|| = 0.9658
[PRECOND DEBUG] Input residual ||r|| = 9.312e+09 (call #2980)
[PRECOND BLOCK NORMS] U: 9.183e+09, V: 1.764e+07, MU: 2.586e+08
[PRECOND BLOCK NORMS] PHI: 1.448e+09
[PRECOND BLOCK NORMS] W: 7.097e+04, THETA: 5.627e+05
[PRECOND TIMING] W-THETA coupled solve: 6 ms (3321 columns)
[PRECOND DEBUG] Output preconditioned ||M⁻¹r|| = 9.299e+09 (α₀=0, ratio=1, α_eff=0)
[PRECOND DEBUG] Ratio ||M⁻¹r|| / ||r|| = 0.9986
[PRECOND DEBUG] Input residual ||r|| = 7.8e+09 (call #2985)
[PRECOND BLOCK NORMS] U: 7.684e+09, V: 1.882e+07, MU: 2.187e+08
[PRECOND BLOCK NORMS] PHI: 1.224e+09
[PRECOND BLOCK NORMS] W: 8.867e+04, THETA: 4.745e+05
[PRECOND TIMING] W-THETA coupled solve: 5 ms (3321 columns)
[PRECOND DEBUG] Output preconditioned ||M⁻¹r|| = 7.784e+09 (α₀=0, ratio=1, α_eff=0)
[PRECOND DEBUG] Ratio ||M⁻¹r|| / ||r|| = 0.998
[PRECOND DEBUG] Input residual ||r|| = 1.425e+10 (call #2990)
[PRECOND BLOCK NORMS] U: 1.406e+10, V: 1.895e+07, MU: 3.967e+08
[PRECOND BLOCK NORMS] PHI: 2.221e+09
[PRECOND BLOCK NORMS] W: 9.509e+04, THETA: 8.72e+05
[PRECOND TIMING] W-THETA coupled solve: 6 ms (3321 columns)
[PRECOND DEBUG] Output preconditioned ||M⁻¹r|| = 1.424e+10 (α₀=0, ratio=1, α_eff=0)
[PRECOND DEBUG] Ratio ||M⁻¹r|| / ||r|| = 0.999
[PRECOND DEBUG] Input residual ||r|| = 8.163e+09 (call #2995)
[PRECOND BLOCK NORMS] U: 8.042e+09, V: 2.169e+07, MU: 2.219e+08
[PRECOND BLOCK NORMS] PHI: 1.243e+09
[PRECOND BLOCK NORMS] W: 1.147e+05, THETA: 4.975e+05
[PRECOND TIMING] W-THETA coupled solve: 6 ms (3321 columns)
[PRECOND DEBUG] Output preconditioned ||M⁻¹r|| = 8.14e+09 (α₀=0, ratio=1, α_eff=0)
[PRECOND DEBUG] Ratio ||M⁻¹r|| / ||r|| = 0.9971
[PRECOND DEBUG] Input residual ||r|| = 9.037e+09 (call #3000)
[PRECOND BLOCK NORMS] U: 8.885e+09, V: 2.023e+07, MU: 2.522e+08
[PRECOND BLOCK NORMS] PHI: 1.412e+09
[PRECOND BLOCK NORMS] W: 1.101e+05, THETA: 6.331e+05
[PRECOND TIMING] W-THETA coupled solve: 5 ms (3321 columns)
[PRECOND DEBUG] Output preconditioned ||M⁻¹r|| = 8.999e+09 (α₀=0, ratio=1, α_eff=0)
[PRECOND DEBUG] Ratio ||M⁻¹r|| / ||r|| = 0.9958
[PRECOND DEBUG] Input residual ||r|| = 5.348e+09 (call #3005)
[PRECOND BLOCK NORMS] U: 5.224e+09, V: 1.987e+07, MU: 1.534e+08
[PRECOND BLOCK NORMS] PHI: 8.595e+08
[PRECOND BLOCK NORMS] W: 1.462e+05, THETA: 4.502e+05
[PRECOND TIMING] W-THETA coupled solve: 6 ms (3321 columns)
[PRECOND DEBUG] Output preconditioned ||M⁻¹r|| = 5.296e+09 (α₀=0, ratio=1, α_eff=0)
[PRECOND DEBUG] Ratio ||M⁻¹r|| / ||r|| = 0.9902
[PRECOND DEBUG] Input residual ||r|| = 5.074e+09 (call #3010)
[PRECOND BLOCK NORMS] U: 4.952e+09, V: 2.023e+07, MU: 1.335e+08
[PRECOND BLOCK NORMS] PHI: 7.481e+08
[PRECOND BLOCK NORMS] W: 8.589e+04, THETA: 3.293e+05
[PRECOND TIMING] W-THETA coupled solve: 6 ms (3321 columns)
[PRECOND DEBUG] Output preconditioned ||M⁻¹r|| = 5.01e+09 (α₀=0, ratio=1, α_eff=0)
[PRECOND DEBUG] Ratio ||M⁻¹r|| / ||r|| = 0.9875
[PRECOND DEBUG] Input residual ||r|| = 5.632e+09 (call #3015)
[PRECOND BLOCK NORMS] U: 5.512e+09, V: 2.338e+07, MU: 1.344e+08
[PRECOND BLOCK NORMS] PHI: 7.531e+08
[PRECOND BLOCK NORMS] W: 8.749e+04, THETA: 1.728e+06
[PRECOND TIMING] W-THETA coupled solve: 5 ms (3321 columns)
[PRECOND DEBUG] Output preconditioned ||M⁻¹r|| = 5.565e+09 (α₀=0, ratio=1, α_eff=0)
[PRECOND DEBUG] Ratio ||M⁻¹r|| / ||r|| = 0.988
[PRECOND DEBUG] Input residual ||r|| = 1.298e+10 (call #3020)
[PRECOND BLOCK NORMS] U: 1.281e+10, V: 2.139e+07, MU: 3.566e+08
[PRECOND BLOCK NORMS] PHI: 1.997e+09
[PRECOND BLOCK NORMS] W: 1.733e+05, THETA: 2.121e+06
[PRECOND TIMING] W-THETA coupled solve: 6 ms (3321 columns)
[PRECOND DEBUG] Output preconditioned ||M⁻¹r|| = 1.297e+10 (α₀=0, ratio=1, α_eff=0)
[PRECOND DEBUG] Ratio ||M⁻¹r|| / ||r|| = 0.9989
[PRECOND DEBUG] Input residual ||r|| = 5.073e+09 (call #3025)
[PRECOND BLOCK NORMS] U: 4.982e+09, V: 1.9e+07, MU: 1.324e+08
[PRECOND BLOCK NORMS] PHI: 7.414e+08
[PRECOND BLOCK NORMS] W: 1.747e+05, THETA: 6.56e+05
[PRECOND TIMING] W-THETA coupled solve: 5 ms (3321 columns)
[PRECOND DEBUG] Output preconditioned ||M⁻¹r|| = 5.038e+09 (α₀=0, ratio=1, α_eff=0)
[PRECOND DEBUG] Ratio ||M⁻¹r|| / ||r|| = 0.9932
[PRECOND DEBUG] Input residual ||r|| = 6.961e+09 (call #3030)
[PRECOND BLOCK NORMS] U: 6.855e+09, V: 2.097e+07, MU: 1.882e+08
[PRECOND BLOCK NORMS] PHI: 1.054e+09
[PRECOND BLOCK NORMS] W: 1.769e+05, THETA: 2.093e+06
[PRECOND TIMING] W-THETA coupled solve: 5 ms (3321 columns)
[PRECOND DEBUG] Output preconditioned ||M⁻¹r|| = 6.937e+09 (α₀=0, ratio=1, α_eff=0)
[PRECOND DEBUG] Ratio ||M⁻¹r|| / ||r|| = 0.9967
[PRECOND DEBUG] Input residual ||r|| = 1.084e+10 (call #3035)
[PRECOND BLOCK NORMS] U: 1.069e+10, V: 2.23e+07, MU: 2.521e+08
[PRECOND BLOCK NORMS] PHI: 1.412e+09
[PRECOND BLOCK NORMS] W: 2.578e+05, THETA: 2.111e+06
[PRECOND TIMING] W-THETA coupled solve: 5 ms (3321 columns)
[PRECOND DEBUG] Output preconditioned ||M⁻¹r|| = 1.079e+10 (α₀=0, ratio=1, α_eff=0)
[PRECOND DEBUG] Ratio ||M⁻¹r|| / ||r|| = 0.9953
[PRECOND DEBUG] Input residual ||r|| = 9.301e+09 (call #3040)
[PRECOND BLOCK NORMS] U: 9.165e+09, V: 1.97e+07, MU: 2.32e+08
[PRECOND BLOCK NORMS] PHI: 1.299e+09
[PRECOND BLOCK NORMS] W: 2.114e+05, THETA: 1.999e+06
[PRECOND TIMING] W-THETA coupled solve: 5 ms (3321 columns)
[PRECOND DEBUG] Output preconditioned ||M⁻¹r|| = 9.259e+09 (α₀=0, ratio=1, α_eff=0)
[PRECOND DEBUG] Ratio ||M⁻¹r|| / ||r|| = 0.9954
[PRECOND DEBUG] Input residual ||r|| = 1.635e+10 (call #3045)
[PRECOND BLOCK NORMS] U: 1.614e+10, V: 2.445e+07, MU: 4.425e+08
[PRECOND BLOCK NORMS] PHI: 2.478e+09
[PRECOND BLOCK NORMS] W: 1.303e+05, THETA: 1.982e+06
[PRECOND TIMING] W-THETA coupled solve: 6 ms (3321 columns)
[PRECOND DEBUG] Output preconditioned ||M⁻¹r|| = 1.633e+10 (α₀=0, ratio=1, α_eff=0)
[PRECOND DEBUG] Ratio ||M⁻¹r|| / ||r|| = 0.9988
[PRECOND DEBUG] Input residual ||r|| = 1.181e+10 (call #3050)
[PRECOND BLOCK NORMS] U: 1.164e+10, V: 2.381e+07, MU: 2.873e+08
[PRECOND BLOCK NORMS] PHI: 1.608e+09
[PRECOND BLOCK NORMS] W: 4.317e+05, THETA: 6.325e+06
[PRECOND TIMING] W-THETA coupled solve: 5 ms (3321 columns)
[PRECOND DEBUG] Output preconditioned ||M⁻¹r|| = 1.175e+10 (α₀=0, ratio=1, α_eff=0)
[PRECOND DEBUG] Ratio ||M⁻¹r|| / ||r|| = 0.9952
[PRECOND DEBUG] Input residual ||r|| = 2.576e+10 (call #3055)
[PRECOND BLOCK NORMS] U: 2.544e+10, V: 2.37e+07, MU: 6.05e+08
[PRECOND BLOCK NORMS] PHI: 3.387e+09
[PRECOND BLOCK NORMS] W: 7.351e+05, THETA: 1.046e+07
[PRECOND TIMING] W-THETA coupled solve: 6 ms (3321 columns)
[PRECOND DEBUG] Output preconditioned ||M⁻¹r|| = 2.566e+10 (α₀=0, ratio=1, α_eff=0)
[PRECOND DEBUG] Ratio ||M⁻¹r|| / ||r|| = 0.9964
[PRECOND DEBUG] Input residual ||r|| = 1.584e+10 (call #3060)
[PRECOND BLOCK NORMS] U: 1.563e+10, V: 2.188e+07, MU: 3.711e+08
[PRECOND BLOCK NORMS] PHI: 2.078e+09
[PRECOND BLOCK NORMS] W: 6.244e+05, THETA: 1.411e+07
[PRECOND TIMING] W-THETA coupled solve: 5 ms (3321 columns)
[PRECOND DEBUG] Output preconditioned ||M⁻¹r|| = 1.577e+10 (α₀=0, ratio=1, α_eff=0)
[PRECOND DEBUG] Ratio ||M⁻¹r|| / ||r|| = 0.9957
[PRECOND DEBUG] Input residual ||r|| = 1.037e+10 (call #3065)
[PRECOND BLOCK NORMS] U: 1.022e+10, V: 2.597e+07, MU: 2.381e+08
[PRECOND BLOCK NORMS] PHI: 1.333e+09
[PRECOND BLOCK NORMS] W: 2.724e+05, THETA: 5.934e+06
[PRECOND TIMING] W-THETA coupled solve: 6 ms (3321 columns)
[PRECOND DEBUG] Output preconditioned ||M⁻¹r|| = 1.031e+10 (α₀=0, ratio=1, α_eff=0)
[PRECOND DEBUG] Ratio ||M⁻¹r|| / ||r|| = 0.9943
[PRECOND DEBUG] Input residual ||r|| = 2.631e+10 (call #3070)
[PRECOND BLOCK NORMS] U: 2.599e+10, V: 2.545e+07, MU: 6.097e+08
[PRECOND BLOCK NORMS] PHI: 3.413e+09
[PRECOND BLOCK NORMS] W: 4.628e+05, THETA: 1.431e+07
[PRECOND TIMING] W-THETA coupled solve: 5 ms (3321 columns)
[PRECOND DEBUG] Output preconditioned ||M⁻¹r|| = 2.622e+10 (α₀=0, ratio=1, α_eff=0)
[PRECOND DEBUG] Ratio ||M⁻¹r|| / ||r|| = 0.9964
[PRECOND DEBUG] Input residual ||r|| = 2.133e+10 (call #3075)
[PRECOND BLOCK NORMS] U: 2.107e+10, V: 2.176e+07, MU: 2.516e+08
[PRECOND BLOCK NORMS] PHI: 1.409e+09
[PRECOND BLOCK NORMS] W: 5.311e+05, THETA: 5.7e+06
[PRECOND TIMING] W-THETA coupled solve: 6 ms (3321 columns)
[PRECOND DEBUG] Output preconditioned ||M⁻¹r|| = 2.111e+10 (α₀=0, ratio=1, α_eff=0)
[PRECOND DEBUG] Ratio ||M⁻¹r|| / ||r|| = 0.9898
[PRECOND DEBUG] Input residual ||r|| = 1.466e+10 (call #3080)
[PRECOND BLOCK NORMS] U: 1.448e+10, V: 2.249e+07, MU: 2.669e+08
[PRECOND BLOCK NORMS] PHI: 1.495e+09
[PRECOND BLOCK NORMS] W: 3.503e+05, THETA: 5.221e+06
[PRECOND TIMING] W-THETA coupled solve: 5 ms (3321 columns)
[PRECOND DEBUG] Output preconditioned ||M⁻¹r|| = 1.456e+10 (α₀=0, ratio=1, α_eff=0)
[PRECOND DEBUG] Ratio ||M⁻¹r|| / ||r|| = 0.9927
[PRECOND DEBUG] Input residual ||r|| = 1.902e+10 (call #3085)
[PRECOND BLOCK NORMS] U: 1.879e+10, V: 2.454e+07, MU: 1.054e+08
[PRECOND BLOCK NORMS] PHI: 5.907e+08
[PRECOND BLOCK NORMS] W: 6.609e+05, THETA: 8.602e+06
[PRECOND TIMING] W-THETA coupled solve: 6 ms (3321 columns)
[PRECOND DEBUG] Output preconditioned ||M⁻¹r|| = 1.879e+10 (α₀=0, ratio=1, α_eff=0)
[PRECOND DEBUG] Ratio ||M⁻¹r|| / ||r|| = 0.9882
[PRECOND DEBUG] Input residual ||r|| = 2.013e+10 (call #3090)
[PRECOND BLOCK NORMS] U: 1.988e+10, V: 2.163e+07, MU: 1.524e+08
[PRECOND BLOCK NORMS] PHI: 8.532e+08
[PRECOND BLOCK NORMS] W: 6.145e+05, THETA: 1.238e+07
[PRECOND TIMING] W-THETA coupled solve: 6 ms (3321 columns)
[PRECOND DEBUG] Output preconditioned ||M⁻¹r|| = 1.99e+10 (α₀=0, ratio=1, α_eff=0)
[PRECOND DEBUG] Ratio ||M⁻¹r|| / ||r|| = 0.9886
[PRECOND DEBUG] Input residual ||r|| = 3.955e+10 (call #3095)
[PRECOND BLOCK NORMS] U: 3.907e+10, V: 2.129e+07, MU: 2.222e+08
[PRECOND BLOCK NORMS] PHI: 1.244e+09
[PRECOND BLOCK NORMS] W: 1.174e+06, THETA: 6.563e+06
[PRECOND TIMING] W-THETA coupled solve: 6 ms (3321 columns)
[PRECOND DEBUG] Output preconditioned ||M⁻¹r|| = 3.909e+10 (α₀=0, ratio=1, α_eff=0)
[PRECOND DEBUG] Ratio ||M⁻¹r|| / ||r|| = 0.9884
[PRECOND DEBUG] Input residual ||r|| = 4.115e+10 (call #3100)
[PRECOND BLOCK NORMS] U: 4.065e+10, V: 2.328e+07, MU: 1.675e+08
[PRECOND BLOCK NORMS] PHI: 9.384e+08
[PRECOND BLOCK NORMS] W: 1.386e+06, THETA: 1.034e+07
[PRECOND TIMING] W-THETA coupled solve: 5 ms (3321 columns)
[PRECOND DEBUG] Output preconditioned ||M⁻¹r|| = 4.066e+10 (α₀=0, ratio=1, α_eff=0)
[PRECOND DEBUG] Ratio ||M⁻¹r|| / ||r|| = 0.9881
[PRECOND DEBUG] Input residual ||r|| = 2.644e+10 (call #3105)
[PRECOND BLOCK NORMS] U: 2.612e+10, V: 2.714e+07, MU: 3.039e+08
[PRECOND BLOCK NORMS] PHI: 1.702e+09
[PRECOND BLOCK NORMS] W: 9.422e+05, THETA: 7.449e+06
[PRECOND TIMING] W-THETA coupled solve: 5 ms (3321 columns)
[PRECOND DEBUG] Output preconditioned ||M⁻¹r|| = 2.618e+10 (α₀=0, ratio=1, α_eff=0)
[PRECOND DEBUG] Ratio ||M⁻¹r|| / ||r|| = 0.99
[PRECOND DEBUG] Input residual ||r|| = 3.754e+10 (call #3110)
[PRECOND BLOCK NORMS] U: 3.709e+10, V: 2.652e+07, MU: 2.604e+08
[PRECOND BLOCK NORMS] PHI: 1.458e+09
[PRECOND BLOCK NORMS] W: 1.194e+06, THETA: 7.793e+06
[PRECOND TIMING] W-THETA coupled solve: 5 ms (3321 columns)
[PRECOND DEBUG] Output preconditioned ||M⁻¹r|| = 3.711e+10 (α₀=0, ratio=1, α_eff=0)
[PRECOND DEBUG] Ratio ||M⁻¹r|| / ||r|| = 0.9887
[PRECOND DEBUG] Input residual ||r|| = 3.902e+10 (call #3115)
[PRECOND BLOCK NORMS] U: 3.856e+10, V: 2.404e+07, MU: 1.429e+08
[PRECOND BLOCK NORMS] PHI: 8.011e+08
[PRECOND BLOCK NORMS] W: 1.844e+06, THETA: 1.028e+07
[PRECOND TIMING] W-THETA coupled solve: 5 ms (3321 columns)
[PRECOND DEBUG] Output preconditioned ||M⁻¹r|| = 3.856e+10 (α₀=0, ratio=1, α_eff=0)
[PRECOND DEBUG] Ratio ||M⁻¹r|| / ||r|| = 0.9882
[PRECOND DEBUG] Input residual ||r|| = 8.52e+10 (call #3120)
[PRECOND BLOCK NORMS] U: 8.418e+10, V: 2.536e+07, MU: 2.583e+08
[PRECOND BLOCK NORMS] PHI: 1.447e+09
[PRECOND BLOCK NORMS] W: 3.52e+06, THETA: 1.092e+07
[PRECOND TIMING] W-THETA coupled solve: 6 ms (3321 columns)
[PRECOND DEBUG] Output preconditioned ||M⁻¹r|| = 8.419e+10 (α₀=0, ratio=1, α_eff=0)
[PRECOND DEBUG] Ratio ||M⁻¹r|| / ||r|| = 0.9881
[PRECOND DEBUG] Input residual ||r|| = 8.327e+10 (call #3125)
[PRECOND BLOCK NORMS] U: 8.227e+10, V: 2.8e+07, MU: 3.898e+08
[PRECOND BLOCK NORMS] PHI: 2.183e+09
[PRECOND BLOCK NORMS] W: 3.542e+06, THETA: 8.991e+06
[PRECOND TIMING] W-THETA coupled solve: 6 ms (3321 columns)
[PRECOND DEBUG] Output preconditioned ||M⁻¹r|| = 8.229e+10 (α₀=0, ratio=1, α_eff=0)
[PRECOND DEBUG] Ratio ||M⁻¹r|| / ||r|| = 0.9882
[PRECOND DEBUG] Input residual ||r|| = 4.314e+10 (call #3130)
[PRECOND BLOCK NORMS] U: 4.263e+10, V: 2.403e+07, MU: 1.869e+08
[PRECOND BLOCK NORMS] PHI: 1.047e+09
[PRECOND BLOCK NORMS] W: 2.49e+06, THETA: 1.305e+07
[PRECOND TIMING] W-THETA coupled solve: 6 ms (3321 columns)
[PRECOND DEBUG] Output preconditioned ||M⁻¹r|| = 4.264e+10 (α₀=0, ratio=1, α_eff=0)
[PRECOND DEBUG] Ratio ||M⁻¹r|| / ||r|| = 0.9882
[PRECOND DEBUG] Input residual ||r|| = 2.856e+10 (call #3135)
[PRECOND BLOCK NORMS] U: 2.822e+10, V: 2.565e+07, MU: 2.402e+08
[PRECOND BLOCK NORMS] PHI: 1.345e+09
[PRECOND BLOCK NORMS] W: 2.416e+06, THETA: 7.79e+06
[PRECOND TIMING] W-THETA coupled solve: 6 ms (3321 columns)
[PRECOND DEBUG] Output preconditioned ||M⁻¹r|| = 2.825e+10 (α₀=0, ratio=1, α_eff=0)
[PRECOND DEBUG] Ratio ||M⁻¹r|| / ||r|| = 0.9889
[PRECOND DEBUG] Input residual ||r|| = 4.392e+10 (call #3140)
[PRECOND BLOCK NORMS] U: 4.339e+10, V: 2.504e+07, MU: 3.548e+08
[PRECOND BLOCK NORMS] PHI: 1.987e+09
[PRECOND BLOCK NORMS] W: 5.562e+06, THETA: 5.388e+06
[PRECOND TIMING] W-THETA coupled solve: 6 ms (3321 columns)
[PRECOND DEBUG] Output preconditioned ||M⁻¹r|| = 4.344e+10 (α₀=0, ratio=1, α_eff=0)
[PRECOND DEBUG] Ratio ||M⁻¹r|| / ||r|| = 0.989
[PRECOND DEBUG] Input residual ||r|| = 5.964e+10 (call #3145)
[PRECOND BLOCK NORMS] U: 5.892e+10, V: 2.469e+07, MU: 3.551e+08
[PRECOND BLOCK NORMS] PHI: 1.989e+09
[PRECOND BLOCK NORMS] W: 9.76e+06, THETA: 7.972e+06
[PRECOND TIMING] W-THETA coupled solve: 6 ms (3321 columns)
[PRECOND DEBUG] Output preconditioned ||M⁻¹r|| = 5.895e+10 (α₀=0, ratio=1, α_eff=0)
[PRECOND DEBUG] Ratio ||M⁻¹r|| / ||r|| = 0.9885
[GMRES] restart=1 j=191: hess_est=0.8254, true_err=0.8254
[GMRES BLOCK r/b] restart=1 j=191 ru=191.7244 rv=175.9758 rw=187.2001 ph=77.9846 t=173.2422 mu=11.0756
[FGMRES] NOT CONVERGED: ||x||=0.0001, ||r_true||=912.9284, ||b||=1039.3312, rel_error=0.8784, tol=0.0000, restarts=1, arnoldi=192 (block-scaled)
[GMRES BLOCK-SCALE] ru: ||r0||=466.6 → D_inv=0.002143
[GMRES BLOCK-SCALE] rv: ||r0||=463.9 → D_inv=0.002156
[GMRES BLOCK-SCALE] rw: ||r0||=464.6 → D_inv=0.002152
[GMRES BLOCK-SCALE] ph: ||r0||=464.6 → D_inv=0.002152
[GMRES BLOCK-SCALE] t: ||r0||=461 → D_inv=0.002169
[GMRES BLOCK-SCALE] mu: ||r0||=57.63 → D_inv=0.01735
[FGMRES] Z-basis memory budget: restart=96 x numel=1080491 => ~395.7 MiB per cycle
[GMRES REORTH] j=2 before=2.936e+05 after1=1.896e+05 after2=1.896e+05 ratio=0.6457
[PRECOND DEBUG] Input residual ||r|| = 1.084e+11 (call #3150)
[PRECOND BLOCK NORMS] U: 1.07e+11, V: 6.539e+07, MU: 3.022e+09
[PRECOND BLOCK NORMS] PHI: 1.692e+10
[PRECOND BLOCK NORMS] W: 1.642e+05, THETA: 6.573e+06
[PRECOND TIMING] W-THETA coupled solve: 5 ms (3321 columns)
[PRECOND DEBUG] Output preconditioned ||M⁻¹r|| = 1.084e+11 (α₀=0, ratio=1, α_eff=0)
[PRECOND DEBUG] Ratio ||M⁻¹r|| / ||r|| = 1
[PRECOND DEBUG] Input residual ||r|| = 2.085e+10 (call #3155)
[PRECOND BLOCK NORMS] U: 2.028e+10, V: 1.681e+07, MU: 5.72e+08
[PRECOND BLOCK NORMS] PHI: 3.203e+09
[PRECOND BLOCK NORMS] W: 5.075e+04, THETA: 1.099e+06
[PRECOND TIMING] W-THETA coupled solve: 5 ms (3321 columns)
[PRECOND DEBUG] Output preconditioned ||M⁻¹r|| = 2.054e+10 (α₀=0, ratio=1, α_eff=0)
[PRECOND DEBUG] Ratio ||M⁻¹r|| / ||r|| = 0.9853
[PRECOND DEBUG] Input residual ||r|| = 1.47e+10 (call #3160)
[PRECOND BLOCK NORMS] U: 1.43e+10, V: 1.711e+07, MU: 4.012e+08
[PRECOND BLOCK NORMS] PHI: 2.248e+09
[PRECOND BLOCK NORMS] W: 5.654e+04, THETA: 7.63e+05
[PRECOND TIMING] W-THETA coupled solve: 6 ms (3321 columns)
[PRECOND DEBUG] Output preconditioned ||M⁻¹r|| = 1.448e+10 (α₀=0, ratio=1, α_eff=0)
[PRECOND DEBUG] Ratio ||M⁻¹r|| / ||r|| = 0.9854
[PRECOND DEBUG] Input residual ||r|| = 1.423e+10 (call #3165)
[PRECOND BLOCK NORMS] U: 1.385e+10, V: 1.763e+07, MU: 3.884e+08
[PRECOND BLOCK NORMS] PHI: 2.175e+09
[PRECOND BLOCK NORMS] W: 3.872e+04, THETA: 1.001e+06
[PRECOND TIMING] W-THETA coupled solve: 6 ms (3321 columns)
[PRECOND DEBUG] Output preconditioned ||M⁻¹r|| = 1.402e+10 (α₀=0, ratio=1, α_eff=0)
[PRECOND DEBUG] Ratio ||M⁻¹r|| / ||r|| = 0.9852
[PRECOND DEBUG] Input residual ||r|| = 1.127e+10 (call #3170)
[PRECOND BLOCK NORMS] U: 1.067e+10, V: 1.102e+07, MU: 3.009e+08
[PRECOND BLOCK NORMS] PHI: 1.685e+09
[PRECOND BLOCK NORMS] W: 1.695e+04, THETA: 6.372e+05
[PRECOND TIMING] W-THETA coupled solve: 5 ms (3321 columns)
[PRECOND DEBUG] Output preconditioned ||M⁻¹r|| = 1.08e+10 (α₀=0, ratio=1, α_eff=0)
[PRECOND DEBUG] Ratio ||M⁻¹r|| / ||r|| = 0.9589
[PRECOND DEBUG] Input residual ||r|| = 1.446e+10 (call #3175)
[PRECOND BLOCK NORMS] U: 1.406e+10, V: 1.566e+07, MU: 3.957e+08
[PRECOND BLOCK NORMS] PHI: 2.216e+09
[PRECOND BLOCK NORMS] W: 4.958e+04, THETA: 8.026e+05
[PRECOND TIMING] W-THETA coupled solve: 5 ms (3321 columns)
[PRECOND DEBUG] Output preconditioned ||M⁻¹r|| = 1.424e+10 (α₀=0, ratio=1, α_eff=0)
[PRECOND DEBUG] Ratio ||M⁻¹r|| / ||r|| = 0.9845
[PRECOND DEBUG] Input residual ||r|| = 1.802e+10 (call #3180)
[PRECOND BLOCK NORMS] U: 1.759e+10, V: 1.968e+07, MU: 4.945e+08
[PRECOND BLOCK NORMS] PHI: 2.77e+09
[PRECOND BLOCK NORMS] W: 6.336e+04, THETA: 1.052e+06
[PRECOND TIMING] W-THETA coupled solve: 5 ms (3321 columns)
[PRECOND DEBUG] Output preconditioned ||M⁻¹r|| = 1.781e+10 (α₀=0, ratio=1, α_eff=0)
[PRECOND DEBUG] Ratio ||M⁻¹r|| / ||r|| = 0.9887
[PRECOND DEBUG] Input residual ||r|| = 2.449e+10 (call #3185)
[PRECOND BLOCK NORMS] U: 2.404e+10, V: 2.4e+07, MU: 6.749e+08
[PRECOND BLOCK NORMS] PHI: 3.784e+09
[PRECOND BLOCK NORMS] W: 1.223e+05, THETA: 9.039e+05
[PRECOND TIMING] W-THETA coupled solve: 6 ms (3321 columns)
[PRECOND DEBUG] Output preconditioned ||M⁻¹r|| = 2.434e+10 (α₀=0, ratio=1, α_eff=0)
[PRECOND DEBUG] Ratio ||M⁻¹r|| / ||r|| = 0.9939
[PRECOND DEBUG] Input residual ||r|| = 1.104e+10 (call #3190)
[PRECOND BLOCK NORMS] U: 1.049e+10, V: 1.286e+07, MU: 2.939e+08
[PRECOND BLOCK NORMS] PHI: 1.647e+09
[PRECOND BLOCK NORMS] W: 4.546e+04, THETA: 5.543e+05
[PRECOND TIMING] W-THETA coupled solve: 6 ms (3321 columns)
[PRECOND DEBUG] Output preconditioned ||M⁻¹r|| = 1.062e+10 (α₀=0, ratio=1, α_eff=0)
[PRECOND DEBUG] Ratio ||M⁻¹r|| / ||r|| = 0.962
[PRECOND DEBUG] Input residual ||r|| = 1.393e+10 (call #3195)
[PRECOND BLOCK NORMS] U: 1.346e+10, V: 1.642e+07, MU: 3.771e+08
[PRECOND BLOCK NORMS] PHI: 2.113e+09
[PRECOND BLOCK NORMS] W: 5.828e+04, THETA: 6.311e+05
[PRECOND TIMING] W-THETA coupled solve: 6 ms (3321 columns)
[PRECOND DEBUG] Output preconditioned ||M⁻¹r|| = 1.363e+10 (α₀=0, ratio=1, α_eff=0)
[PRECOND DEBUG] Ratio ||M⁻¹r|| / ||r|| = 0.9787
[PRECOND DEBUG] Input residual ||r|| = 1.319e+10 (call #3200)
[PRECOND BLOCK NORMS] U: 1.283e+10, V: 1.523e+07, MU: 3.61e+08
[PRECOND BLOCK NORMS] PHI: 2.021e+09
[PRECOND BLOCK NORMS] W: 3.191e+04, THETA: 7.229e+05
[PRECOND TIMING] W-THETA coupled solve: 6 ms (3321 columns)
[PRECOND DEBUG] Output preconditioned ||M⁻¹r|| = 1.299e+10 (α₀=0, ratio=1, α_eff=0)
[PRECOND DEBUG] Ratio ||M⁻¹r|| / ||r|| = 0.985
[PRECOND DEBUG] Input residual ||r|| = 1.385e+10 (call #3205)
[PRECOND BLOCK NORMS] U: 1.346e+10, V: 1.439e+07, MU: 3.78e+08
[PRECOND BLOCK NORMS] PHI: 2.118e+09
[PRECOND BLOCK NORMS] W: 5.74e+04, THETA: 5.985e+05
[PRECOND TIMING] W-THETA coupled solve: 6 ms (3321 columns)
[PRECOND DEBUG] Output preconditioned ||M⁻¹r|| = 1.363e+10 (α₀=0, ratio=1, α_eff=0)
[PRECOND DEBUG] Ratio ||M⁻¹r|| / ||r|| = 0.9841
[PRECOND DEBUG] Input residual ||r|| = 2.05e+10 (call #3210)
[PRECOND BLOCK NORMS] U: 2.013e+10, V: 2.267e+07, MU: 5.651e+08
[PRECOND BLOCK NORMS] PHI: 3.167e+09
[PRECOND BLOCK NORMS] W: 8.973e+04, THETA: 9.642e+05
[PRECOND TIMING] W-THETA coupled solve: 5 ms (3321 columns)
[PRECOND DEBUG] Output preconditioned ||M⁻¹r|| = 2.038e+10 (α₀=0, ratio=1, α_eff=0)
[PRECOND DEBUG] Ratio ||M⁻¹r|| / ||r|| = 0.9943
[PRECOND DEBUG] Input residual ||r|| = 1.45e+10 (call #3215)
[PRECOND BLOCK NORMS] U: 1.404e+10, V: 1.433e+07, MU: 3.951e+08
[PRECOND BLOCK NORMS] PHI: 2.214e+09
[PRECOND BLOCK NORMS] W: 5.473e+04, THETA: 6.311e+05
[PRECOND TIMING] W-THETA coupled solve: 5 ms (3321 columns)
[PRECOND DEBUG] Output preconditioned ||M⁻¹r|| = 1.422e+10 (α₀=0, ratio=1, α_eff=0)
[PRECOND DEBUG] Ratio ||M⁻¹r|| / ||r|| = 0.9807
[PRECOND DEBUG] Input residual ||r|| = 2.04e+10 (call #3220)
[PRECOND BLOCK NORMS] U: 1.999e+10, V: 2.065e+07, MU: 5.639e+08
[PRECOND BLOCK NORMS] PHI: 3.16e+09
[PRECOND BLOCK NORMS] W: 5.302e+04, THETA: 1.018e+06
[PRECOND TIMING] W-THETA coupled solve: 6 ms (3321 columns)
[PRECOND DEBUG] Output preconditioned ||M⁻¹r|| = 2.024e+10 (α₀=0, ratio=1, α_eff=0)
[PRECOND DEBUG] Ratio ||M⁻¹r|| / ||r|| = 0.9922
[PRECOND DEBUG] Input residual ||r|| = 1.031e+10 (call #3225)
[PRECOND BLOCK NORMS] U: 9.741e+09, V: 1.032e+07, MU: 2.734e+08
[PRECOND BLOCK NORMS] PHI: 1.533e+09
[PRECOND BLOCK NORMS] W: 4.964e+04, THETA: 3.718e+05
[PRECOND TIMING] W-THETA coupled solve: 5 ms (3321 columns)
[PRECOND DEBUG] Output preconditioned ||M⁻¹r|| = 9.864e+09 (α₀=0, ratio=1, α_eff=0)
[PRECOND DEBUG] Ratio ||M⁻¹r|| / ||r|| = 0.9566
[PRECOND DEBUG] Input residual ||r|| = 2.338e+10 (call #3230)
[PRECOND BLOCK NORMS] U: 2.293e+10, V: 2.544e+07, MU: 6.448e+08
[PRECOND BLOCK NORMS] PHI: 3.613e+09
[PRECOND BLOCK NORMS] W: 7.869e+04, THETA: 1.034e+06
[PRECOND TIMING] W-THETA coupled solve: 6 ms (3321 columns)
[PRECOND DEBUG] Output preconditioned ||M⁻¹r|| = 2.322e+10 (α₀=0, ratio=1, α_eff=0)
[PRECOND DEBUG] Ratio ||M⁻¹r|| / ||r|| = 0.9933
[PRECOND DEBUG] Input residual ||r|| = 2.048e+10 (call #3235)
[PRECOND BLOCK NORMS] U: 2.006e+10, V: 2.053e+07, MU: 5.653e+08
[PRECOND BLOCK NORMS] PHI: 3.168e+09
[PRECOND BLOCK NORMS] W: 7.093e+04, THETA: 8.855e+05
[PRECOND TIMING] W-THETA coupled solve: 6 ms (3321 columns)
[PRECOND DEBUG] Output preconditioned ||M⁻¹r|| = 2.031e+10 (α₀=0, ratio=1, α_eff=0)
[PRECOND DEBUG] Ratio ||M⁻¹r|| / ||r|| = 0.9919
[PRECOND DEBUG] Input residual ||r|| = 1.466e+10 (call #3240)
[PRECOND BLOCK NORMS] U: 1.423e+10, V: 1.512e+07, MU: 3.999e+08
[PRECOND BLOCK NORMS] PHI: 2.241e+09
[PRECOND BLOCK NORMS] W: 6.208e+04, THETA: 6.612e+05
[PRECOND TIMING] W-THETA coupled solve: 6 ms (3321 columns)
[PRECOND DEBUG] Output preconditioned ||M⁻¹r|| = 1.441e+10 (α₀=0, ratio=1, α_eff=0)
[PRECOND DEBUG] Ratio ||M⁻¹r|| / ||r|| = 0.9828
[GMRES] restart=1 j=95: hess_est=0.2346, true_err=0.2346
[GMRES BLOCK r/b] restart=1 j=95 ru=22.3671 rv=57.3044 rw=31.7146 ph=76.5964 t=13.0451 mu=4.0114
[FGMRES] NOT CONVERGED: ||x||=0.0000, ||r_true||=255.0141, ||b||=1039.3312, rel_error=0.2454, tol=0.0000, restarts=1, arnoldi=96 (block-scaled)
[GMRES BLOCK-SCALE] ru: ||r0||=466.6 → D_inv=0.002143
[GMRES BLOCK-SCALE] rv: ||r0||=463.9 → D_inv=0.002156
[GMRES BLOCK-SCALE] rw: ||r0||=464.6 → D_inv=0.002152
[GMRES BLOCK-SCALE] ph: ||r0||=464.6 → D_inv=0.002152
[GMRES BLOCK-SCALE] t: ||r0||=461 → D_inv=0.002169
[GMRES BLOCK-SCALE] mu: ||r0||=57.63 → D_inv=0.01735
[FGMRES] Z-basis memory budget: restart=96 x numel=1080491 => ~395.7 MiB per cycle
[GMRES] restart=1 j=95: hess_est=0.1155, true_err=0.1155
[GMRES BLOCK r/b] restart=1 j=95 ru=11.3390 rv=16.7992 rw=18.3332 ph=43.5112 t=9.1864 mu=1.5371
[FGMRES] NOT CONVERGED: ||x||=0.0000, ||r_true||=127.8868, ||b||=1039.3312, rel_error=0.1230, tol=0.0000, restarts=1, arnoldi=96 (block-scaled)
[GMRES BLOCK-SCALE] ru: ||r0||=466.6 → D_inv=0.002143
[GMRES BLOCK-SCALE] rv: ||r0||=463.9 → D_inv=0.002156
[GMRES BLOCK-SCALE] rw: ||r0||=464.6 → D_inv=0.002152
[GMRES BLOCK-SCALE] ph: ||r0||=464.6 → D_inv=0.002152
[GMRES BLOCK-SCALE] t: ||r0||=461 → D_inv=0.002169
[GMRES BLOCK-SCALE] mu: ||r0||=57.63 → D_inv=0.01735
[FGMRES] Z-basis memory budget: restart=96 x numel=1080491 => ~395.7 MiB per cycle
[GMRES REORTH] j=1 before=2.28e+06 after1=4680 after2=4672 ratio=0.002053
[GMRES REORTH] j=2 before=2.859e+05 after1=1.377e+04 after2=1.377e+04 ratio=0.04816
[PRECOND DEBUG] Input residual ||r|| = 2.67e+09 (call #3245)
[PRECOND BLOCK NORMS] U: 2.549e+09, V: 8.608e+06, MU: 7.148e+07
[PRECOND BLOCK NORMS] PHI: 4.007e+08
[PRECOND BLOCK NORMS] W: 2.497e+04, THETA: 7.977e+04
[PRECOND TIMING] W-THETA coupled solve: 5 ms (3321 columns)
[PRECOND DEBUG] Output preconditioned ||M⁻¹r|| = 2.581e+09 (α₀=0, ratio=1, α_eff=0)
[PRECOND DEBUG] Ratio ||M⁻¹r|| / ||r|| = 0.9668
[PRECOND DEBUG] Input residual ||r|| = 4.644e+09 (call #3250)
[PRECOND BLOCK NORMS] U: 4.527e+09, V: 1.173e+07, MU: 1.282e+08
[PRECOND BLOCK NORMS] PHI: 7.183e+08
[PRECOND BLOCK NORMS] W: 4.945e+04, THETA: 2.124e+05
[PRECOND TIMING] W-THETA coupled solve: 5 ms (3321 columns)
[PRECOND DEBUG] Output preconditioned ||M⁻¹r|| = 4.585e+09 (α₀=0, ratio=1, α_eff=0)
[PRECOND DEBUG] Ratio ||M⁻¹r|| / ||r|| = 0.9874
[PRECOND DEBUG] Input residual ||r|| = 6.681e+09 (call #3255)
[PRECOND BLOCK NORMS] U: 6.557e+09, V: 1.681e+07, MU: 1.844e+08
[PRECOND BLOCK NORMS] PHI: 1.033e+09
[PRECOND BLOCK NORMS] W: 4.259e+04, THETA: 3.766e+05
[PRECOND TIMING] W-THETA coupled solve: 5 ms (3321 columns)
[PRECOND DEBUG] Output preconditioned ||M⁻¹r|| = 6.64e+09 (α₀=0, ratio=1, α_eff=0)
[PRECOND DEBUG] Ratio ||M⁻¹r|| / ||r|| = 0.9939
[PRECOND DEBUG] Input residual ||r|| = 5.838e+09 (call #3260)
[PRECOND BLOCK NORMS] U: 5.729e+09, V: 1.346e+07, MU: 1.608e+08
[PRECOND BLOCK NORMS] PHI: 9.005e+08
[PRECOND BLOCK NORMS] W: 3.778e+04, THETA: 3.42e+05
[PRECOND TIMING] W-THETA coupled solve: 6 ms (3321 columns)
[PRECOND DEBUG] Output preconditioned ||M⁻¹r|| = 5.802e+09 (α₀=0, ratio=1, α_eff=0)
[PRECOND DEBUG] Ratio ||M⁻¹r|| / ||r|| = 0.9938
[PRECOND DEBUG] Input residual ||r|| = 5.975e+09 (call #3265)
[PRECOND BLOCK NORMS] U: 5.855e+09, V: 1.701e+07, MU: 1.65e+08
[PRECOND BLOCK NORMS] PHI: 9.245e+08
[PRECOND BLOCK NORMS] W: 5.169e+04, THETA: 3.1e+05
[PRECOND TIMING] W-THETA coupled solve: 5 ms (3321 columns)
[PRECOND DEBUG] Output preconditioned ||M⁻¹r|| = 5.93e+09 (α₀=0, ratio=1, α_eff=0)
[PRECOND DEBUG] Ratio ||M⁻¹r|| / ||r|| = 0.9926
[PRECOND DEBUG] Input residual ||r|| = 1.438e+10 (call #3270)
[PRECOND BLOCK NORMS] U: 1.417e+10, V: 2.118e+07, MU: 3.988e+08
[PRECOND BLOCK NORMS] PHI: 2.233e+09
[PRECOND BLOCK NORMS] W: 8.616e+04, THETA: 9.569e+05
[PRECOND TIMING] W-THETA coupled solve: 5 ms (3321 columns)
[PRECOND DEBUG] Output preconditioned ||M⁻¹r|| = 1.435e+10 (α₀=0, ratio=1, α_eff=0)
[PRECOND DEBUG] Ratio ||M⁻¹r|| / ||r|| = 0.998
[PRECOND DEBUG] Input residual ||r|| = 1.328e+10 (call #3275)
[PRECOND BLOCK NORMS] U: 1.308e+10, V: 2.473e+07, MU: 3.642e+08
[PRECOND BLOCK NORMS] PHI: 2.039e+09
[PRECOND BLOCK NORMS] W: 6.36e+04, THETA: 8.853e+05
[PRECOND TIMING] W-THETA coupled solve: 5 ms (3321 columns)
[PRECOND DEBUG] Output preconditioned ||M⁻¹r|| = 1.324e+10 (α₀=0, ratio=1, α_eff=0)
[PRECOND DEBUG] Ratio ||M⁻¹r|| / ||r|| = 0.9966
[PRECOND DEBUG] Input residual ||r|| = 1.235e+10 (call #3280)
[PRECOND BLOCK NORMS] U: 1.213e+10, V: 2.47e+07, MU: 3.373e+08
[PRECOND BLOCK NORMS] PHI: 1.889e+09
[PRECOND BLOCK NORMS] W: 9.818e+04, THETA: 7.798e+05
[PRECOND TIMING] W-THETA coupled solve: 6 ms (3321 columns)
[PRECOND DEBUG] Output preconditioned ||M⁻¹r|| = 1.228e+10 (α₀=0, ratio=1, α_eff=0)
[PRECOND DEBUG] Ratio ||M⁻¹r|| / ||r|| = 0.9947
[PRECOND DEBUG] Input residual ||r|| = 2.238e+10 (call #3285)
[PRECOND BLOCK NORMS] U: 2.207e+10, V: 2.477e+07, MU: 6.194e+08
[PRECOND BLOCK NORMS] PHI: 3.468e+09
[PRECOND BLOCK NORMS] W: 8.212e+04, THETA: 1.437e+06
[PRECOND TIMING] W-THETA coupled solve: 6 ms (3321 columns)
[PRECOND DEBUG] Output preconditioned ||M⁻¹r|| = 2.235e+10 (α₀=0, ratio=1, α_eff=0)
[PRECOND DEBUG] Ratio ||M⁻¹r|| / ||r|| = 0.9984
[PRECOND DEBUG] Input residual ||r|| = 1.718e+10 (call #3290)
[PRECOND BLOCK NORMS] U: 1.694e+10, V: 1.864e+07, MU: 4.771e+08
[PRECOND BLOCK NORMS] PHI: 2.671e+09
[PRECOND BLOCK NORMS] W: 1.066e+05, THETA: 1.17e+06
[PRECOND TIMING] W-THETA coupled solve: 5 ms (3321 columns)
[PRECOND DEBUG] Output preconditioned ||M⁻¹r|| = 1.716e+10 (α₀=0, ratio=1, α_eff=0)
[PRECOND DEBUG] Ratio ||M⁻¹r|| / ||r|| = 0.999
[PRECOND DEBUG] Input residual ||r|| = 7.85e+09 (call #3295)
[PRECOND BLOCK NORMS] U: 7.723e+09, V: 2.217e+07, MU: 2.143e+08
[PRECOND BLOCK NORMS] PHI: 1.2e+09
[PRECOND BLOCK NORMS] W: 1.33e+05, THETA: 6.419e+05
[PRECOND TIMING] W-THETA coupled solve: 6 ms (3321 columns)
[PRECOND DEBUG] Output preconditioned ||M⁻¹r|| = 7.818e+09 (α₀=0, ratio=1, α_eff=0)
[PRECOND DEBUG] Ratio ||M⁻¹r|| / ||r|| = 0.9959
[PRECOND DEBUG] Input residual ||r|| = 9.552e+09 (call #3300)
[PRECOND BLOCK NORMS] U: 9.419e+09, V: 2.248e+07, MU: 2.773e+08
[PRECOND BLOCK NORMS] PHI: 1.553e+09
[PRECOND BLOCK NORMS] W: 2.188e+05, THETA: 7.591e+05
[PRECOND TIMING] W-THETA coupled solve: 6 ms (3321 columns)
[PRECOND DEBUG] Output preconditioned ||M⁻¹r|| = 9.55e+09 (α₀=0, ratio=1, α_eff=0)
[PRECOND DEBUG] Ratio ||M⁻¹r|| / ||r|| = 0.9997
[PRECOND DEBUG] Input residual ||r|| = 7.356e+09 (call #3305)
[PRECOND BLOCK NORMS] U: 7.231e+09, V: 1.63e+07, MU: 1.939e+08
[PRECOND BLOCK NORMS] PHI: 1.086e+09
[PRECOND BLOCK NORMS] W: 8.89e+04, THETA: 1.587e+06
[PRECOND TIMING] W-THETA coupled solve: 6 ms (3321 columns)
[PRECOND DEBUG] Output preconditioned ||M⁻¹r|| = 7.315e+09 (α₀=0, ratio=1, α_eff=0)
[PRECOND DEBUG] Ratio ||M⁻¹r|| / ||r|| = 0.9944
[PRECOND DEBUG] Input residual ||r|| = 6.95e+09 (call #3310)
[PRECOND BLOCK NORMS] U: 6.807e+09, V: 1.529e+07, MU: 1.759e+08
[PRECOND BLOCK NORMS] PHI: 9.854e+08
[PRECOND BLOCK NORMS] W: 1.09e+05, THETA: 1.95e+06
[PRECOND TIMING] W-THETA coupled solve: 6 ms (3321 columns)
[PRECOND DEBUG] Output preconditioned ||M⁻¹r|| = 6.88e+09 (α₀=0, ratio=1, α_eff=0)
[PRECOND DEBUG] Ratio ||M⁻¹r|| / ||r|| = 0.9898
[PRECOND DEBUG] Input residual ||r|| = 5.543e+09 (call #3315)
[PRECOND BLOCK NORMS] U: 5.432e+09, V: 1.974e+07, MU: 1.146e+08
[PRECOND BLOCK NORMS] PHI: 6.423e+08
[PRECOND BLOCK NORMS] W: 1.857e+05, THETA: 1.896e+06
[PRECOND TIMING] W-THETA coupled solve: 6 ms (3321 columns)
[PRECOND DEBUG] Output preconditioned ||M⁻¹r|| = 5.471e+09 (α₀=0, ratio=1, α_eff=0)
[PRECOND DEBUG] Ratio ||M⁻¹r|| / ||r|| = 0.9869
[PRECOND DEBUG] Input residual ||r|| = 4.77e+09 (call #3320)
[PRECOND BLOCK NORMS] U: 4.684e+09, V: 2.413e+07, MU: 1.002e+08
[PRECOND BLOCK NORMS] PHI: 5.615e+08
[PRECOND BLOCK NORMS] W: 2.048e+05, THETA: 1.912e+06
[PRECOND TIMING] W-THETA coupled solve: 6 ms (3321 columns)
[PRECOND DEBUG] Output preconditioned ||M⁻¹r|| = 4.718e+09 (α₀=0, ratio=1, α_eff=0)
[PRECOND DEBUG] Ratio ||M⁻¹r|| / ||r|| = 0.9892
[PRECOND DEBUG] Input residual ||r|| = 7.125e+09 (call #3325)
[PRECOND BLOCK NORMS] U: 7.015e+09, V: 1.959e+07, MU: 1.808e+08
[PRECOND BLOCK NORMS] PHI: 1.012e+09
[PRECOND BLOCK NORMS] W: 1.508e+05, THETA: 8.309e+05
[PRECOND TIMING] W-THETA coupled solve: 5 ms (3321 columns)
[PRECOND DEBUG] Output preconditioned ||M⁻¹r|| = 7.089e+09 (α₀=0, ratio=1, α_eff=0)
[PRECOND DEBUG] Ratio ||M⁻¹r|| / ||r|| = 0.995
[PRECOND DEBUG] Input residual ||r|| = 4.757e+09 (call #3330)
[PRECOND BLOCK NORMS] U: 4.667e+09, V: 2.655e+07, MU: 9.725e+07
[PRECOND BLOCK NORMS] PHI: 5.448e+08
[PRECOND BLOCK NORMS] W: 1.507e+05, THETA: 7.694e+05
[PRECOND TIMING] W-THETA coupled solve: 5 ms (3321 columns)
[PRECOND DEBUG] Output preconditioned ||M⁻¹r|| = 4.699e+09 (α₀=0, ratio=1, α_eff=0)
[PRECOND DEBUG] Ratio ||M⁻¹r|| / ||r|| = 0.9877
[PRECOND DEBUG] Input residual ||r|| = 1.249e+10 (call #3335)
[PRECOND BLOCK NORMS] U: 1.232e+10, V: 2.331e+07, MU: 3.308e+08
[PRECOND BLOCK NORMS] PHI: 1.852e+09
[PRECOND BLOCK NORMS] W: 1.387e+05, THETA: 3.031e+06
[PRECOND TIMING] W-THETA coupled solve: 5 ms (3321 columns)
[PRECOND DEBUG] Output preconditioned ||M⁻¹r|| = 1.246e+10 (α₀=0, ratio=1, α_eff=0)
[PRECOND DEBUG] Ratio ||M⁻¹r|| / ||r|| = 0.9975
[GMRES] restart=1 j=95: hess_est=0.8770, true_err=0.8770
[GMRES BLOCK r/b] restart=1 j=95 ru=193.0326 rv=187.3335 rw=189.0330 ph=87.5468 t=189.8100 mu=14.6443
[FGMRES] NOT CONVERGED: ||x||=0.0001, ||r_true||=954.7055, ||b||=1039.3312, rel_error=0.9186, tol=0.0000, restarts=1, arnoldi=96 (block-scaled)
[GMRES BLOCK-SCALE] ru: ||r0||=466.6 → D_inv=0.002143
[GMRES BLOCK-SCALE] rv: ||r0||=463.9 → D_inv=0.002156
[GMRES BLOCK-SCALE] rw: ||r0||=464.6 → D_inv=0.002152
[GMRES BLOCK-SCALE] ph: ||r0||=464.6 → D_inv=0.002152
[GMRES BLOCK-SCALE] t: ||r0||=461 → D_inv=0.002169
[GMRES BLOCK-SCALE] mu: ||r0||=57.63 → D_inv=0.01735
[FGMRES] Z-basis memory budget: restart=48 x numel=1080491 => ~197.8 MiB per cycle
[PRECOND DEBUG] Input residual ||r|| = 1.746e+10 (call #3340)
[PRECOND BLOCK NORMS] U: 1.699e+10, V: 7.321e+06, MU: 4.823e+08
[PRECOND BLOCK NORMS] PHI: 2.701e+09
[PRECOND BLOCK NORMS] W: 2.428e+04, THETA: 9.361e+05
[PRECOND TIMING] W-THETA coupled solve: 5 ms (3321 columns)
[PRECOND DEBUG] Output preconditioned ||M⁻¹r|| = 1.721e+10 (α₀=0, ratio=1, α_eff=0)
[PRECOND DEBUG] Ratio ||M⁻¹r|| / ||r|| = 0.9859
[GMRES REORTH] j=2 before=2.936e+05 after1=1.896e+05 after2=1.896e+05 ratio=0.6457
[PRECOND DEBUG] Input residual ||r|| = 3.344e+10 (call #3345)
[PRECOND BLOCK NORMS] U: 3.296e+10, V: 2.411e+07, MU: 9.295e+08
[PRECOND BLOCK NORMS] PHI: 5.204e+09
[PRECOND BLOCK NORMS] W: 5.693e+04, THETA: 2.023e+06
[PRECOND TIMING] W-THETA coupled solve: 5 ms (3321 columns)
[PRECOND DEBUG] Output preconditioned ||M⁻¹r|| = 3.338e+10 (α₀=0, ratio=1, α_eff=0)
[PRECOND DEBUG] Ratio ||M⁻¹r|| / ||r|| = 0.998
[PRECOND DEBUG] Input residual ||r|| = 1.839e+10 (call #3350)
[PRECOND BLOCK NORMS] U: 1.803e+10, V: 2.787e+07, MU: 5.053e+08
[PRECOND BLOCK NORMS] PHI: 2.83e+09
[PRECOND BLOCK NORMS] W: 4.892e+04, THETA: 1.03e+06
[PRECOND TIMING] W-THETA coupled solve: 5 ms (3321 columns)
[PRECOND DEBUG] Output preconditioned ||M⁻¹r|| = 1.826e+10 (α₀=0, ratio=1, α_eff=0)
[PRECOND DEBUG] Ratio ||M⁻¹r|| / ||r|| = 0.9927
[PRECOND DEBUG] Input residual ||r|| = 1.193e+10 (call #3355)
[PRECOND BLOCK NORMS] U: 1.134e+10, V: 1.545e+07, MU: 3.185e+08
[PRECOND BLOCK NORMS] PHI: 1.784e+09
[PRECOND BLOCK NORMS] W: 2.967e+04, THETA: 7.691e+05
[PRECOND TIMING] W-THETA coupled solve: 6 ms (3321 columns)
[PRECOND DEBUG] Output preconditioned ||M⁻¹r|| = 1.149e+10 (α₀=0, ratio=1, α_eff=0)
[PRECOND DEBUG] Ratio ||M⁻¹r|| / ||r|| = 0.9628
[PRECOND DEBUG] Input residual ||r|| = 1.495e+10 (call #3360)
[PRECOND BLOCK NORMS] U: 1.456e+10, V: 1.353e+07, MU: 4.094e+08
[PRECOND BLOCK NORMS] PHI: 2.294e+09
[PRECOND BLOCK NORMS] W: 5.469e+04, THETA: 8.676e+05
[PRECOND TIMING] W-THETA coupled solve: 5 ms (3321 columns)
[PRECOND DEBUG] Output preconditioned ||M⁻¹r|| = 1.475e+10 (α₀=0, ratio=1, α_eff=0)
[PRECOND DEBUG] Ratio ||M⁻¹r|| / ||r|| = 0.9864
[PRECOND DEBUG] Input residual ||r|| = 2.377e+10 (call #3365)
[PRECOND BLOCK NORMS] U: 2.331e+10, V: 2.354e+07, MU: 6.55e+08
[PRECOND BLOCK NORMS] PHI: 3.669e+09
[PRECOND BLOCK NORMS] W: 8.972e+04, THETA: 1.388e+06
[PRECOND TIMING] W-THETA coupled solve: 5 ms (3321 columns)
[PRECOND DEBUG] Output preconditioned ||M⁻¹r|| = 2.361e+10 (α₀=0, ratio=1, α_eff=0)
[PRECOND DEBUG] Ratio ||M⁻¹r|| / ||r|| = 0.9933
[PRECOND DEBUG] Input residual ||r|| = 2.158e+10 (call #3370)
[PRECOND BLOCK NORMS] U: 2.111e+10, V: 2.012e+07, MU: 5.938e+08
[PRECOND BLOCK NORMS] PHI: 3.329e+09
[PRECOND BLOCK NORMS] W: 1.037e+05, THETA: 7.428e+05
[PRECOND TIMING] W-THETA coupled solve: 6 ms (3321 columns)
[PRECOND DEBUG] Output preconditioned ||M⁻¹r|| = 2.138e+10 (α₀=0, ratio=1, α_eff=0)
[PRECOND DEBUG] Ratio ||M⁻¹r|| / ||r|| = 0.9904
[PRECOND DEBUG] Input residual ||r|| = 1.609e+10 (call #3375)
[PRECOND BLOCK NORMS] U: 1.575e+10, V: 2.096e+07, MU: 4.418e+08
[PRECOND BLOCK NORMS] PHI: 2.474e+09
[PRECOND BLOCK NORMS] W: 4.668e+04, THETA: 1.077e+06
[PRECOND TIMING] W-THETA coupled solve: 6 ms (3321 columns)
[PRECOND DEBUG] Output preconditioned ||M⁻¹r|| = 1.595e+10 (α₀=0, ratio=1, α_eff=0)
[PRECOND DEBUG] Ratio ||M⁻¹r|| / ||r|| = 0.9914
[PRECOND DEBUG] Input residual ||r|| = 1.234e+10 (call #3380)
[PRECOND BLOCK NORMS] U: 1.185e+10, V: 1.243e+07, MU: 3.339e+08
[PRECOND BLOCK NORMS] PHI: 1.87e+09
[PRECOND BLOCK NORMS] W: 3.438e+04, THETA: 6.283e+05
[PRECOND TIMING] W-THETA coupled solve: 5 ms (3321 columns)
[PRECOND DEBUG] Output preconditioned ||M⁻¹r|| = 1.2e+10 (α₀=0, ratio=1, α_eff=0)
[PRECOND DEBUG] Ratio ||M⁻¹r|| / ||r|| = 0.9722
[PRECOND DEBUG] Input residual ||r|| = 1.414e+10 (call #3385)
[PRECOND BLOCK NORMS] U: 1.37e+10, V: 1.394e+07, MU: 3.84e+08
[PRECOND BLOCK NORMS] PHI: 2.154e+09
[PRECOND BLOCK NORMS] W: 7.501e+04, THETA: 4.295e+05
[PRECOND TIMING] W-THETA coupled solve: 5 ms (3321 columns)
[PRECOND DEBUG] Output preconditioned ||M⁻¹r|| = 1.387e+10 (α₀=0, ratio=1, α_eff=0)
[PRECOND DEBUG] Ratio ||M⁻¹r|| / ||r|| = 0.9813
[GMRES] restart=1 j=47: hess_est=0.4095, true_err=0.4095
[GMRES BLOCK r/b] restart=1 j=47 ru=49.4649 rv=111.0872 rw=57.4797 ph=93.7263 t=43.2230 mu=10.6851
[FGMRES] NOT CONVERGED: ||x||=0.0000, ||r_true||=415.9937, ||b||=1039.3312, rel_error=0.4003, tol=0.0000, restarts=1, arnoldi=48 (block-scaled)
SDIRK3_FROZEN_AB_BLOCKS stage=3 arm=Msel j=48 ru_rho0=1 ru_rho=0.2596 rv_rho0=1 rv_rho=0.5866 rw_rho0=1 rw_rho=0.303 ph_rho0=1 ph_rho=0.4941 t_rho0=1 t_rho=0.2296 mu_rho0=1 mu_rho=0.4541
[GMRES BLOCK-SCALE] ru: ||r0||=466.6 → D_inv=0.002143
[GMRES BLOCK-SCALE] rv: ||r0||=463.9 → D_inv=0.002156
[GMRES BLOCK-SCALE] rw: ||r0||=464.6 → D_inv=0.002152
[GMRES BLOCK-SCALE] ph: ||r0||=464.6 → D_inv=0.002152
[GMRES BLOCK-SCALE] t: ||r0||=461 → D_inv=0.002169
[GMRES BLOCK-SCALE] mu: ||r0||=57.63 → D_inv=0.01735
[FGMRES] Z-basis memory budget: restart=48 x numel=1080491 => ~197.8 MiB per cycle
[GMRES] restart=1 j=47: hess_est=0.1587, true_err=0.1587
[GMRES BLOCK r/b] restart=1 j=47 ru=20.6383 rv=25.6390 rw=26.5863 ph=52.8862 t=16.1844 mu=3.0002
[FGMRES] NOT CONVERGED: ||x||=0.0000, ||r_true||=170.6909, ||b||=1039.3312, rel_error=0.1642, tol=0.0000, restarts=1, arnoldi=48 (block-scaled)
SDIRK3_FROZEN_AB_BLOCKS stage=3 arm=I j=48 ru_rho0=1 ru_rho=0.1083 rv_rho0=1 rv_rho=0.1354 rw_rho0=1 rw_rho=0.1402 ph_rho0=1 ph_rho=0.2788 t_rho0=1 t_rho=0.08598 mu_rho0=1 mu_rho=0.1275
[GMRES BLOCK-SCALE] ru: ||r0||=466.6 → D_inv=0.002143
[GMRES BLOCK-SCALE] rv: ||r0||=463.9 → D_inv=0.002156
[GMRES BLOCK-SCALE] rw: ||r0||=464.6 → D_inv=0.002152
[GMRES BLOCK-SCALE] ph: ||r0||=464.6 → D_inv=0.002152
[GMRES BLOCK-SCALE] t: ||r0||=461 → D_inv=0.002169
[GMRES BLOCK-SCALE] mu: ||r0||=57.63 → D_inv=0.01735
[FGMRES] Z-basis memory budget: restart=48 x numel=1080491 => ~197.8 MiB per cycle
[GMRES REORTH] j=1 before=2.28e+06 after1=4680 after2=4672 ratio=0.002053
[GMRES REORTH] j=2 before=2.859e+05 after1=1.377e+04 after2=1.377e+04 ratio=0.04816
[PRECOND DEBUG] Input residual ||r|| = 3.234e+09 (call #3390)
[PRECOND BLOCK NORMS] U: 3.143e+09, V: 1.106e+07, MU: 8.912e+07
[PRECOND BLOCK NORMS] PHI: 4.99e+08
[PRECOND BLOCK NORMS] W: 1.482e+04, THETA: 1.498e+05
[PRECOND TIMING] W-THETA coupled solve: 5 ms (3321 columns)
[PRECOND DEBUG] Output preconditioned ||M⁻¹r|| = 3.183e+09 (α₀=0, ratio=1, α_eff=0)
[PRECOND DEBUG] Ratio ||M⁻¹r|| / ||r|| = 0.9843
[PRECOND DEBUG] Input residual ||r|| = 1.158e+10 (call #3395)
[PRECOND BLOCK NORMS] U: 1.142e+10, V: 1.73e+07, MU: 3.205e+08
[PRECOND BLOCK NORMS] PHI: 1.794e+09
[PRECOND BLOCK NORMS] W: 6.194e+04, THETA: 7.272e+05
[PRECOND TIMING] W-THETA coupled solve: 5 ms (3321 columns)
[PRECOND DEBUG] Output preconditioned ||M⁻¹r|| = 1.156e+10 (α₀=0, ratio=1, α_eff=0)
[PRECOND DEBUG] Ratio ||M⁻¹r|| / ||r|| = 0.9987
[PRECOND DEBUG] Input residual ||r|| = 1.328e+10 (call #3400)
[PRECOND BLOCK NORMS] U: 1.31e+10, V: 1.382e+07, MU: 3.699e+08
[PRECOND BLOCK NORMS] PHI: 2.071e+09
[PRECOND BLOCK NORMS] W: 4.483e+04, THETA: 7.978e+05
[PRECOND TIMING] W-THETA coupled solve: 5 ms (3321 columns)
[PRECOND DEBUG] Output preconditioned ||M⁻¹r|| = 1.327e+10 (α₀=0, ratio=1, α_eff=0)
[PRECOND DEBUG] Ratio ||M⁻¹r|| / ||r|| = 0.9988
[PRECOND DEBUG] Input residual ||r|| = 2.706e+09 (call #3405)
[PRECOND BLOCK NORMS] U: 2.584e+09, V: 1.77e+07, MU: 7.16e+07
[PRECOND BLOCK NORMS] PHI: 4.015e+08
[PRECOND BLOCK NORMS] W: 5.934e+04, THETA: 1.24e+05
[PRECOND TIMING] W-THETA coupled solve: 6 ms (3321 columns)
[PRECOND DEBUG] Output preconditioned ||M⁻¹r|| = 2.616e+09 (α₀=0, ratio=1, α_eff=0)
[PRECOND DEBUG] Ratio ||M⁻¹r|| / ||r|| = 0.9667
[PRECOND DEBUG] Input residual ||r|| = 5.256e+09 (call #3410)
[PRECOND BLOCK NORMS] U: 5.14e+09, V: 1.719e+07, MU: 1.43e+08
[PRECOND BLOCK NORMS] PHI: 8.009e+08
[PRECOND BLOCK NORMS] W: 5.027e+04, THETA: 3.513e+05
[PRECOND TIMING] W-THETA coupled solve: 5 ms (3321 columns)
[PRECOND DEBUG] Output preconditioned ||M⁻¹r|| = 5.204e+09 (α₀=0, ratio=1, α_eff=0)
[PRECOND DEBUG] Ratio ||M⁻¹r|| / ||r|| = 0.9901
[PRECOND DEBUG] Input residual ||r|| = 3.528e+09 (call #3415)
[PRECOND BLOCK NORMS] U: 3.407e+09, V: 1.785e+07, MU: 9.259e+07
[PRECOND BLOCK NORMS] PHI: 5.192e+08
[PRECOND BLOCK NORMS] W: 7.018e+04, THETA: 2.26e+05
[PRECOND TIMING] W-THETA coupled solve: 6 ms (3321 columns)
[PRECOND DEBUG] Output preconditioned ||M⁻¹r|| = 3.447e+09 (α₀=0, ratio=1, α_eff=0)
[PRECOND DEBUG] Ratio ||M⁻¹r|| / ||r|| = 0.9771
[PRECOND DEBUG] Input residual ||r|| = 9.489e+09 (call #3420)
[PRECOND BLOCK NORMS] U: 9.334e+09, V: 1.778e+07, MU: 2.613e+08
[PRECOND BLOCK NORMS] PHI: 1.463e+09
[PRECOND BLOCK NORMS] W: 8.573e+04, THETA: 5.594e+05
[PRECOND TIMING] W-THETA coupled solve: 6 ms (3321 columns)
[PRECOND DEBUG] Output preconditioned ||M⁻¹r|| = 9.452e+09 (α₀=0, ratio=1, α_eff=0)
[PRECOND DEBUG] Ratio ||M⁻¹r|| / ||r|| = 0.996
[PRECOND DEBUG] Input residual ||r|| = 4.126e+09 (call #3425)
[PRECOND BLOCK NORMS] U: 3.976e+09, V: 1.768e+07, MU: 1.081e+08
[PRECOND BLOCK NORMS] PHI: 6.066e+08
[PRECOND BLOCK NORMS] W: 6.579e+04, THETA: 2.222e+05
[PRECOND TIMING] W-THETA coupled solve: 5 ms (3321 columns)
[PRECOND DEBUG] Output preconditioned ||M⁻¹r|| = 4.023e+09 (α₀=0, ratio=1, α_eff=0)
[PRECOND DEBUG] Ratio ||M⁻¹r|| / ||r|| = 0.975
[PRECOND DEBUG] Input residual ||r|| = 3.718e+09 (call #3430)
[PRECOND BLOCK NORMS] U: 3.613e+09, V: 1.518e+07, MU: 8.972e+07
[PRECOND BLOCK NORMS] PHI: 5.029e+08
[PRECOND BLOCK NORMS] W: 7.441e+04, THETA: 3.015e+05
[PRECOND TIMING] W-THETA coupled solve: 5 ms (3321 columns)
[PRECOND DEBUG] Output preconditioned ||M⁻¹r|| = 3.649e+09 (α₀=0, ratio=1, α_eff=0)
[PRECOND DEBUG] Ratio ||M⁻¹r|| / ||r|| = 0.9814
[GMRES] restart=1 j=47: hess_est=0.8953, true_err=0.8953
[GMRES BLOCK r/b] restart=1 j=47 ru=192.2488 rv=189.4812 rw=189.3733 ph=88.0732 t=190.0254 mu=17.5901
[FGMRES] NOT CONVERGED: ||x||=0.0001, ||r_true||=957.5475, ||b||=1039.3312, rel_error=0.9213, tol=0.0000, restarts=1, arnoldi=48 (block-scaled)
SDIRK3_FROZEN_AB_BLOCKS stage=3 arm=M j=48 ru_rho0=1 ru_rho=1.009 rv_rho0=1 rv_rho=1 rw_rho0=1 rw_rho=0.9983 ph_rho0=1 ph_rho=0.4643 t_rho0=1 t_rho=1.01 mu_rho0=1 mu_rho=0.7476
[GMRES BLOCK-SCALE] ru: ||r0||=466.6 → D_inv=0.002143
[GMRES BLOCK-SCALE] rv: ||r0||=463.9 → D_inv=0.002156
[GMRES BLOCK-SCALE] rw: ||r0||=464.6 → D_inv=0.002152
[GMRES BLOCK-SCALE] ph: ||r0||=464.6 → D_inv=0.002152
[GMRES BLOCK-SCALE] t: ||r0||=461 → D_inv=0.002169
[GMRES BLOCK-SCALE] mu: ||r0||=57.63 → D_inv=0.01735
[FGMRES] Z-basis memory budget: restart=32 x numel=1080491 => ~131.9 MiB per cycle
[PRECOND DEBUG] Input residual ||r|| = 5.559e+10 (call #3435)
[PRECOND BLOCK NORMS] U: 5.487e+10, V: 6.88e+07, MU: 1.54e+09
[PRECOND BLOCK NORMS] PHI: 8.619e+09
[PRECOND BLOCK NORMS] W: 8.766e+04, THETA: 3.692e+06
[PRECOND TIMING] W-THETA coupled solve: 6 ms (3321 columns)
[PRECOND DEBUG] Output preconditioned ||M⁻¹r|| = 5.557e+10 (α₀=0, ratio=1, α_eff=0)
[PRECOND DEBUG] Ratio ||M⁻¹r|| / ||r|| = 0.9996
[GMRES REORTH] j=2 before=2.936e+05 after1=1.896e+05 after2=1.896e+05 ratio=0.6457
[PRECOND DEBUG] Input residual ||r|| = 1.959e+10 (call #3440)
[PRECOND BLOCK NORMS] U: 1.919e+10, V: 1.934e+07, MU: 5.407e+08
[PRECOND BLOCK NORMS] PHI: 3.028e+09
[PRECOND BLOCK NORMS] W: 3.243e+04, THETA: 1.07e+06
[PRECOND TIMING] W-THETA coupled solve: 6 ms (3321 columns)
[PRECOND DEBUG] Output preconditioned ||M⁻¹r|| = 1.944e+10 (α₀=0, ratio=1, α_eff=0)
[PRECOND DEBUG] Ratio ||M⁻¹r|| / ||r|| = 0.9921
[PRECOND DEBUG] Input residual ||r|| = 2.592e+10 (call #3445)
[PRECOND BLOCK NORMS] U: 2.549e+10, V: 1.795e+07, MU: 7.189e+08
[PRECOND BLOCK NORMS] PHI: 4.025e+09
[PRECOND BLOCK NORMS] W: 5.622e+04, THETA: 1.488e+06
[PRECOND TIMING] W-THETA coupled solve: 5 ms (3321 columns)
[PRECOND DEBUG] Output preconditioned ||M⁻¹r|| = 2.581e+10 (α₀=0, ratio=1, α_eff=0)
[PRECOND DEBUG] Ratio ||M⁻¹r|| / ||r|| = 0.9958
[PRECOND DEBUG] Input residual ||r|| = 1.365e+10 (call #3450)
[PRECOND BLOCK NORMS] U: 1.308e+10, V: 1.257e+07, MU: 3.68e+08
[PRECOND BLOCK NORMS] PHI: 2.062e+09
[PRECOND BLOCK NORMS] W: 5.096e+04, THETA: 6.16e+05
[PRECOND TIMING] W-THETA coupled solve: 6 ms (3321 columns)
[PRECOND DEBUG] Output preconditioned ||M⁻¹r|| = 1.324e+10 (α₀=0, ratio=1, α_eff=0)
[PRECOND DEBUG] Ratio ||M⁻¹r|| / ||r|| = 0.9702
[PRECOND DEBUG] Input residual ||r|| = 1.952e+10 (call #3455)
[PRECOND BLOCK NORMS] U: 1.914e+10, V: 2.179e+07, MU: 5.366e+08
[PRECOND BLOCK NORMS] PHI: 3.007e+09
[PRECOND BLOCK NORMS] W: 8.533e+04, THETA: 1.12e+06
[PRECOND TIMING] W-THETA coupled solve: 6 ms (3321 columns)
[PRECOND DEBUG] Output preconditioned ||M⁻¹r|| = 1.938e+10 (α₀=0, ratio=1, α_eff=0)
[PRECOND DEBUG] Ratio ||M⁻¹r|| / ||r|| = 0.9931
[PRECOND DEBUG] Input residual ||r|| = 1.525e+10 (call #3460)
[PRECOND BLOCK NORMS] U: 1.483e+10, V: 1.397e+07, MU: 4.17e+08
[PRECOND BLOCK NORMS] PHI: 2.336e+09
[PRECOND BLOCK NORMS] W: 5.37e+04, THETA: 8.635e+05
[PRECOND TIMING] W-THETA coupled solve: 6 ms (3321 columns)
[PRECOND DEBUG] Output preconditioned ||M⁻¹r|| = 1.502e+10 (α₀=0, ratio=1, α_eff=0)
[PRECOND DEBUG] Ratio ||M⁻¹r|| / ||r|| = 0.9847
[PRECOND DEBUG] Input residual ||r|| = 1.526e+10 (call #3465)
[PRECOND BLOCK NORMS] U: 1.474e+10, V: 1.376e+07, MU: 4.16e+08
[PRECOND BLOCK NORMS] PHI: 2.329e+09
[PRECOND BLOCK NORMS] W: 3.799e+04, THETA: 7.736e+05
[PRECOND TIMING] W-THETA coupled solve: 5 ms (3321 columns)
[PRECOND DEBUG] Output preconditioned ||M⁻¹r|| = 1.493e+10 (α₀=0, ratio=1, α_eff=0)
[PRECOND DEBUG] Ratio ||M⁻¹r|| / ||r|| = 0.9782
[GMRES] restart=1 j=31: hess_est=0.4937, true_err=0.4937
[GMRES BLOCK r/b] restart=1 j=31 ru=69.5396 rv=129.4858 rw=73.9116 ph=117.3022 t=65.4565 mu=10.6997
[FGMRES] NOT CONVERGED: ||x||=0.0000, ||r_true||=520.7704, ||b||=1039.3312, rel_error=0.5011, tol=0.0000, restarts=1, arnoldi=32 (block-scaled)
[GMRES BLOCK-SCALE] ru: ||r0||=466.6 → D_inv=0.002143
[GMRES BLOCK-SCALE] rv: ||r0||=463.9 → D_inv=0.002156
[GMRES BLOCK-SCALE] rw: ||r0||=464.6 → D_inv=0.002152
[GMRES BLOCK-SCALE] ph: ||r0||=464.6 → D_inv=0.002152
[GMRES BLOCK-SCALE] t: ||r0||=461 → D_inv=0.002169
[GMRES BLOCK-SCALE] mu: ||r0||=57.63 → D_inv=0.01735
[FGMRES] Z-basis memory budget: restart=32 x numel=1080491 => ~131.9 MiB per cycle
[GMRES] restart=1 j=31: hess_est=0.1972, true_err=0.1972
[GMRES BLOCK r/b] restart=1 j=31 ru=23.8349 rv=29.1637 rw=28.0530 ph=68.8878 t=16.0552 mu=4.2754
[FGMRES] NOT CONVERGED: ||x||=0.0000, ||r_true||=208.1823, ||b||=1039.3312, rel_error=0.2003, tol=0.0000, restarts=1, arnoldi=32 (block-scaled)
[GMRES BLOCK-SCALE] ru: ||r0||=466.6 → D_inv=0.002143
[GMRES BLOCK-SCALE] rv: ||r0||=463.9 → D_inv=0.002156
[GMRES BLOCK-SCALE] rw: ||r0||=464.6 → D_inv=0.002152
[GMRES BLOCK-SCALE] ph: ||r0||=464.6 → D_inv=0.002152
[GMRES BLOCK-SCALE] t: ||r0||=461 → D_inv=0.002169
[GMRES BLOCK-SCALE] mu: ||r0||=57.63 → D_inv=0.01735
[FGMRES] Z-basis memory budget: restart=32 x numel=1080491 => ~131.9 MiB per cycle
[GMRES REORTH] j=1 before=2.28e+06 after1=4680 after2=4672 ratio=0.002053
[GMRES REORTH] j=2 before=2.859e+05 after1=1.377e+04 after2=1.377e+04 ratio=0.04816
[PRECOND DEBUG] Input residual ||r|| = 3.234e+09 (call #3470)
[PRECOND BLOCK NORMS] U: 3.143e+09, V: 1.106e+07, MU: 8.912e+07
[PRECOND BLOCK NORMS] PHI: 4.99e+08
[PRECOND BLOCK NORMS] W: 1.482e+04, THETA: 1.498e+05
[PRECOND TIMING] W-THETA coupled solve: 6 ms (3321 columns)
[PRECOND DEBUG] Output preconditioned ||M⁻¹r|| = 3.183e+09 (α₀=0, ratio=1, α_eff=0)
[PRECOND DEBUG] Ratio ||M⁻¹r|| / ||r|| = 0.9843
[PRECOND DEBUG] Input residual ||r|| = 1.158e+10 (call #3475)
[PRECOND BLOCK NORMS] U: 1.142e+10, V: 1.73e+07, MU: 3.205e+08
[PRECOND BLOCK NORMS] PHI: 1.794e+09
[PRECOND BLOCK NORMS] W: 6.194e+04, THETA: 7.272e+05
[PRECOND TIMING] W-THETA coupled solve: 6 ms (3321 columns)
[PRECOND DEBUG] Output preconditioned ||M⁻¹r|| = 1.156e+10 (α₀=0, ratio=1, α_eff=0)
[PRECOND DEBUG] Ratio ||M⁻¹r|| / ||r|| = 0.9987
[PRECOND DEBUG] Input residual ||r|| = 1.328e+10 (call #3480)
[PRECOND BLOCK NORMS] U: 1.31e+10, V: 1.382e+07, MU: 3.699e+08
[PRECOND BLOCK NORMS] PHI: 2.071e+09
[PRECOND BLOCK NORMS] W: 4.483e+04, THETA: 7.978e+05
[PRECOND TIMING] W-THETA coupled solve: 6 ms (3321 columns)
[PRECOND DEBUG] Output preconditioned ||M⁻¹r|| = 1.327e+10 (α₀=0, ratio=1, α_eff=0)
[PRECOND DEBUG] Ratio ||M⁻¹r|| / ||r|| = 0.9988
[PRECOND DEBUG] Input residual ||r|| = 2.706e+09 (call #3485)
[PRECOND BLOCK NORMS] U: 2.584e+09, V: 1.77e+07, MU: 7.16e+07
[PRECOND BLOCK NORMS] PHI: 4.015e+08
[PRECOND BLOCK NORMS] W: 5.934e+04, THETA: 1.24e+05
[PRECOND TIMING] W-THETA coupled solve: 6 ms (3321 columns)
[PRECOND DEBUG] Output preconditioned ||M⁻¹r|| = 2.616e+09 (α₀=0, ratio=1, α_eff=0)
[PRECOND DEBUG] Ratio ||M⁻¹r|| / ||r|| = 0.9667
[PRECOND DEBUG] Input residual ||r|| = 5.256e+09 (call #3490)
[PRECOND BLOCK NORMS] U: 5.14e+09, V: 1.719e+07, MU: 1.43e+08
[PRECOND BLOCK NORMS] PHI: 8.009e+08
[PRECOND BLOCK NORMS] W: 5.027e+04, THETA: 3.513e+05
[PRECOND TIMING] W-THETA coupled solve: 5 ms (3321 columns)
[PRECOND DEBUG] Output preconditioned ||M⁻¹r|| = 5.204e+09 (α₀=0, ratio=1, α_eff=0)
[PRECOND DEBUG] Ratio ||M⁻¹r|| / ||r|| = 0.9901
[PRECOND DEBUG] Input residual ||r|| = 3.528e+09 (call #3495)
[PRECOND BLOCK NORMS] U: 3.407e+09, V: 1.785e+07, MU: 9.259e+07
[PRECOND BLOCK NORMS] PHI: 5.192e+08
[PRECOND BLOCK NORMS] W: 7.018e+04, THETA: 2.26e+05
[PRECOND TIMING] W-THETA coupled solve: 6 ms (3321 columns)
[PRECOND DEBUG] Output preconditioned ||M⁻¹r|| = 3.447e+09 (α₀=0, ratio=1, α_eff=0)
[PRECOND DEBUG] Ratio ||M⁻¹r|| / ||r|| = 0.9771
[GMRES] restart=1 j=31: hess_est=0.9049, true_err=0.9049
[GMRES BLOCK r/b] restart=1 j=31 ru=191.5538 rv=188.3856 rw=189.4815 ph=81.6528 t=189.1613 mu=19.9617
[FGMRES] NOT CONVERGED: ||x||=0.0000, ||r_true||=951.3655, ||b||=1039.3312, rel_error=0.9154, tol=0.0000, restarts=1, arnoldi=32 (block-scaled)
[GMRES BLOCK-SCALE] ru: ||r0||=466.6 → D_inv=0.002143
[GMRES BLOCK-SCALE] rv: ||r0||=463.9 → D_inv=0.002156
[GMRES BLOCK-SCALE] rw: ||r0||=464.6 → D_inv=0.002152
[GMRES BLOCK-SCALE] ph: ||r0||=464.6 → D_inv=0.002152
[GMRES BLOCK-SCALE] t: ||r0||=461 → D_inv=0.002169
[GMRES BLOCK-SCALE] mu: ||r0||=57.63 → D_inv=0.01735
[FGMRES] Z-basis memory budget: restart=16 x numel=1080491 => ~65.95 MiB per cycle
[PRECOND DEBUG] Input residual ||r|| = 1.746e+10 (call #3500)
[PRECOND BLOCK NORMS] U: 1.699e+10, V: 7.321e+06, MU: 4.823e+08
[PRECOND BLOCK NORMS] PHI: 2.701e+09
[PRECOND BLOCK NORMS] W: 2.428e+04, THETA: 9.361e+05
[PRECOND TIMING] W-THETA coupled solve: 6 ms (3321 columns)
[PRECOND DEBUG] Output preconditioned ||M⁻¹r|| = 1.721e+10 (α₀=0, ratio=1, α_eff=0)
[PRECOND DEBUG] Ratio ||M⁻¹r|| / ||r|| = 0.9859
[GMRES REORTH] j=2 before=2.936e+05 after1=1.896e+05 after2=1.896e+05 ratio=0.6457
[PRECOND DEBUG] Input residual ||r|| = 3.344e+10 (call #3505)
[PRECOND BLOCK NORMS] U: 3.296e+10, V: 2.411e+07, MU: 9.295e+08
[PRECOND BLOCK NORMS] PHI: 5.204e+09
[PRECOND BLOCK NORMS] W: 5.693e+04, THETA: 2.023e+06
[PRECOND TIMING] W-THETA coupled solve: 6 ms (3321 columns)
[PRECOND DEBUG] Output preconditioned ||M⁻¹r|| = 3.338e+10 (α₀=0, ratio=1, α_eff=0)
[PRECOND DEBUG] Ratio ||M⁻¹r|| / ||r|| = 0.998
[PRECOND DEBUG] Input residual ||r|| = 1.839e+10 (call #3510)
[PRECOND BLOCK NORMS] U: 1.803e+10, V: 2.787e+07, MU: 5.053e+08
[PRECOND BLOCK NORMS] PHI: 2.83e+09
[PRECOND BLOCK NORMS] W: 4.892e+04, THETA: 1.03e+06
[PRECOND TIMING] W-THETA coupled solve: 6 ms (3321 columns)
[PRECOND DEBUG] Output preconditioned ||M⁻¹r|| = 1.826e+10 (α₀=0, ratio=1, α_eff=0)
[PRECOND DEBUG] Ratio ||M⁻¹r|| / ||r|| = 0.9927
[GMRES] restart=1 j=15: hess_est=0.6593, true_err=0.6594
[GMRES BLOCK r/b] restart=1 j=15 ru=119.0069 rv=162.1015 rw=121.2069 ph=99.2678 t=117.8751 mu=15.0974
[FGMRES] NOT CONVERGED: ||x||=0.0000, ||r_true||=688.7545, ||b||=1039.3312, rel_error=0.6627, tol=0.0000, restarts=1, arnoldi=16 (block-scaled)
[GMRES BLOCK-SCALE] ru: ||r0||=466.6 → D_inv=0.002143
[GMRES BLOCK-SCALE] rv: ||r0||=463.9 → D_inv=0.002156
[GMRES BLOCK-SCALE] rw: ||r0||=464.6 → D_inv=0.002152
[GMRES BLOCK-SCALE] ph: ||r0||=464.6 → D_inv=0.002152
[GMRES BLOCK-SCALE] t: ||r0||=461 → D_inv=0.002169
[GMRES BLOCK-SCALE] mu: ||r0||=57.63 → D_inv=0.01735
[FGMRES] Z-basis memory budget: restart=16 x numel=1080491 => ~65.95 MiB per cycle
[GMRES] restart=1 j=15: hess_est=0.2601, true_err=0.2601
[GMRES BLOCK r/b] restart=1 j=15 ru=39.7534 rv=43.4608 rw=40.1083 ph=80.6252 t=31.0442 mu=5.6273
[FGMRES] NOT CONVERGED: ||x||=0.0000, ||r_true||=274.5848, ||b||=1039.3312, rel_error=0.2642, tol=0.0000, restarts=1, arnoldi=16 (block-scaled)
[GMRES BLOCK-SCALE] ru: ||r0||=466.6 → D_inv=0.002143
[GMRES BLOCK-SCALE] rv: ||r0||=463.9 → D_inv=0.002156
[GMRES BLOCK-SCALE] rw: ||r0||=464.6 → D_inv=0.002152
[GMRES BLOCK-SCALE] ph: ||r0||=464.6 → D_inv=0.002152
[GMRES BLOCK-SCALE] t: ||r0||=461 → D_inv=0.002169
[GMRES BLOCK-SCALE] mu: ||r0||=57.63 → D_inv=0.01735
[FGMRES] Z-basis memory budget: restart=16 x numel=1080491 => ~65.95 MiB per cycle
[PRECOND DEBUG] Input residual ||r|| = 8.486e+10 (call #3515)
[PRECOND BLOCK NORMS] U: 8.383e+10, V: 6.65e+07, MU: 2.363e+09
[PRECOND BLOCK NORMS] PHI: 1.323e+10
[PRECOND BLOCK NORMS] W: 1.283e+05, THETA: 5.314e+06
[PRECOND TIMING] W-THETA coupled solve: 5 ms (3321 columns)
[PRECOND DEBUG] Output preconditioned ||M⁻¹r|| = 8.49e+10 (α₀=0, ratio=1, α_eff=0)
[PRECOND DEBUG] Ratio ||M⁻¹r|| / ||r|| = 1
[GMRES REORTH] j=1 before=2.28e+06 after1=4680 after2=4672 ratio=0.002053
[GMRES REORTH] j=2 before=2.859e+05 after1=1.377e+04 after2=1.377e+04 ratio=0.04816
[PRECOND DEBUG] Input residual ||r|| = 1.714e+10 (call #3520)
[PRECOND BLOCK NORMS] U: 1.692e+10, V: 1.835e+07, MU: 4.765e+08
[PRECOND BLOCK NORMS] PHI: 2.668e+09
[PRECOND BLOCK NORMS] W: 2.825e+04, THETA: 1.085e+06
[PRECOND TIMING] W-THETA coupled solve: 5 ms (3321 columns)
[PRECOND DEBUG] Output preconditioned ||M⁻¹r|| = 1.714e+10 (α₀=0, ratio=1, α_eff=0)
[PRECOND DEBUG] Ratio ||M⁻¹r|| / ||r|| = 0.9999
[PRECOND DEBUG] Input residual ||r|| = 8.957e+09 (call #3525)
[PRECOND BLOCK NORMS] U: 8.818e+09, V: 1.176e+07, MU: 2.489e+08
[PRECOND BLOCK NORMS] PHI: 1.394e+09
[PRECOND BLOCK NORMS] W: 4.594e+04, THETA: 5.437e+05
[PRECOND TIMING] W-THETA coupled solve: 5 ms (3321 columns)
[PRECOND DEBUG] Output preconditioned ||M⁻¹r|| = 8.93e+09 (α₀=0, ratio=1, α_eff=0)
[PRECOND DEBUG] Ratio ||M⁻¹r|| / ||r|| = 0.997
[GMRES] restart=1 j=15: hess_est=0.9159, true_err=0.9159
[GMRES BLOCK r/b] restart=1 j=15 ru=190.9307 rv=188.2366 rw=189.6109 ph=77.7161 t=188.6351 mu=21.9460
[FGMRES] NOT CONVERGED: ||x||=0.0000, ||r_true||=948.2173, ||b||=1039.3312, rel_error=0.9123, tol=0.0000, restarts=1, arnoldi=16 (block-scaled)
[GMRES BLOCK-SCALE] ru: ||r0||=466.6 → D_inv=0.002143
[GMRES BLOCK-SCALE] rv: ||r0||=463.9 → D_inv=0.002156
[GMRES BLOCK-SCALE] rw: ||r0||=464.6 → D_inv=0.002152
[GMRES BLOCK-SCALE] ph: ||r0||=464.6 → D_inv=0.002152
[GMRES BLOCK-SCALE] t: ||r0||=461 → D_inv=0.002169
[GMRES BLOCK-SCALE] mu: ||r0||=57.63 → D_inv=0.01735
[FGMRES] Z-basis memory budget: restart=8 x numel=1080491 => ~32.97 MiB per cycle
[PRECOND DEBUG] Input residual ||r|| = 2.098e+11 (call #3530)
[PRECOND BLOCK NORMS] U: 2.072e+11, V: 1.616e+08, MU: 5.841e+09
[PRECOND BLOCK NORMS] PHI: 3.27e+10
[PRECOND BLOCK NORMS] W: 3.177e+05, THETA: 1.312e+07
[PRECOND TIMING] W-THETA coupled solve: 5 ms (3321 columns)
[PRECOND DEBUG] Output preconditioned ||M⁻¹r|| = 2.099e+11 (α₀=0, ratio=1, α_eff=0)
[PRECOND DEBUG] Ratio ||M⁻¹r|| / ||r|| = 1
[GMRES REORTH] j=2 before=2.936e+05 after1=1.896e+05 after2=1.896e+05 ratio=0.6457
[PRECOND DEBUG] Input residual ||r|| = 4.878e+10 (call #3535)
[PRECOND BLOCK NORMS] U: 4.806e+10, V: 3.738e+07, MU: 1.356e+09
[PRECOND BLOCK NORMS] PHI: 7.592e+09
[PRECOND BLOCK NORMS] W: 7.604e+04, THETA: 2.821e+06
[PRECOND TIMING] W-THETA coupled solve: 5 ms (3321 columns)
[PRECOND DEBUG] Output preconditioned ||M⁻¹r|| = 4.867e+10 (α₀=0, ratio=1, α_eff=0)
[PRECOND DEBUG] Ratio ||M⁻¹r|| / ||r|| = 0.9978
[GMRES] restart=1 j=7: hess_est=0.7604, true_err=0.7604
[GMRES BLOCK r/b] restart=1 j=7 ru=154.8752 rv=176.2358 rw=153.9175 ph=98.3307 t=151.8539 mu=14.2176
[FGMRES] NOT CONVERGED: ||x||=0.0000, ||r_true||=818.2970, ||b||=1039.3312, rel_error=0.7873, tol=0.0000, restarts=1, arnoldi=8 (block-scaled)
SDIRK3_FROZEN_AB_BLOCKS stage=3 arm=Msel j=8 ru_rho0=1 ru_rho=0.8129 rv_rho0=1 rv_rho=0.9305 rw_rho0=1 rw_rho=0.8114 ph_rho0=1 ph_rho=0.5184 t_rho0=1 t_rho=0.8067 mu_rho0=1 mu_rho=0.6042
[GMRES BLOCK-SCALE] ru: ||r0||=466.6 → D_inv=0.002143
[GMRES BLOCK-SCALE] rv: ||r0||=463.9 → D_inv=0.002156
[GMRES BLOCK-SCALE] rw: ||r0||=464.6 → D_inv=0.002152
[GMRES BLOCK-SCALE] ph: ||r0||=464.6 → D_inv=0.002152
[GMRES BLOCK-SCALE] t: ||r0||=461 → D_inv=0.002169
[GMRES BLOCK-SCALE] mu: ||r0||=57.63 → D_inv=0.01735
[FGMRES] Z-basis memory budget: restart=8 x numel=1080491 => ~32.97 MiB per cycle
[GMRES] restart=1 j=7: hess_est=0.4150, true_err=0.4150
[GMRES BLOCK r/b] restart=1 j=7 ru=42.6078 rv=45.3248 rw=41.1706 ph=129.2930 t=31.8452 mu=14.6136
[FGMRES] NOT CONVERGED: ||x||=0.0000, ||r_true||=375.4666, ||b||=1039.3312, rel_error=0.3613, tol=0.0000, restarts=1, arnoldi=8 (block-scaled)
SDIRK3_FROZEN_AB_BLOCKS stage=3 arm=I j=8 ru_rho0=1 ru_rho=0.2236 rv_rho0=1 rv_rho=0.2393 rw_rho0=1 rw_rho=0.217 ph_rho0=1 ph_rho=0.6816 t_rho0=1 t_rho=0.1692 mu_rho0=1 mu_rho=0.6211
[GMRES BLOCK-SCALE] ru: ||r0||=466.6 → D_inv=0.002143
[GMRES BLOCK-SCALE] rv: ||r0||=463.9 → D_inv=0.002156
[GMRES BLOCK-SCALE] rw: ||r0||=464.6 → D_inv=0.002152
[GMRES BLOCK-SCALE] ph: ||r0||=464.6 → D_inv=0.002152
[GMRES BLOCK-SCALE] t: ||r0||=461 → D_inv=0.002169
[GMRES BLOCK-SCALE] mu: ||r0||=57.63 → D_inv=0.01735
[FGMRES] Z-basis memory budget: restart=8 x numel=1080491 => ~32.97 MiB per cycle
[GMRES REORTH] j=1 before=2.28e+06 after1=4680 after2=4672 ratio=0.002053
[PRECOND DEBUG] Input residual ||r|| = 1.085e+10 (call #3540)
[PRECOND BLOCK NORMS] U: 1.071e+10, V: 4.697e+06, MU: 3.042e+08
[PRECOND BLOCK NORMS] PHI: 1.703e+09
[PRECOND BLOCK NORMS] W: 1.5e+04, THETA: 6.247e+05
[PRECOND TIMING] W-THETA coupled solve: 5 ms (3321 columns)
[PRECOND DEBUG] Output preconditioned ||M⁻¹r|| = 1.085e+10 (α₀=0, ratio=1, α_eff=0)
[PRECOND DEBUG] Ratio ||M⁻¹r|| / ||r|| = 0.9994
[GMRES REORTH] j=2 before=2.859e+05 after1=1.377e+04 after2=1.377e+04 ratio=0.04816
[PRECOND DEBUG] Input residual ||r|| = 1.349e+10 (call #3545)
[PRECOND BLOCK NORMS] U: 1.331e+10, V: 1.674e+07, MU: 3.763e+08
[PRECOND BLOCK NORMS] PHI: 2.107e+09
[PRECOND BLOCK NORMS] W: 3.057e+04, THETA: 7.929e+05
[PRECOND TIMING] W-THETA coupled solve: 5 ms (3321 columns)
[PRECOND DEBUG] Output preconditioned ||M⁻¹r|| = 1.348e+10 (α₀=0, ratio=1, α_eff=0)
[PRECOND DEBUG] Ratio ||M⁻¹r|| / ||r|| = 0.9995
[GMRES] restart=1 j=7: hess_est=0.9237, true_err=0.9237
[GMRES BLOCK r/b] restart=1 j=7 ru=190.9893 rv=189.2125 rw=189.6511 ph=90.7293 t=188.6668 mu=22.1151
[FGMRES] NOT CONVERGED: ||x||=0.0000, ||r_true||=956.4571, ||b||=1039.3312, rel_error=0.9203, tol=0.0000, restarts=1, arnoldi=8 (block-scaled)
SDIRK3_FROZEN_AB_BLOCKS stage=3 arm=M j=8 ru_rho0=1 ru_rho=1.002 rv_rho0=1 rv_rho=0.999 rw_rho0=1 rw_rho=0.9997 ph_rho0=1 ph_rho=0.4783 t_rho0=1 t_rho=1.002 mu_rho0=1 mu_rho=0.9399
[GMRES BLOCK-SCALE] ru: ||r0||=466.6 → D_inv=0.002143
[GMRES BLOCK-SCALE] rv: ||r0||=463.9 → D_inv=0.002156
[GMRES BLOCK-SCALE] rw: ||r0||=464.6 → D_inv=0.002152
[GMRES BLOCK-SCALE] ph: ||r0||=464.6 → D_inv=0.002152
[GMRES BLOCK-SCALE] t: ||r0||=461 → D_inv=0.002169
[GMRES BLOCK-SCALE] mu: ||r0||=57.63 → D_inv=0.01735
[FGMRES] Z-basis memory budget: restart=4 x numel=1080491 => ~16.49 MiB per cycle
[GMRES REORTH] j=2 before=2.936e+05 after1=1.896e+05 after2=1.896e+05 ratio=0.6457
[GMRES] restart=1 j=3: hess_est=0.7980, true_err=0.7981
[GMRES BLOCK r/b] restart=1 j=3 ru=166.9268 rv=184.9966 rw=165.1322 ph=103.3620 t=163.3272 mu=12.7246
[FGMRES] NOT CONVERGED: ||x||=0.0000, ||r_true||=872.2552, ||b||=1039.3312, rel_error=0.8392, tol=0.0000, restarts=1, arnoldi=4 (block-scaled)
[GMRES BLOCK-SCALE] ru: ||r0||=466.6 → D_inv=0.002143
[GMRES BLOCK-SCALE] rv: ||r0||=463.9 → D_inv=0.002156
[GMRES BLOCK-SCALE] rw: ||r0||=464.6 → D_inv=0.002152
[GMRES BLOCK-SCALE] ph: ||r0||=464.6 → D_inv=0.002152
[GMRES BLOCK-SCALE] t: ||r0||=461 → D_inv=0.002169
[GMRES BLOCK-SCALE] mu: ||r0||=57.63 → D_inv=0.01735
[FGMRES] Z-basis memory budget: restart=4 x numel=1080491 => ~16.49 MiB per cycle
[GMRES] restart=1 j=3: hess_est=0.5414, true_err=0.5414
[GMRES BLOCK r/b] restart=1 j=3 ru=59.8507 rv=61.7930 rw=56.3948 ph=157.0912 t=49.9249 mu=19.8067
[FGMRES] NOT CONVERGED: ||x||=0.0000, ||r_true||=478.2667, ||b||=1039.3312, rel_error=0.4602, tol=0.0000, restarts=1, arnoldi=4 (block-scaled)
[GMRES BLOCK-SCALE] ru: ||r0||=466.6 → D_inv=0.002143
[GMRES BLOCK-SCALE] rv: ||r0||=463.9 → D_inv=0.002156
[GMRES BLOCK-SCALE] rw: ||r0||=464.6 → D_inv=0.002152
[GMRES BLOCK-SCALE] ph: ||r0||=464.6 → D_inv=0.002152
[GMRES BLOCK-SCALE] t: ||r0||=461 → D_inv=0.002169
[GMRES BLOCK-SCALE] mu: ||r0||=57.63 → D_inv=0.01735
[FGMRES] Z-basis memory budget: restart=4 x numel=1080491 => ~16.49 MiB per cycle
[PRECOND DEBUG] Input residual ||r|| = 2.098e+11 (call #3550)
[PRECOND BLOCK NORMS] U: 2.072e+11, V: 1.616e+08, MU: 5.841e+09
[PRECOND BLOCK NORMS] PHI: 3.27e+10
[PRECOND BLOCK NORMS] W: 3.177e+05, THETA: 1.312e+07
[PRECOND TIMING] W-THETA coupled solve: 5 ms (3321 columns)
[PRECOND DEBUG] Output preconditioned ||M⁻¹r|| = 2.099e+11 (α₀=0, ratio=1, α_eff=0)
[PRECOND DEBUG] Ratio ||M⁻¹r|| / ||r|| = 1
[GMRES REORTH] j=1 before=2.28e+06 after1=4680 after2=4672 ratio=0.002053
[GMRES REORTH] j=2 before=2.859e+05 after1=1.377e+04 after2=1.377e+04 ratio=0.04816
[GMRES] restart=1 j=3: hess_est=0.9283, true_err=0.9283
[GMRES BLOCK r/b] restart=1 j=3 ru=190.9953 rv=189.5345 rw=189.6964 ph=100.4511 t=188.7039 mu=22.0538
[FGMRES] NOT CONVERGED: ||x||=0.0000, ||r_true||=962.7546, ||b||=1039.3312, rel_error=0.9263, tol=0.0000, restarts=1, arnoldi=4 (block-scaled)
SDIRK3_FROZEN_AB_SYSTEM stage=3 newton_iter=0 global_timestep=1 solver_id=2 rank=-1 ab_valid=0 ab_reason=identity_below_noise_floor b_digest=-7.495e+11 x0_digest=0 ab_evidence=b_x0_single_object_digest_rechecked_per_arm/shared_operator_and_preconditioner_fingerprinted operator_state_unchanged=1 precond_state_unchanged=1 counters_restored=1 pc_event_moved=0 shared_preconditioner_instance=1 fresh_wrapper_per_arm=1 b_digests_agree=1 x0_digests_agree=1 b_norm=1039 rho0_S=1 rho0_phys=1 rho0_D=1 refinement_passes=1 metric=rho_S_unweighted tolerance_exit_disabled=1 early_stop_disabled=1 jvp_fd_fallback_free=1 operator_linear=1 e_repeat=0 e_homogeneity=1.153e-06 e_additivity=8.306e-07 identity_frac_rand=5.42e-08 identity_frac_rhs_dir=1.819e-08 rhs_dir_is_first_arnoldi=1 e_hom_rhs_dir=1.552e-07 identity_resolution_rand=21.28 identity_resolution_rhs_dir=8.531 identity_resolved_rhs_dir=0 precond_linear=1 eM_homogeneity=1.165e-07 eM_additivity=9.867e-08 metric_phys=rho_phys_S_weighted metric_D=rho_D_fgmres_objective probe_noninterfering=1 halo_floor_delta=6.445e-05 worst_order_delta=0 worst_order_metric=none d_same_across_rows=1 d_all_valid=1 discrete_order_invariant=1 msel_valid=0 msel_reason=identity_below_noise_floor order_pairs_compared=21  (NOT attributable -- rows below are raw numbers and NO comparison between the arms may be drawn from them)
SDIRK3_FROZEN_AB stage=3 pass=MI arm=M j=4 rho_S=0.9264 rho_phys=1.003 rho_D=0.9283 A_applies=5 d_weighted=1 msel_engaged=0 rel_reported=0.9263 iters=4 termination=8 ab_valid=0
SDIRK3_FROZEN_AB stage=3 pass=MI arm=I j=4 rho_S=0.4602 rho_phys=0.3142 rho_D=0.5413 A_applies=5 d_weighted=1 msel_engaged=0 rel_reported=0.4602 iters=4 termination=8 ab_valid=0
SDIRK3_FROZEN_AB stage=3 pass=MI arm=Msel j=4 rho_S=0.8393 rho_phys=0.8762 rho_D=0.7981 A_applies=5 d_weighted=1 msel_engaged=1 rel_reported=0.8392 iters=4 termination=8 ab_valid=0
SDIRK3_FROZEN_AB stage=3 pass=MI arm=M j=8 rho_S=0.9203 rho_phys=1.002 rho_D=0.9237 A_applies=9 d_weighted=1 msel_engaged=0 rel_reported=0.9203 iters=8 termination=8 ab_valid=0
SDIRK3_FROZEN_AB stage=3 pass=MI arm=I j=8 rho_S=0.3613 rho_phys=0.2236 rho_D=0.415 A_applies=9 d_weighted=1 msel_engaged=0 rel_reported=0.3613 iters=8 termination=8 ab_valid=0
SDIRK3_FROZEN_AB stage=3 pass=MI arm=Msel j=8 rho_S=0.7874 rho_phys=0.8129 rho_D=0.7604 A_applies=9 d_weighted=1 msel_engaged=1 rel_reported=0.7873 iters=8 termination=8 ab_valid=0
SDIRK3_FROZEN_AB stage=3 pass=MI arm=M j=16 rho_S=0.9124 rho_phys=1.002 rho_D=0.9159 A_applies=17 d_weighted=1 msel_engaged=0 rel_reported=0.9123 iters=16 termination=8 ab_valid=0
SDIRK3_FROZEN_AB stage=3 pass=MI arm=I j=16 rho_S=0.2642 rho_phys=0.2087 rho_D=0.2601 A_applies=17 d_weighted=1 msel_engaged=0 rel_reported=0.2642 iters=16 termination=8 ab_valid=0
SDIRK3_FROZEN_AB stage=3 pass=MI arm=Msel j=16 rho_S=0.6627 rho_phys=0.6247 rho_D=0.6594 A_applies=17 d_weighted=1 msel_engaged=1 rel_reported=0.6627 iters=16 termination=8 ab_valid=0
SDIRK3_FROZEN_AB stage=3 pass=MI arm=M j=32 rho_S=0.9154 rho_phys=1.005 rho_D=0.9049 A_applies=33 d_weighted=1 msel_engaged=0 rel_reported=0.9154 iters=32 termination=8 ab_valid=0
SDIRK3_FROZEN_AB stage=3 pass=MI arm=I j=32 rho_S=0.2003 rho_phys=0.1251 rho_D=0.1972 A_applies=33 d_weighted=1 msel_engaged=0 rel_reported=0.2003 iters=32 termination=8 ab_valid=0
SDIRK3_FROZEN_AB stage=3 pass=MI arm=Msel j=32 rho_S=0.5011 rho_phys=0.365 rho_D=0.4937 A_applies=33 d_weighted=1 msel_engaged=1 rel_reported=0.5011 iters=32 termination=8 ab_valid=0
SDIRK3_FROZEN_AB stage=3 pass=MI arm=M j=48 rho_S=0.9213 rho_phys=1.009 rho_D=0.8953 A_applies=49 d_weighted=1 msel_engaged=0 rel_reported=0.9213 iters=48 termination=8 ab_valid=0
SDIRK3_FROZEN_AB stage=3 pass=MI arm=I j=48 rho_S=0.1642 rho_phys=0.1083 rho_D=0.1587 A_applies=49 d_weighted=1 msel_engaged=0 rel_reported=0.1642 iters=48 termination=8 ab_valid=0
SDIRK3_FROZEN_AB stage=3 pass=MI arm=Msel j=48 rho_S=0.4003 rho_phys=0.2596 rho_D=0.4095 A_applies=49 d_weighted=1 msel_engaged=1 rel_reported=0.4003 iters=48 termination=8 ab_valid=0
SDIRK3_FROZEN_AB stage=3 pass=MI arm=M j=96 rho_S=0.9186 rho_phys=1.013 rho_D=0.877 A_applies=97 d_weighted=1 msel_engaged=0 rel_reported=0.9186 iters=96 termination=8 ab_valid=0
SDIRK3_FROZEN_AB stage=3 pass=MI arm=I j=96 rho_S=0.123 rho_phys=0.05952 rho_D=0.1155 A_applies=97 d_weighted=1 msel_engaged=0 rel_reported=0.123 iters=96 termination=8 ab_valid=0
SDIRK3_FROZEN_AB stage=3 pass=MI arm=Msel j=96 rho_S=0.2454 rho_phys=0.1174 rho_D=0.2346 A_applies=97 d_weighted=1 msel_engaged=1 rel_reported=0.2454 iters=96 termination=8 ab_valid=0
SDIRK3_FROZEN_AB stage=3 pass=MI arm=M j=192 rho_S=0.8784 rho_phys=1.006 rho_D=0.8254 A_applies=193 d_weighted=1 msel_engaged=0 rel_reported=0.8784 iters=192 termination=8 ab_valid=0
SDIRK3_FROZEN_AB stage=3 pass=MI arm=I j=192 rho_S=0.08757 rho_phys=0.03844 rho_D=0.0815 A_applies=193 d_weighted=1 msel_engaged=0 rel_reported=0.08758 iters=192 termination=8 ab_valid=0
SDIRK3_FROZEN_AB stage=3 pass=MI arm=Msel j=192 rho_S=0.1722 rho_phys=0.08057 rho_D=0.162 A_applies=193 d_weighted=1 msel_engaged=1 rel_reported=0.1722 iters=192 termination=8 ab_valid=0
SDIRK3_FROZEN_AB stage=3 pass=IM arm=Msel j=192 rho_S=0.1722 rho_phys=0.08057 rho_D=0.162 A_applies=193 d_weighted=1 msel_engaged=1 rel_reported=0.1722 iters=192 termination=8 ab_valid=0
SDIRK3_FROZEN_AB stage=3 pass=IM arm=I j=192 rho_S=0.08757 rho_phys=0.03844 rho_D=0.0815 A_applies=193 d_weighted=1 msel_engaged=0 rel_reported=0.08758 iters=192 termination=8 ab_valid=0
SDIRK3_FROZEN_AB stage=3 pass=IM arm=M j=192 rho_S=0.8784 rho_phys=1.006 rho_D=0.8254 A_applies=193 d_weighted=1 msel_engaged=0 rel_reported=0.8784 iters=192 termination=8 ab_valid=0
SDIRK3_FROZEN_AB stage=3 pass=IM arm=Msel j=96 rho_S=0.2454 rho_phys=0.1174 rho_D=0.2346 A_applies=97 d_weighted=1 msel_engaged=1 rel_reported=0.2454 iters=96 termination=8 ab_valid=0
SDIRK3_FROZEN_AB stage=3 pass=IM arm=I j=96 rho_S=0.123 rho_phys=0.05952 rho_D=0.1155 A_applies=97 d_weighted=1 msel_engaged=0 rel_reported=0.123 iters=96 termination=8 ab_valid=0
SDIRK3_FROZEN_AB stage=3 pass=IM arm=M j=96 rho_S=0.9186 rho_phys=1.013 rho_D=0.877 A_applies=97 d_weighted=1 msel_engaged=0 rel_reported=0.9186 iters=96 termination=8 ab_valid=0
SDIRK3_FROZEN_AB stage=3 pass=IM arm=Msel j=48 rho_S=0.4003 rho_phys=0.2596 rho_D=0.4095 A_applies=49 d_weighted=1 msel_engaged=1 rel_reported=0.4003 iters=48 termination=8 ab_valid=0
SDIRK3_FROZEN_AB stage=3 pass=IM arm=I j=48 rho_S=0.1642 rho_phys=0.1083 rho_D=0.1587 A_applies=49 d_weighted=1 msel_engaged=0 rel_reported=0.1642 iters=48 termination=8 ab_valid=0
SDIRK3_FROZEN_AB stage=3 pass=IM arm=M j=48 rho_S=0.9213 rho_phys=1.009 rho_D=0.8953 A_applies=49 d_weighted=1 msel_engaged=0 rel_reported=0.9213 iters=48 termination=8 ab_valid=0
SDIRK3_FROZEN_AB stage=3 pass=IM arm=Msel j=32 rho_S=0.5011 rho_phys=0.365 rho_D=0.4937 A_applies=33 d_weighted=1 msel_engaged=1 rel_reported=0.5011 iters=32 termination=8 ab_valid=0
SDIRK3_FROZEN_AB stage=3 pass=IM arm=I j=32 rho_S=0.2003 rho_phys=0.1251 rho_D=0.1972 A_applies=33 d_weighted=1 msel_engaged=0 rel_reported=0.2003 iters=32 termination=8 ab_valid=0
SDIRK3_FROZEN_AB stage=3 pass=IM arm=M j=32 rho_S=0.9154 rho_phys=1.005 rho_D=0.9049 A_applies=33 d_weighted=1 msel_engaged=0 rel_reported=0.9154 iters=32 termination=8 ab_valid=0
SDIRK3_FROZEN_AB stage=3 pass=IM arm=Msel j=16 rho_S=0.6627 rho_phys=0.6247 rho_D=0.6594 A_applies=17 d_weighted=1 msel_engaged=1 rel_reported=0.6627 iters=16 termination=8 ab_valid=0
SDIRK3_FROZEN_AB stage=3 pass=IM arm=I j=16 rho_S=0.2642 rho_phys=0.2087 rho_D=0.2601 A_applies=17 d_weighted=1 msel_engaged=0 rel_reported=0.2642 iters=16 termination=8 ab_valid=0
SDIRK3_FROZEN_AB stage=3 pass=IM arm=M j=16 rho_S=0.9124 rho_phys=1.002 rho_D=0.9159 A_applies=17 d_weighted=1 msel_engaged=0 rel_reported=0.9123 iters=16 termination=8 ab_valid=0
SDIRK3_FROZEN_AB stage=3 pass=IM arm=Msel j=8 rho_S=0.7874 rho_phys=0.8129 rho_D=0.7604 A_applies=9 d_weighted=1 msel_engaged=1 rel_reported=0.7873 iters=8 termination=8 ab_valid=0
SDIRK3_FROZEN_AB stage=3 pass=IM arm=I j=8 rho_S=0.3613 rho_phys=0.2236 rho_D=0.415 A_applies=9 d_weighted=1 msel_engaged=0 rel_reported=0.3613 iters=8 termination=8 ab_valid=0
SDIRK3_FROZEN_AB stage=3 pass=IM arm=M j=8 rho_S=0.9203 rho_phys=1.002 rho_D=0.9237 A_applies=9 d_weighted=1 msel_engaged=0 rel_reported=0.9203 iters=8 termination=8 ab_valid=0
SDIRK3_FROZEN_AB stage=3 pass=IM arm=Msel j=4 rho_S=0.8393 rho_phys=0.8762 rho_D=0.7981 A_applies=5 d_weighted=1 msel_engaged=1 rel_reported=0.8392 iters=4 termination=8 ab_valid=0
SDIRK3_FROZEN_AB stage=3 pass=IM arm=I j=4 rho_S=0.4602 rho_phys=0.3142 rho_D=0.5413 A_applies=5 d_weighted=1 msel_engaged=0 rel_reported=0.4602 iters=4 termination=8 ab_valid=0
SDIRK3_FROZEN_AB stage=3 pass=IM arm=M j=4 rho_S=0.9264 rho_phys=1.003 rho_D=0.9283 A_applies=5 d_weighted=1 msel_engaged=0 rel_reported=0.9263 iters=4 termination=8 ab_valid=0
[GMRES BLOCK-SCALE] ru: ||r0||=466.6 → D_inv=0.002143
[GMRES BLOCK-SCALE] rv: ||r0||=463.9 → D_inv=0.002156
[GMRES BLOCK-SCALE] rw: ||r0||=464.6 → D_inv=0.002152
[GMRES BLOCK-SCALE] ph: ||r0||=464.6 → D_inv=0.002152
[GMRES BLOCK-SCALE] t: ||r0||=461 → D_inv=0.002169
[GMRES BLOCK-SCALE] mu: ||r0||=57.63 → D_inv=0.01735
[FGMRES] Z-basis memory budget: restart=163 x numel=1080491 => ~671.8 MiB per cycle
[PRECOND DEBUG] Input residual ||r|| = 2.098e+11 (call #3555)
[PRECOND BLOCK NORMS] U: 2.072e+11, V: 1.616e+08, MU: 5.841e+09
[PRECOND BLOCK NORMS] PHI: 3.27e+10
[PRECOND BLOCK NORMS] W: 3.177e+05, THETA: 1.312e+07
[PRECOND TIMING] W-THETA coupled solve: 5 ms (3321 columns)
[PRECOND DEBUG] Output preconditioned ||M⁻¹r|| = 2.099e+11 (α₀=0, ratio=1, α_eff=0)
[PRECOND DEBUG] Ratio ||M⁻¹r|| / ||r|| = 1
[JVP FORWARD] Call #1: forward-mode AD took 53 ms
[JVP DIAG] call #1: ||dK||=2.099e+11, ||v=dt*γ*dK||=5.488e+13, ||J*v||=4.003e+18, ||dK-J*v||=4.003e+18, ratio ||J*v||/||dK||=1.907e+07
[JVP FORWARD] Call #2: forward-mode AD took 55 ms
[JVP DIAG] call #2: ||dK||=8.49e+10, ||v=dt*γ*dK||=2.22e+13, ||J*v||=1.62e+18, ||dK-J*v||=1.62e+18, ratio ||J*v||/||dK||=1.909e+07
[GMRES REORTH] j=1 before=2.28e+06 after1=4680 after2=4672 ratio=0.002053
[JVP FORWARD] Call #3: forward-mode AD took 56 ms
[JVP DIAG] call #3: ||dK||=1.085e+10, ||v=dt*γ*dK||=2.837e+12, ||J*v||=2.021e+17, ||dK-J*v||=2.021e+17, ratio ||J*v||/||dK||=1.863e+07
[GMRES REORTH] j=2 before=2.859e+05 after1=1.377e+04 after2=1.377e+04 ratio=0.04816
[PRECOND DEBUG] Input residual ||r|| = 6.323e+09 (call #3560)
[PRECOND BLOCK NORMS] U: 6.223e+09, V: 5.978e+06, MU: 1.764e+08
[PRECOND BLOCK NORMS] PHI: 9.876e+08
[PRECOND BLOCK NORMS] W: 9575, THETA: 3.345e+05
[PRECOND TIMING] W-THETA coupled solve: 5 ms (3321 columns)
[PRECOND DEBUG] Output preconditioned ||M⁻¹r|| = 6.303e+09 (α₀=0, ratio=1, α_eff=0)
[PRECOND DEBUG] Ratio ||M⁻¹r|| / ||r|| = 0.9969
[PRECOND DEBUG] Input residual ||r|| = 1.073e+10 (call #3565)
[PRECOND BLOCK NORMS] U: 1.058e+10, V: 1.617e+07, MU: 2.98e+08
[PRECOND BLOCK NORMS] PHI: 1.668e+09
[PRECOND BLOCK NORMS] W: 3.501e+04, THETA: 7.01e+05
[PRECOND TIMING] W-THETA coupled solve: 5 ms (3321 columns)
[PRECOND DEBUG] Output preconditioned ||M⁻¹r|| = 1.072e+10 (α₀=0, ratio=1, α_eff=0)
[PRECOND DEBUG] Ratio ||M⁻¹r|| / ||r|| = 0.9987
[PRECOND DEBUG] Input residual ||r|| = 1.199e+10 (call #3570)
[PRECOND BLOCK NORMS] U: 1.183e+10, V: 1.326e+07, MU: 3.339e+08
[PRECOND BLOCK NORMS] PHI: 1.869e+09
[PRECOND BLOCK NORMS] W: 3.39e+04, THETA: 7.203e+05
[PRECOND TIMING] W-THETA coupled solve: 6 ms (3321 columns)
[PRECOND DEBUG] Output preconditioned ||M⁻¹r|| = 1.198e+10 (α₀=0, ratio=1, α_eff=0)
[PRECOND DEBUG] Ratio ||M⁻¹r|| / ||r|| = 0.9992
[PRECOND DEBUG] Input residual ||r|| = 1.133e+10 (call #3575)
[PRECOND BLOCK NORMS] U: 1.117e+10, V: 1.838e+07, MU: 3.162e+08
[PRECOND BLOCK NORMS] PHI: 1.77e+09
[PRECOND BLOCK NORMS] W: 9.994e+04, THETA: 6.64e+05
[PRECOND TIMING] W-THETA coupled solve: 5 ms (3321 columns)
[PRECOND DEBUG] Output preconditioned ||M⁻¹r|| = 1.132e+10 (α₀=0, ratio=1, α_eff=0)
[PRECOND DEBUG] Ratio ||M⁻¹r|| / ||r|| = 0.9986
[PRECOND DEBUG] Input residual ||r|| = 1.432e+10 (call #3580)
[PRECOND BLOCK NORMS] U: 1.413e+10, V: 1.959e+07, MU: 3.973e+08
[PRECOND BLOCK NORMS] PHI: 2.224e+09
[PRECOND BLOCK NORMS] W: 6.094e+04, THETA: 8.773e+05
[PRECOND TIMING] W-THETA coupled solve: 5 ms (3321 columns)
[PRECOND DEBUG] Output preconditioned ||M⁻¹r|| = 1.431e+10 (α₀=0, ratio=1, α_eff=0)
[PRECOND DEBUG] Ratio ||M⁻¹r|| / ||r|| = 0.9991
[PRECOND DEBUG] Input residual ||r|| = 7.585e+09 (call #3585)
[PRECOND BLOCK NORMS] U: 7.448e+09, V: 1.841e+07, MU: 2.083e+08
[PRECOND BLOCK NORMS] PHI: 1.166e+09
[PRECOND BLOCK NORMS] W: 4.973e+04, THETA: 4.939e+05
[PRECOND TIMING] W-THETA coupled solve: 5 ms (3321 columns)
[PRECOND DEBUG] Output preconditioned ||M⁻¹r|| = 7.542e+09 (α₀=0, ratio=1, α_eff=0)
[PRECOND DEBUG] Ratio ||M⁻¹r|| / ||r|| = 0.9943
[PRECOND DEBUG] Input residual ||r|| = 8.099e+09 (call #3590)
[PRECOND BLOCK NORMS] U: 7.953e+09, V: 2.095e+07, MU: 2.209e+08
[PRECOND BLOCK NORMS] PHI: 1.237e+09
[PRECOND BLOCK NORMS] W: 8.036e+04, THETA: 5.25e+05
[PRECOND TIMING] W-THETA coupled solve: 5 ms (3321 columns)
[PRECOND DEBUG] Output preconditioned ||M⁻¹r|| = 8.051e+09 (α₀=0, ratio=1, α_eff=0)
[PRECOND DEBUG] Ratio ||M⁻¹r|| / ||r|| = 0.994
[PRECOND DEBUG] Input residual ||r|| = 1.118e+10 (call #3595)
[PRECOND BLOCK NORMS] U: 1.101e+10, V: 2.352e+07, MU: 3.101e+08
[PRECOND BLOCK NORMS] PHI: 1.736e+09
[PRECOND BLOCK NORMS] W: 1.159e+05, THETA: 7.474e+05
[PRECOND TIMING] W-THETA coupled solve: 5 ms (3321 columns)
[PRECOND DEBUG] Output preconditioned ||M⁻¹r|| = 1.115e+10 (α₀=0, ratio=1, α_eff=0)
[PRECOND DEBUG] Ratio ||M⁻¹r|| / ||r|| = 0.9976
[PRECOND DEBUG] Input residual ||r|| = 5.066e+09 (call #3600)
[PRECOND BLOCK NORMS] U: 4.952e+09, V: 2.593e+07, MU: 1.282e+08
[PRECOND BLOCK NORMS] PHI: 7.182e+08
[PRECOND BLOCK NORMS] W: 9.054e+04, THETA: 4.239e+05
[PRECOND TIMING] W-THETA coupled solve: 5 ms (3321 columns)
[PRECOND DEBUG] Output preconditioned ||M⁻¹r|| = 5.006e+09 (α₀=0, ratio=1, α_eff=0)
[PRECOND DEBUG] Ratio ||M⁻¹r|| / ||r|| = 0.9881
[PRECOND DEBUG] Input residual ||r|| = 9.109e+09 (call #3605)
[PRECOND BLOCK NORMS] U: 8.966e+09, V: 2.493e+07, MU: 2.495e+08
[PRECOND BLOCK NORMS] PHI: 1.397e+09
[PRECOND BLOCK NORMS] W: 1.561e+05, THETA: 9.934e+05
[PRECOND TIMING] W-THETA coupled solve: 5 ms (3321 columns)
[PRECOND DEBUG] Output preconditioned ||M⁻¹r|| = 9.077e+09 (α₀=0, ratio=1, α_eff=0)
[PRECOND DEBUG] Ratio ||M⁻¹r|| / ||r|| = 0.9966
[PRECOND DEBUG] Input residual ||r|| = 1.178e+10 (call #3610)
[PRECOND BLOCK NORMS] U: 1.162e+10, V: 2.216e+07, MU: 3.338e+08
[PRECOND BLOCK NORMS] PHI: 1.869e+09
[PRECOND BLOCK NORMS] W: 2.213e+05, THETA: 7.416e+05
[PRECOND TIMING] W-THETA coupled solve: 5 ms (3321 columns)
[PRECOND DEBUG] Output preconditioned ||M⁻¹r|| = 1.178e+10 (α₀=0, ratio=1, α_eff=0)
[PRECOND DEBUG] Ratio ||M⁻¹r|| / ||r|| = 0.9994
[PRECOND DEBUG] Input residual ||r|| = 9.353e+09 (call #3615)
[PRECOND BLOCK NORMS] U: 9.221e+09, V: 2.125e+07, MU: 2.576e+08
[PRECOND BLOCK NORMS] PHI: 1.442e+09
[PRECOND BLOCK NORMS] W: 1.122e+05, THETA: 1.452e+06
[PRECOND TIMING] W-THETA coupled solve: 5 ms (3321 columns)
[PRECOND DEBUG] Output preconditioned ||M⁻¹r|| = 9.335e+09 (α₀=0, ratio=1, α_eff=0)
[PRECOND DEBUG] Ratio ||M⁻¹r|| / ||r|| = 0.9982
[PRECOND DEBUG] Input residual ||r|| = 6.619e+09 (call #3620)
[PRECOND BLOCK NORMS] U: 6.494e+09, V: 2.105e+07, MU: 1.47e+08
[PRECOND BLOCK NORMS] PHI: 8.239e+08
[PRECOND BLOCK NORMS] W: 1.78e+05, THETA: 1.081e+06
[PRECOND TIMING] W-THETA coupled solve: 5 ms (3321 columns)
[PRECOND DEBUG] Output preconditioned ||M⁻¹r|| = 6.547e+09 (α₀=0, ratio=1, α_eff=0)
[PRECOND DEBUG] Ratio ||M⁻¹r|| / ||r|| = 0.9891
[PRECOND DEBUG] Input residual ||r|| = 7.061e+09 (call #3625)
[PRECOND BLOCK NORMS] U: 6.942e+09, V: 1.935e+07, MU: 1.662e+08
[PRECOND BLOCK NORMS] PHI: 9.31e+08
[PRECOND BLOCK NORMS] W: 1.272e+05, THETA: 1.215e+06
[PRECOND TIMING] W-THETA coupled solve: 5 ms (3321 columns)
[PRECOND DEBUG] Output preconditioned ||M⁻¹r|| = 7.006e+09 (α₀=0, ratio=1, α_eff=0)
[PRECOND DEBUG] Ratio ||M⁻¹r|| / ||r|| = 0.9923
[PRECOND DEBUG] Input residual ||r|| = 6.311e+09 (call #3630)
[PRECOND BLOCK NORMS] U: 6.213e+09, V: 2.351e+07, MU: 1.546e+08
[PRECOND BLOCK NORMS] PHI: 8.655e+08
[PRECOND BLOCK NORMS] W: 1.696e+05, THETA: 2.558e+06
[PRECOND TIMING] W-THETA coupled solve: 6 ms (3321 columns)
[PRECOND DEBUG] Output preconditioned ||M⁻¹r|| = 6.274e+09 (α₀=0, ratio=1, α_eff=0)
[PRECOND DEBUG] Ratio ||M⁻¹r|| / ||r|| = 0.9941
[PRECOND DEBUG] Input residual ||r|| = 6.749e+09 (call #3635)
[PRECOND BLOCK NORMS] U: 6.645e+09, V: 2.46e+07, MU: 1.645e+08
[PRECOND BLOCK NORMS] PHI: 9.213e+08
[PRECOND BLOCK NORMS] W: 1.902e+05, THETA: 1.453e+06
[PRECOND TIMING] W-THETA coupled solve: 5 ms (3321 columns)
[PRECOND DEBUG] Output preconditioned ||M⁻¹r|| = 6.71e+09 (α₀=0, ratio=1, α_eff=0)
[PRECOND DEBUG] Ratio ||M⁻¹r|| / ||r|| = 0.9943
[PRECOND DEBUG] Input residual ||r|| = 9.552e+09 (call #3640)
[PRECOND BLOCK NORMS] U: 9.422e+09, V: 2.347e+07, MU: 1.63e+08
[PRECOND BLOCK NORMS] PHI: 9.129e+08
[PRECOND BLOCK NORMS] W: 3.392e+05, THETA: 3.343e+06
[PRECOND TIMING] W-THETA coupled solve: 5 ms (3321 columns)
[PRECOND DEBUG] Output preconditioned ||M⁻¹r|| = 9.468e+09 (α₀=0, ratio=1, α_eff=0)
[PRECOND DEBUG] Ratio ||M⁻¹r|| / ||r|| = 0.9912
[PRECOND DEBUG] Input residual ||r|| = 1.333e+10 (call #3645)
[PRECOND BLOCK NORMS] U: 1.316e+10, V: 2.631e+07, MU: 2.444e+08
[PRECOND BLOCK NORMS] PHI: 1.368e+09
[PRECOND BLOCK NORMS] W: 4.209e+05, THETA: 4.357e+06
[PRECOND TIMING] W-THETA coupled solve: 5 ms (3321 columns)
[PRECOND DEBUG] Output preconditioned ||M⁻¹r|| = 1.324e+10 (α₀=0, ratio=1, α_eff=0)
[PRECOND DEBUG] Ratio ||M⁻¹r|| / ||r|| = 0.9927
[PRECOND DEBUG] Input residual ||r|| = 7.94e+09 (call #3650)
[PRECOND BLOCK NORMS] U: 7.822e+09, V: 2.454e+07, MU: 2.079e+08
[PRECOND BLOCK NORMS] PHI: 1.164e+09
[PRECOND BLOCK NORMS] W: 2.125e+05, THETA: 5.288e+06
[PRECOND TIMING] W-THETA coupled solve: 6 ms (3321 columns)
[PRECOND DEBUG] Output preconditioned ||M⁻¹r|| = 7.911e+09 (α₀=0, ratio=1, α_eff=0)
[PRECOND DEBUG] Ratio ||M⁻¹r|| / ||r|| = 0.9962
[PRECOND DEBUG] Input residual ||r|| = 7.988e+09 (call #3655)
[PRECOND BLOCK NORMS] U: 7.87e+09, V: 2.487e+07, MU: 1.929e+08
[PRECOND BLOCK NORMS] PHI: 1.08e+09
[PRECOND BLOCK NORMS] W: 2.931e+05, THETA: 7.696e+06
[PRECOND TIMING] W-THETA coupled solve: 6 ms (3321 columns)
[PRECOND DEBUG] Output preconditioned ||M⁻¹r|| = 7.945e+09 (α₀=0, ratio=1, α_eff=0)
[PRECOND DEBUG] Ratio ||M⁻¹r|| / ||r|| = 0.9947
[PRECOND DEBUG] Input residual ||r|| = 1.946e+10 (call #3660)
[PRECOND BLOCK NORMS] U: 1.922e+10, V: 2.129e+07, MU: 2.883e+08
[PRECOND BLOCK NORMS] PHI: 1.614e+09
[PRECOND BLOCK NORMS] W: 9.819e+05, THETA: 1.497e+07
[PRECOND TIMING] W-THETA coupled solve: 5 ms (3321 columns)
[PRECOND DEBUG] Output preconditioned ||M⁻¹r|| = 1.929e+10 (α₀=0, ratio=1, α_eff=0)
[PRECOND DEBUG] Ratio ||M⁻¹r|| / ||r|| = 0.9911
[PRECOND DEBUG] Input residual ||r|| = 2.026e+10 (call #3665)
[PRECOND BLOCK NORMS] U: 2.001e+10, V: 2.501e+07, MU: 3.825e+08
[PRECOND BLOCK NORMS] PHI: 2.142e+09
[PRECOND BLOCK NORMS] W: 8.747e+05, THETA: 1.142e+07
[PRECOND TIMING] W-THETA coupled solve: 5 ms (3321 columns)
[PRECOND DEBUG] Output preconditioned ||M⁻¹r|| = 2.012e+10 (α₀=0, ratio=1, α_eff=0)
[PRECOND DEBUG] Ratio ||M⁻¹r|| / ||r|| = 0.9931
[PRECOND DEBUG] Input residual ||r|| = 1.164e+10 (call #3670)
[PRECOND BLOCK NORMS] U: 1.148e+10, V: 2.353e+07, MU: 3.084e+08
[PRECOND BLOCK NORMS] PHI: 1.727e+09
[PRECOND BLOCK NORMS] W: 3.833e+05, THETA: 1.127e+07
[PRECOND TIMING] W-THETA coupled solve: 5 ms (3321 columns)
[PRECOND DEBUG] Output preconditioned ||M⁻¹r|| = 1.162e+10 (α₀=0, ratio=1, α_eff=0)
[PRECOND DEBUG] Ratio ||M⁻¹r|| / ||r|| = 0.9979
[PRECOND DEBUG] Input residual ||r|| = 2.216e+10 (call #3675)
[PRECOND BLOCK NORMS] U: 2.188e+10, V: 2.6e+07, MU: 5.042e+08
[PRECOND BLOCK NORMS] PHI: 2.823e+09
[PRECOND BLOCK NORMS] W: 2.334e+05, THETA: 7.768e+06
[PRECOND TIMING] W-THETA coupled solve: 5 ms (3321 columns)
[PRECOND DEBUG] Output preconditioned ||M⁻¹r|| = 2.207e+10 (α₀=0, ratio=1, α_eff=0)
[PRECOND DEBUG] Ratio ||M⁻¹r|| / ||r|| = 0.9959
[PRECOND DEBUG] Input residual ||r|| = 3.418e+10 (call #3680)
[PRECOND BLOCK NORMS] U: 3.377e+10, V: 2.579e+07, MU: 1.85e+08
[PRECOND BLOCK NORMS] PHI: 1.036e+09
[PRECOND BLOCK NORMS] W: 5.76e+05, THETA: 2.892e+06
[PRECOND TIMING] W-THETA coupled solve: 5 ms (3321 columns)
[PRECOND DEBUG] Output preconditioned ||M⁻¹r|| = 3.378e+10 (α₀=0, ratio=1, α_eff=0)
[PRECOND DEBUG] Ratio ||M⁻¹r|| / ||r|| = 0.9883
[PRECOND DEBUG] Input residual ||r|| = 2.255e+10 (call #3685)
[PRECOND BLOCK NORMS] U: 2.227e+10, V: 2.793e+07, MU: 4.382e+08
[PRECOND BLOCK NORMS] PHI: 2.453e+09
[PRECOND BLOCK NORMS] W: 4.592e+05, THETA: 7.458e+06
[PRECOND TIMING] W-THETA coupled solve: 5 ms (3321 columns)
[PRECOND DEBUG] Output preconditioned ||M⁻¹r|| = 2.241e+10 (α₀=0, ratio=1, α_eff=0)
[PRECOND DEBUG] Ratio ||M⁻¹r|| / ||r|| = 0.9938
[PRECOND DEBUG] Input residual ||r|| = 1.653e+10 (call #3690)
[PRECOND BLOCK NORMS] U: 1.632e+10, V: 2.226e+07, MU: 1.215e+08
[PRECOND BLOCK NORMS] PHI: 6.809e+08
[PRECOND BLOCK NORMS] W: 5.884e+05, THETA: 1.252e+07
[PRECOND TIMING] W-THETA coupled solve: 5 ms (3321 columns)
[PRECOND DEBUG] Output preconditioned ||M⁻¹r|| = 1.634e+10 (α₀=0, ratio=1, α_eff=0)
[PRECOND DEBUG] Ratio ||M⁻¹r|| / ||r|| = 0.9885
[PRECOND DEBUG] Input residual ||r|| = 3.481e+10 (call #3695)
[PRECOND BLOCK NORMS] U: 3.439e+10, V: 2.602e+07, MU: 2.521e+08
[PRECOND BLOCK NORMS] PHI: 1.411e+09
[PRECOND BLOCK NORMS] W: 7.189e+05, THETA: 9.746e+06
[PRECOND TIMING] W-THETA coupled solve: 5 ms (3321 columns)
[PRECOND DEBUG] Output preconditioned ||M⁻¹r|| = 3.442e+10 (α₀=0, ratio=1, α_eff=0)
[PRECOND DEBUG] Ratio ||M⁻¹r|| / ||r|| = 0.9888
[PRECOND DEBUG] Input residual ||r|| = 8.335e+10 (call #3700)
[PRECOND BLOCK NORMS] U: 8.235e+10, V: 2.13e+07, MU: 1.908e+08
[PRECOND BLOCK NORMS] PHI: 1.069e+09
[PRECOND BLOCK NORMS] W: 2.191e+06, THETA: 1.166e+07
[PRECOND TIMING] W-THETA coupled solve: 5 ms (3321 columns)
[PRECOND DEBUG] Output preconditioned ||M⁻¹r|| = 8.235e+10 (α₀=0, ratio=1, α_eff=0)
[PRECOND DEBUG] Ratio ||M⁻¹r|| / ||r|| = 0.9881
[PRECOND DEBUG] Input residual ||r|| = 1.205e+11 (call #3705)
[PRECOND BLOCK NORMS] U: 1.191e+11, V: 2.459e+07, MU: 2.028e+08
[PRECOND BLOCK NORMS] PHI: 1.136e+09
[PRECOND BLOCK NORMS] W: 2.907e+06, THETA: 8.775e+06
[PRECOND TIMING] W-THETA coupled solve: 5 ms (3321 columns)
[PRECOND DEBUG] Output preconditioned ||M⁻¹r|| = 1.191e+11 (α₀=0, ratio=1, α_eff=0)
[PRECOND DEBUG] Ratio ||M⁻¹r|| / ||r|| = 0.9881
[PRECOND DEBUG] Input residual ||r|| = 6.017e+10 (call #3710)
[PRECOND BLOCK NORMS] U: 5.945e+10, V: 2.727e+07, MU: 3.408e+08
[PRECOND BLOCK NORMS] PHI: 1.909e+09
[PRECOND BLOCK NORMS] W: 1.67e+06, THETA: 6.561e+06
[PRECOND TIMING] W-THETA coupled solve: 6 ms (3321 columns)
[PRECOND DEBUG] Output preconditioned ||M⁻¹r|| = 5.948e+10 (α₀=0, ratio=1, α_eff=0)
[PRECOND DEBUG] Ratio ||M⁻¹r|| / ||r|| = 0.9884
[PRECOND DEBUG] Input residual ||r|| = 3.264e+10 (call #3715)
[PRECOND BLOCK NORMS] U: 3.225e+10, V: 2.638e+07, MU: 5.15e+08
[PRECOND BLOCK NORMS] PHI: 2.884e+09
[PRECOND BLOCK NORMS] W: 1.273e+06, THETA: 1.248e+07
[PRECOND TIMING] W-THETA coupled solve: 5 ms (3321 columns)
[PRECOND DEBUG] Output preconditioned ||M⁻¹r|| = 3.238e+10 (α₀=0, ratio=1, α_eff=0)
[PRECOND DEBUG] Ratio ||M⁻¹r|| / ||r|| = 0.9919
[GMRES] restart=1 j=162: hess_est=0.8415, true_err=0.8414
[GMRES BLOCK r/b] restart=1 j=162 ru=192.6640 rv=180.8742 rw=187.6867 ph=80.5411 t=179.9929 mu=11.5257
[FGMRES] NOT CONVERGED: ||x||=0.0001, ||r_true||=929.5073, ||b||=1039.3312, rel_error=0.8943, tol=0.3000, restarts=1, arnoldi=163 (block-scaled)
[NEWTON] GMRES failed badly (rel_error=0.8943): FGMRES max iterations reached (163 Arnoldi)
SDIRK3_GMRES_ESTIMATE_VS_TRUE stage=3 newton_iter=0 internal_iters=163 final_residual=929.5 rel_error_UNSCALED=0.8943 b_unscaled_derived=1039 note=minimised_norm_is_block_scaled
SDIRK3_GMRES_S_SCALE_RESIDUAL_TELEMETRY_ONLY scaled_rel=0.9604 num=1.999e-05 den=2.082e-05  (TELEMETRY ONLY -- NOT the minimised norm: the internal convergence check uses D_inv block scaling, not S_diag. Ranking configurations by this number inverted the results twice; use error_tensor.)
SDIRK3_GMRES_TRIVIALITY ||x||=0.0001142 ||b||=1039 ratio=1.099e-07
[GMRES BLOCK RESIDUAL] ru=4.719e+02(rel=1.011,share=0.206) rv=4.430e+02(rel=0.955,share=0.182) rw=4.597e+02(rel=0.989,share=0.196) ph=1.973e+02(rel=0.425,share=0.036) t=4.408e+02(rel=0.956,share=0.180) mu=2.823e+01(rel=0.490,share=0.001) 
[Newton] GMRES: 163 krylov iters, ||dK||=6.974e+05, rel_error=0.8943 (FAIL)
[Newton] JVP calls: 164, total JVP time: 9107 ms, avg: 55.53 ms/call
[SOLVER TELEMETRY] stage=3, newton=0, gmres_iters=163, gmres_rel=0.8943, jvp_calls=164, jvp_ms=9107, warmstart=off, inn_status=no_base_warmstart, inn_reason_code=2, inn_candidate=no, inn_used=no, inn_gate_pass=no, inn_q=0, inn_r_base=0, inn_r_cand=0, inn_x0_base_norm=0, inn_x0_cand_norm=0, inn_x0_delta_norm=0, inn_x0_rel_delta=0, inn_gate_rel_diff=0, inn_gate_non_degrade=no, inn_gate_quality_ok=no, inn_tol_ramped=no, inn_base_warmstart=no, inn_prev_shape_ok=no, inn_prev_quality_ok=no, inn_prev_varpc_ok=no, inn_prev_rel=0, inn_ru_share_base=0, inn_ru_share_cand=0, inn_rw_share_base=0, inn_rw_share_cand=0, inn_ph_share_base=0, inn_ph_share_cand=0, variable_pc=no, jvp_mode=unlocked, jvp_fd_mode=none, jvp_ad_calls=164, jvp_fd_calls=0, jvp_eps_mean=0, jvp_eps_min=0, jvp_eps_max=0, jvp_eps_auto_calls=0, jvp_eps_manual_calls=0, ew_eta_enabled=yes, ew_eta=0.3, ew_eta_updated=no, krylov_tol_final=0.3, krylov_tol_stage_override=no, budget_coupled=yes, budget_eta=0.3, budget_scale=0.85

--- Newton iteration 1 starting ---
[PRECOND] set_stage_state ENTRY: stage=3, mu_pert.defined()=1, mu_pert.dim()=2
[PRECOND] set_stage_state: mu_base_2d.sizes()=[81, 41], mu_pert.sizes()=[81, 41]
[PRECOND] set_stage_state: stage=3, ||mu_pert||/||mu_base||=44.75% -> RECOMPUTE (mu > 5%)
UnifiedPreconditioner: Implicit damping/diffusion enabled:
  - Divergence damping: kdamp=0.2
  - Rayleigh damping: coef=0.2
  - W-damping: alpha=0.3
  IMEX scope gating (mode=3): rayleigh=OFF vdiff=OFF divergence=on
  wdamp: physical_w_direct_diag=0 extra_regularization=OFF
[PRECOND CTOR] STEP A: Damping config done, creating diagonal arrays with nz=64
[PRECOND CTOR] STEP A1: About to create TensorOptions
[PRECOND CTOR] STEP A2: TensorOptions created, calling torch::ones({nz+1})
[PRECOND CTOR] STEP A3: vertical_diag_w_ created
[PRECOND CTOR] STEP B: Diagonal arrays created
[PRECOND CTOR] STEP C: Off-diagonal arrays done, checking dz
[PRECOND CTOR] STEP D: dz_effective computed, caching...
[PRECOND CTOR] STEP E: dz_effective_cached_ done, size=64
[PRECONDITIONER] Raw momentum_coupling = 8.908e+04
[PRECONDITIONER] Per-k momentum_coupling range: 8.908e+04 to 8.908e+04 (scalar avg = 8.908e+04)

[PRECONDITIONER] W-block momentum coupling (from actual grid data):
  μ_representative (from mub.mean()) = 8.908e+04 Pa
  c1f_representative (from c1f.mean()) = 1
  c2f_representative (from c2f.mean()) = 0
  msfty_representative (from msfty.mean()) = 1
  msfty_safe (guarded) = 1
  Coupling factor (c1f*μ+c2f)/msfty = 8.908e+04 (scalar), per-k enabled

[PRECOND DIAG k=1] CONFIG-DRIVEN PRECONDITIONER:
  Config: clamps=ON, damping=0.05, momentum_range=[1e+04, 1e+05]
  Raw physics:
    diag_contribution = 1.664
    momentum_coupling_raw = 8.908e+04
  Scaling:
    diag_contrib / momentum_coupling = 1.868e-05
    dt = 600, gamma = 0.4359, dt*gamma = 261.5
    dt*gamma*contrib_scaled = 0.004885
  Acoustic Schur complement (W↔φ coupling):
    c_s = 340 m/s, dz_w = 263.6 m
    acoustic_cfl = dt*gamma*c_s/dz = 337.3
    acoustic_cfl² = 1.138e+05
    A_phi_diag = 1 + dt*gamma*c_s²/dz² = 436.1
    acoustic_schur = cfl²/A_phi = 260.9
    acoustic_schur_boosted = 521.8 (boost=2x)
  Diagonal:
    1 + direct + acoustic_schur_boosted = 522.8 (pure physics)
    + damping_factor = 522.9 (with 0.05 damping)
    Final diagonal = 522.9
  Preconditioning strength: 1/diagonal = 0.001912x

[PRECOND DIAG k=2] CONFIG-DRIVEN PRECONDITIONER:
  Config: clamps=ON, damping=0.05, momentum_range=[1e+04, 1e+05]
  Raw physics:
    diag_contribution = 1.674
    momentum_coupling_raw = 8.908e+04
  Scaling:
    diag_contrib / momentum_coupling = 1.879e-05
    dt = 600, gamma = 0.4359, dt*gamma = 261.5
    dt*gamma*contrib_scaled = 0.004915
  Acoustic Schur complement (W↔φ coupling):
    c_s = 340 m/s, dz_w = 262.8 m
    acoustic_cfl = dt*gamma*c_s/dz = 338.4
    acoustic_cfl² = 1.145e+05
    A_phi_diag = 1 + dt*gamma*c_s²/dz² = 438.9
    acoustic_schur = cfl²/A_phi = 260.9
    acoustic_schur_boosted = 521.8 (boost=2x)
  Diagonal:
    1 + direct + acoustic_schur_boosted = 522.9 (pure physics)
    + damping_factor = 522.9 (with 0.05 damping)
    Final diagonal = 522.9
  Preconditioning strength: 1/diagonal = 0.001912x

[PRECOND DIAG k=3] CONFIG-DRIVEN PRECONDITIONER:
  Config: clamps=ON, damping=0.05, momentum_range=[1e+04, 1e+05]
  Raw physics:
    diag_contribution = 1.688
    momentum_coupling_raw = 8.908e+04
  Scaling:
    diag_contrib / momentum_coupling = 1.895e-05
    dt = 600, gamma = 0.4359, dt*gamma = 261.5
    dt*gamma*contrib_scaled = 0.004956
  Acoustic Schur complement (W↔φ coupling):
    c_s = 340 m/s, dz_w = 261.7 m
    acoustic_cfl = dt*gamma*c_s/dz = 339.8
    acoustic_cfl² = 1.155e+05
    A_phi_diag = 1 + dt*gamma*c_s²/dz² = 442.5
    acoustic_schur = cfl²/A_phi = 260.9
    acoustic_schur_boosted = 521.9 (boost=2x)
  Diagonal:
    1 + direct + acoustic_schur_boosted = 522.9 (pure physics)
    + damping_factor = 522.9 (with 0.05 damping)
    Final diagonal = 522.9
  Preconditioning strength: 1/diagonal = 0.001912x

[PRECOND DIAG SUMMARY] dt=600 gamma=0.4359 dt*gamma=261.5
  D_w  range: [1, 523.1]
  D_θ  range: [1, 1]
  D_u  range: [1.012, 1.012]
  D_φ  range: [405.9, 532.3]
  D_μ  value: 1.005
SDIRK3_PRECOND_WDAMP_DIAG dt=600 rhs_config_enabled=0 physical_w_direct_diag=0 extra_regularization=0 extra_alpha=0 momentum_coupling_min=8.908e+04 momentum_coupling_max=8.908e+04 legacy_scaled_min=3.368e-06 legacy_scaled_max=3.368e-06 final_wdiag_min=1 final_wdiag_max=523.1 coefficient_generation=4
[SCALING] S[ru] 5.138e+11 -> 2.894e+12 (monotonic, iter 1)
[SCALING] S[rv] 3.744e+07 -> 6.618e+07 (monotonic, iter 1)
[SCALING] S[rw] 5.446e+07 -> 8.822e+07 (monotonic, iter 1)
[SCALING] S[t] 3.213e+07 -> 5.464e+07 (monotonic, iter 1)
[Newton] iter 1: ||S⁻¹R||_rms=9.1277e-01 [scaled-RMS], ||R||=1.3503e+15 [unscaled-L2], tol=2.0000e-01
[EISENSTAT-WALKER] Newton iter 1
  ||R_k|| = 0.9128
  ||R_{k-1}|| = 0.9999
  Residual ratio = 0.9129
  gamma=0.9, alpha=1.5
  Adaptive eta_k = 0.3 (range: 0.02 to 0.3)
[BLOCK_RES] iter=1 ru=1.94e+09 rv=3.54e+07 rw=2.21e+09 ph=1.75e+06 t=1.17e+08 mu=1.41e+07 max=2.21e+09 ru_share=1.000
[Newton] JVP method: FORWARD-MODE AD (compute_jvp_forward_mode)
[Newton] JVP ready for GMRES (use_autograd=true)
[JVP FORWARD] Call #1: forward-mode AD took 53 ms
[JVP DIAG] call #1: ||dK||=6.974e+05, ||v=dt*γ*dK||=1.824e+08, ||J*v||=4.604e+18, ||dK-J*v||=4.604e+18, ratio ||J*v||/||dK||=6.602e+12
[GMRES BLOCK-SCALE] ru: ||r0||=1.591e+06 → D_inv=6.285e-07
[GMRES BLOCK-SCALE] rv: ||r0||=1.961e+05 → D_inv=5.1e-06
[GMRES BLOCK-SCALE] rw: ||r0||=1.057e+06 → D_inv=9.459e-07
[GMRES BLOCK-SCALE] ph: ||r0||=584.6 → D_inv=0.00171
[GMRES BLOCK-SCALE] t: ||r0||=1.116e+06 → D_inv=8.96e-07
[GMRES BLOCK-SCALE] mu: ||r0||=27.59 → D_inv=0.03625
[FGMRES] Z-basis memory budget: restart=163 x numel=1080491 => ~671.8 MiB per cycle
[COUPLED DIAG 4x4] S_phi_phi/D_phi ratio: min=0.9962, max=1, mean=0.9999 (alpha_phi range: [1.562, 1.562]), max_dev=0.003849, bad_levels(>0.1)=0/64 (phi-feedback OK)
[JVP FORWARD] Call #2: forward-mode AD took 52 ms
[JVP DIAG] call #2: ||dK||=1.167e+12, ||v=dt*γ*dK||=3.053e+14, ||J*v||=inf, ||dK-J*v||=inf, ratio ||J*v||/||dK||=inf
[JVP FORWARD] Call #3: forward-mode AD took 54 ms
[JVP DIAG] call #3: ||dK||=3.935e+10, ||v=dt*γ*dK||=1.029e+13, ||J*v||=inf, ||dK-J*v||=inf, ratio ||J*v||/||dK||=inf
[GMRES REORTH] j=1 before=1.601e+05 after1=1.667e+04 after2=1.667e+04 ratio=0.1041
[PRECOND DEBUG] Input residual ||r|| = 1.258e+11 (call #3720)
[PRECOND BLOCK NORMS] U: 1.243e+11, V: 1.51e+06, MU: 8.748e+06
[PRECOND BLOCK NORMS] PHI: 1.1e+09
[PRECOND BLOCK NORMS] W: 1.793e+04, THETA: 6.749e+05
[PRECOND TIMING] W-THETA coupled solve: 5 ms (3321 columns)
[PRECOND DEBUG] Output preconditioned ||M⁻¹r|| = 1.243e+11 (α₀=0, ratio=0.9129, α_eff=0)
[PRECOND DEBUG] Ratio ||M⁻¹r|| / ||r|| = 0.9881
[GMRES REORTH] j=2 before=2.703e+05 after1=2.141e+04 after2=2.141e+04 ratio=0.07922
[PRECOND DEBUG] Input residual ||r|| = 7.744e+09 (call #3725)
[PRECOND BLOCK NORMS] U: 7.639e+09, V: 8.662e+05, MU: 1.404e+05
[PRECOND BLOCK NORMS] PHI: 2.328e+07
[PRECOND BLOCK NORMS] W: 472.7, THETA: 1.513e+04
[PRECOND TIMING] W-THETA coupled solve: 5 ms (3321 columns)
[PRECOND DEBUG] Output preconditioned ||M⁻¹r|| = 7.639e+09 (α₀=0, ratio=0.9129, α_eff=0)
[PRECOND DEBUG] Ratio ||M⁻¹r|| / ||r|| = 0.9865
[PRECOND DEBUG] Input residual ||r|| = 7.51e+09 (call #3730)
[PRECOND BLOCK NORMS] U: 7.407e+09, V: 1.476e+06, MU: 1.638e+05
[PRECOND BLOCK NORMS] PHI: 2.258e+07
[PRECOND BLOCK NORMS] W: 1107, THETA: 3.208e+04
[PRECOND TIMING] W-THETA coupled solve: 5 ms (3321 columns)
[PRECOND DEBUG] Output preconditioned ||M⁻¹r|| = 7.407e+09 (α₀=0, ratio=0.9129, α_eff=0)
[PRECOND DEBUG] Ratio ||M⁻¹r|| / ||r|| = 0.9864
[PRECOND DEBUG] Input residual ||r|| = 6.3e+10 (call #3735)
[PRECOND BLOCK NORMS] U: 6.225e+10, V: 2.217e+07, MU: 2.802e+06
[PRECOND BLOCK NORMS] PHI: 9.366e+08
[PRECOND BLOCK NORMS] W: 2.684e+04, THETA: 1.006e+06
[PRECOND TIMING] W-THETA coupled solve: 6 ms (3321 columns)
[PRECOND DEBUG] Output preconditioned ||M⁻¹r|| = 6.225e+10 (α₀=0, ratio=0.9129, α_eff=0)
[PRECOND DEBUG] Ratio ||M⁻¹r|| / ||r|| = 0.9881
[PRECOND DEBUG] Input residual ||r|| = 9.543e+09 (call #3740)
[PRECOND BLOCK NORMS] U: 9.42e+09, V: 2.061e+07, MU: 5.604e+05
[PRECOND BLOCK NORMS] PHI: 2.268e+08
[PRECOND BLOCK NORMS] W: 5.556e+04, THETA: 1.668e+06
[PRECOND TIMING] W-THETA coupled solve: 5 ms (3321 columns)
[PRECOND DEBUG] Output preconditioned ||M⁻¹r|| = 9.423e+09 (α₀=0, ratio=0.9129, α_eff=0)
[PRECOND DEBUG] Ratio ||M⁻¹r|| / ||r|| = 0.9874
[PRECOND DEBUG] Input residual ||r|| = 4.395e+10 (call #3745)
[PRECOND BLOCK NORMS] U: 4.342e+10, V: 1.137e+07, MU: 2.031e+06
[PRECOND BLOCK NORMS] PHI: 7.104e+08
[PRECOND BLOCK NORMS] W: 4.838e+04, THETA: 1.72e+06
[PRECOND TIMING] W-THETA coupled solve: 5 ms (3321 columns)
[PRECOND DEBUG] Output preconditioned ||M⁻¹r|| = 4.342e+10 (α₀=0, ratio=0.9129, α_eff=0)
[PRECOND DEBUG] Ratio ||M⁻¹r|| / ||r|| = 0.9881
[PRECOND DEBUG] Input residual ||r|| = 1.889e+11 (call #3750)
[PRECOND BLOCK NORMS] U: 1.866e+11, V: 2.062e+07, MU: 9.02e+06
[PRECOND BLOCK NORMS] PHI: 3.357e+09
[PRECOND BLOCK NORMS] W: 5.499e+05, THETA: 1.442e+07
[PRECOND TIMING] W-THETA coupled solve: 5 ms (3321 columns)
[PRECOND DEBUG] Output preconditioned ||M⁻¹r|| = 1.867e+11 (α₀=0, ratio=0.9129, α_eff=0)
[PRECOND DEBUG] Ratio ||M⁻¹r|| / ||r|| = 0.9882
[PRECOND DEBUG] Input residual ||r|| = 1.607e+11 (call #3755)
[PRECOND BLOCK NORMS] U: 1.588e+11, V: 4.648e+07, MU: 7.554e+06
[PRECOND BLOCK NORMS] PHI: 2.585e+09
[PRECOND BLOCK NORMS] W: 7.808e+04, THETA: 4.681e+06
[PRECOND TIMING] W-THETA coupled solve: 5 ms (3321 columns)
[PRECOND DEBUG] Output preconditioned ||M⁻¹r|| = 1.588e+11 (α₀=0, ratio=0.9129, α_eff=0)
[PRECOND DEBUG] Ratio ||M⁻¹r|| / ||r|| = 0.9882
[PRECOND DEBUG] Input residual ||r|| = 8.868e+10 (call #3760)
[PRECOND BLOCK NORMS] U: 8.762e+10, V: 4.242e+07, MU: 3.521e+06
[PRECOND BLOCK NORMS] PHI: 1.31e+09
[PRECOND BLOCK NORMS] W: 6.353e+05, THETA: 7.216e+06
[PRECOND TIMING] W-THETA coupled solve: 5 ms (3321 columns)
[PRECOND DEBUG] Output preconditioned ||M⁻¹r|| = 8.763e+10 (α₀=0, ratio=0.9129, α_eff=0)
[PRECOND DEBUG] Ratio ||M⁻¹r|| / ||r|| = 0.9882
[PRECOND DEBUG] Input residual ||r|| = 4.149e+10 (call #3765)
[PRECOND BLOCK NORMS] U: 4.1e+10, V: 5.356e+07, MU: 2.013e+06
[PRECOND BLOCK NORMS] PHI: 6.754e+08
[PRECOND BLOCK NORMS] W: 3.716e+05, THETA: 1.678e+06
[PRECOND TIMING] W-THETA coupled solve: 5 ms (3321 columns)
[PRECOND DEBUG] Output preconditioned ||M⁻¹r|| = 4.1e+10 (α₀=0, ratio=0.9129, α_eff=0)
[PRECOND DEBUG] Ratio ||M⁻¹r|| / ||r|| = 0.9882
[PRECOND DEBUG] Input residual ||r|| = 8.019e+10 (call #3770)
[PRECOND BLOCK NORMS] U: 7.923e+10, V: 3.769e+07, MU: 1.913e+06
[PRECOND BLOCK NORMS] PHI: 4.36e+08
[PRECOND BLOCK NORMS] W: 1.355e+06, THETA: 4.544e+06
[PRECOND TIMING] W-THETA coupled solve: 6 ms (3321 columns)
[PRECOND DEBUG] Output preconditioned ||M⁻¹r|| = 7.923e+10 (α₀=0, ratio=0.9129, α_eff=0)
[PRECOND DEBUG] Ratio ||M⁻¹r|| / ||r|| = 0.9881
[PRECOND DEBUG] Input residual ||r|| = 2.959e+11 (call #3775)
[PRECOND BLOCK NORMS] U: 2.924e+11, V: 5.63e+07, MU: 5.928e+06
[PRECOND BLOCK NORMS] PHI: 1.235e+09
[PRECOND BLOCK NORMS] W: 7.292e+05, THETA: 1.9e+06
[PRECOND TIMING] W-THETA coupled solve: 5 ms (3321 columns)
[PRECOND DEBUG] Output preconditioned ||M⁻¹r|| = 2.924e+11 (α₀=0, ratio=0.9129, α_eff=0)
[PRECOND DEBUG] Ratio ||M⁻¹r|| / ||r|| = 0.9881
[PRECOND DEBUG] Input residual ||r|| = 9.404e+11 (call #3780)
[PRECOND BLOCK NORMS] U: 9.291e+11, V: 3.799e+07, MU: 2.384e+07
[PRECOND BLOCK NORMS] PHI: 5.801e+09
[PRECOND BLOCK NORMS] W: 4.119e+06, THETA: 9.87e+06
[PRECOND TIMING] W-THETA coupled solve: 5 ms (3321 columns)
[PRECOND DEBUG] Output preconditioned ||M⁻¹r|| = 9.291e+11 (α₀=0, ratio=0.9129, α_eff=0)
[PRECOND DEBUG] Ratio ||M⁻¹r|| / ||r|| = 0.9881
[PRECOND DEBUG] Input residual ||r|| = 3.529e+11 (call #3785)
[PRECOND BLOCK NORMS] U: 3.487e+11, V: 4.443e+07, MU: 7.768e+06
[PRECOND BLOCK NORMS] PHI: 2.16e+09
[PRECOND BLOCK NORMS] W: 5.206e+06, THETA: 1.309e+07
[PRECOND TIMING] W-THETA coupled solve: 5 ms (3321 columns)
[PRECOND DEBUG] Output preconditioned ||M⁻¹r|| = 3.487e+11 (α₀=0, ratio=0.9129, α_eff=0)
[PRECOND DEBUG] Ratio ||M⁻¹r|| / ||r|| = 0.9881
[PRECOND DEBUG] Input residual ||r|| = 6.134e+11 (call #3790)
[PRECOND BLOCK NORMS] U: 6.061e+11, V: 4.654e+07, MU: 4.649e+07
[PRECOND BLOCK NORMS] PHI: 5.302e+09
[PRECOND BLOCK NORMS] W: 2.373e+06, THETA: 8.701e+06
[PRECOND TIMING] W-THETA coupled solve: 5 ms (3321 columns)
[PRECOND DEBUG] Output preconditioned ||M⁻¹r|| = 6.061e+11 (α₀=0, ratio=0.9129, α_eff=0)
[PRECOND DEBUG] Ratio ||M⁻¹r|| / ||r|| = 0.9881
[PRECOND DEBUG] Input residual ||r|| = 5.292e+10 (call #3795)
[PRECOND BLOCK NORMS] U: 5.229e+10, V: 5.164e+07, MU: 2.146e+06
[PRECOND BLOCK NORMS] PHI: 1.089e+09
[PRECOND BLOCK NORMS] W: 9.22e+06, THETA: 3.556e+06
[PRECOND TIMING] W-THETA coupled solve: 5 ms (3321 columns)
[PRECOND DEBUG] Output preconditioned ||M⁻¹r|| = 5.23e+10 (α₀=0, ratio=0.9129, α_eff=0)
[PRECOND DEBUG] Ratio ||M⁻¹r|| / ||r|| = 0.9883
[PRECOND DEBUG] Input residual ||r|| = 3.128e+10 (call #3800)
[PRECOND BLOCK NORMS] U: 3.091e+10, V: 3.431e+07, MU: 1.381e+06
[PRECOND BLOCK NORMS] PHI: 2.963e+08
[PRECOND BLOCK NORMS] W: 3.683e+07, THETA: 1.41e+07
[PRECOND TIMING] W-THETA coupled solve: 5 ms (3321 columns)
[PRECOND DEBUG] Output preconditioned ||M⁻¹r|| = 3.091e+10 (α₀=0, ratio=0.9129, α_eff=0)
[PRECOND DEBUG] Ratio ||M⁻¹r|| / ||r|| = 0.9881
[PRECOND DEBUG] Input residual ||r|| = 5.404e+10 (call #3805)
[PRECOND BLOCK NORMS] U: 5.34e+10, V: 3.915e+07, MU: 1.283e+06
[PRECOND BLOCK NORMS] PHI: 4.518e+08
[PRECOND BLOCK NORMS] W: 1.992e+06, THETA: 8.813e+06
[PRECOND TIMING] W-THETA coupled solve: 5 ms (3321 columns)
[PRECOND DEBUG] Output preconditioned ||M⁻¹r|| = 5.34e+10 (α₀=0, ratio=0.9129, α_eff=0)
[PRECOND DEBUG] Ratio ||M⁻¹r|| / ||r|| = 0.9881
[PRECOND DEBUG] Input residual ||r|| = 3.687e+11 (call #3810)
[PRECOND BLOCK NORMS] U: 3.643e+11, V: 2.244e+07, MU: 8.484e+06
[PRECOND BLOCK NORMS] PHI: 2.344e+09
[PRECOND BLOCK NORMS] W: 2.123e+07, THETA: 8.161e+06
[PRECOND TIMING] W-THETA coupled solve: 5 ms (3321 columns)
[PRECOND DEBUG] Output preconditioned ||M⁻¹r|| = 3.643e+11 (α₀=0, ratio=0.9129, α_eff=0)
[PRECOND DEBUG] Ratio ||M⁻¹r|| / ||r|| = 0.9881
[PRECOND DEBUG] Input residual ||r|| = 1.778e+11 (call #3815)
[PRECOND BLOCK NORMS] U: 1.756e+11, V: 3.184e+07, MU: 5.81e+06
[PRECOND BLOCK NORMS] PHI: 1.51e+09
[PRECOND BLOCK NORMS] W: 1.007e+07, THETA: 9.21e+06
[PRECOND TIMING] W-THETA coupled solve: 5 ms (3321 columns)
[PRECOND DEBUG] Output preconditioned ||M⁻¹r|| = 1.756e+11 (α₀=0, ratio=0.9129, α_eff=0)
[PRECOND DEBUG] Ratio ||M⁻¹r|| / ||r|| = 0.9881
[PRECOND DEBUG] Input residual ||r|| = 5.446e+11 (call #3820)
[PRECOND BLOCK NORMS] U: 5.381e+11, V: 4.094e+07, MU: 3.86e+07
[PRECOND BLOCK NORMS] PHI: 4.507e+09
[PRECOND BLOCK NORMS] W: 9.932e+06, THETA: 1.491e+07
[PRECOND TIMING] W-THETA coupled solve: 5 ms (3321 columns)
[PRECOND DEBUG] Output preconditioned ||M⁻¹r|| = 5.381e+11 (α₀=0, ratio=0.9129, α_eff=0)
[PRECOND DEBUG] Ratio ||M⁻¹r|| / ||r|| = 0.9881
[PRECOND DEBUG] Input residual ||r|| = 1.752e+11 (call #3825)
[PRECOND BLOCK NORMS] U: 1.731e+11, V: 2.898e+07, MU: 1.074e+07
[PRECOND BLOCK NORMS] PHI: 1.261e+09
[PRECOND BLOCK NORMS] W: 4.67e+06, THETA: 9.614e+06
[PRECOND TIMING] W-THETA coupled solve: 6 ms (3321 columns)
[PRECOND DEBUG] Output preconditioned ||M⁻¹r|| = 1.731e+11 (α₀=0, ratio=0.9129, α_eff=0)
[PRECOND DEBUG] Ratio ||M⁻¹r|| / ||r|| = 0.9881
[PRECOND DEBUG] Input residual ||r|| = 6.334e+10 (call #3830)
[PRECOND BLOCK NORMS] U: 6.258e+10, V: 4.267e+07, MU: 3.691e+06
[PRECOND BLOCK NORMS] PHI: 8.034e+08
[PRECOND BLOCK NORMS] W: 2.836e+05, THETA: 8.491e+06
[PRECOND TIMING] W-THETA coupled solve: 6 ms (3321 columns)
[PRECOND DEBUG] Output preconditioned ||M⁻¹r|| = 6.259e+10 (α₀=0, ratio=0.9129, α_eff=0)
[PRECOND DEBUG] Ratio ||M⁻¹r|| / ||r|| = 0.9881
[PRECOND DEBUG] Input residual ||r|| = 2.53e+10 (call #3835)
[PRECOND BLOCK NORMS] U: 2.499e+10, V: 4.463e+07, MU: 6.63e+05
[PRECOND BLOCK NORMS] PHI: 7.073e+08
[PRECOND BLOCK NORMS] W: 5.204e+06, THETA: 1.376e+07
[PRECOND TIMING] W-THETA coupled solve: 7 ms (3321 columns)
[PRECOND DEBUG] Output preconditioned ||M⁻¹r|| = 2.5e+10 (α₀=0, ratio=0.9129, α_eff=0)
[PRECOND DEBUG] Ratio ||M⁻¹r|| / ||r|| = 0.9884
[PRECOND DEBUG] Input residual ||r|| = 2.295e+11 (call #3840)
[PRECOND BLOCK NORMS] U: 2.268e+11, V: 3.428e+07, MU: 8.075e+06
[PRECOND BLOCK NORMS] PHI: 1.382e+09
[PRECOND BLOCK NORMS] W: 1.449e+06, THETA: 5.271e+06
[PRECOND TIMING] W-THETA coupled solve: 7 ms (3321 columns)
[PRECOND DEBUG] Output preconditioned ||M⁻¹r|| = 2.268e+11 (α₀=0, ratio=0.9129, α_eff=0)
[PRECOND DEBUG] Ratio ||M⁻¹r|| / ||r|| = 0.9881
[PRECOND DEBUG] Input residual ||r|| = 7.517e+10 (call #3845)
[PRECOND BLOCK NORMS] U: 7.427e+10, V: 4.109e+07, MU: 4.429e+06
[PRECOND BLOCK NORMS] PHI: 5.624e+08
[PRECOND BLOCK NORMS] W: 1.426e+06, THETA: 3.205e+06
[PRECOND TIMING] W-THETA coupled solve: 6 ms (3321 columns)
[PRECOND DEBUG] Output preconditioned ||M⁻¹r|| = 7.427e+10 (α₀=0, ratio=0.9129, α_eff=0)
[PRECOND DEBUG] Ratio ||M⁻¹r|| / ||r|| = 0.9881
[PRECOND DEBUG] Input residual ||r|| = 4.944e+11 (call #3850)
[PRECOND BLOCK NORMS] U: 4.885e+11, V: 4.73e+07, MU: 2.939e+07
[PRECOND BLOCK NORMS] PHI: 3.924e+09
[PRECOND BLOCK NORMS] W: 1.035e+06, THETA: 6.814e+06
[PRECOND TIMING] W-THETA coupled solve: 6 ms (3321 columns)
[PRECOND DEBUG] Output preconditioned ||M⁻¹r|| = 4.885e+11 (α₀=0, ratio=0.9129, α_eff=0)
[PRECOND DEBUG] Ratio ||M⁻¹r|| / ||r|| = 0.9881
[PRECOND DEBUG] Input residual ||r|| = 5.175e+11 (call #3855)
[PRECOND BLOCK NORMS] U: 5.113e+11, V: 2.971e+07, MU: 3.106e+07
[PRECOND BLOCK NORMS] PHI: 3.721e+09
[PRECOND BLOCK NORMS] W: 1.488e+06, THETA: 1.779e+07
[PRECOND TIMING] W-THETA coupled solve: 5 ms (3321 columns)
[PRECOND DEBUG] Output preconditioned ||M⁻¹r|| = 5.114e+11 (α₀=0, ratio=0.9129, α_eff=0)
[PRECOND DEBUG] Ratio ||M⁻¹r|| / ||r|| = 0.9881
[PRECOND DEBUG] Input residual ||r|| = 1.382e+11 (call #3860)
[PRECOND BLOCK NORMS] U: 1.366e+11, V: 2.482e+07, MU: 8.264e+06
[PRECOND BLOCK NORMS] PHI: 1.074e+09
[PRECOND BLOCK NORMS] W: 5.878e+05, THETA: 8.63e+06
[PRECOND TIMING] W-THETA coupled solve: 6 ms (3321 columns)
[PRECOND DEBUG] Output preconditioned ||M⁻¹r|| = 1.366e+11 (α₀=0, ratio=0.9129, α_eff=0)
[PRECOND DEBUG] Ratio ||M⁻¹r|| / ||r|| = 0.9881
[PRECOND DEBUG] Input residual ||r|| = 2.796e+10 (call #3865)
[PRECOND BLOCK NORMS] U: 2.763e+10, V: 3.28e+07, MU: 1.505e+06
[PRECOND BLOCK NORMS] PHI: 3.224e+08
[PRECOND BLOCK NORMS] W: 8.239e+05, THETA: 5.306e+06
[PRECOND TIMING] W-THETA coupled solve: 6 ms (3321 columns)
[PRECOND DEBUG] Output preconditioned ||M⁻¹r|| = 2.763e+10 (α₀=0, ratio=0.9129, α_eff=0)
[PRECOND DEBUG] Ratio ||M⁻¹r|| / ||r|| = 0.988
[PRECOND DEBUG] Input residual ||r|| = 1.704e+10 (call #3870)
[PRECOND BLOCK NORMS] U: 1.683e+10, V: 4.054e+07, MU: 7.322e+05
[PRECOND BLOCK NORMS] PHI: 1.885e+08
[PRECOND BLOCK NORMS] W: 7.045e+05, THETA: 4.636e+06
[PRECOND TIMING] W-THETA coupled solve: 6 ms (3321 columns)
[PRECOND DEBUG] Output preconditioned ||M⁻¹r|| = 1.683e+10 (α₀=0, ratio=0.9129, α_eff=0)
[PRECOND DEBUG] Ratio ||M⁻¹r|| / ||r|| = 0.9879
[PRECOND DEBUG] Input residual ||r|| = 1.781e+10 (call #3875)
[PRECOND BLOCK NORMS] U: 1.76e+10, V: 4.948e+07, MU: 9.597e+05
[PRECOND BLOCK NORMS] PHI: 2.329e+08
[PRECOND BLOCK NORMS] W: 4.026e+05, THETA: 3.272e+06
[PRECOND TIMING] W-THETA coupled solve: 6 ms (3321 columns)
[PRECOND DEBUG] Output preconditioned ||M⁻¹r|| = 1.76e+10 (α₀=0, ratio=0.9129, α_eff=0)
[PRECOND DEBUG] Ratio ||M⁻¹r|| / ||r|| = 0.988
[PRECOND DEBUG] Input residual ||r|| = 2.081e+11 (call #3880)
[PRECOND BLOCK NORMS] U: 2.056e+11, V: 4.096e+07, MU: 3.592e+06
[PRECOND BLOCK NORMS] PHI: 9.445e+08
[PRECOND BLOCK NORMS] W: 2.779e+05, THETA: 4.457e+06
[PRECOND TIMING] W-THETA coupled solve: 6 ms (3321 columns)
[PRECOND DEBUG] Output preconditioned ||M⁻¹r|| = 2.056e+11 (α₀=0, ratio=0.9129, α_eff=0)
[PRECOND DEBUG] Ratio ||M⁻¹r|| / ||r|| = 0.9881
[GMRES] restart=1 j=162: hess_est=1.6602, true_err=1.6602
[GMRES BLOCK r/b] restart=1 j=162 ru=459561.3438 rv=87220.4219 rw=976971.6875 ph=509.7019 t=109353.6562 mu=25.4567
[FGMRES] NOT CONVERGED: ||x||=0.0018, ||r_true||=1178152.6250, ||b||=948.7985, rel_error=1241.7312, tol=0.3000, restarts=1, arnoldi=163 (block-scaled)
[NEWTON] GMRES failed badly (rel_error=1): FGMRES max iterations reached (163 Arnoldi)
SDIRK3_GMRES_ESTIMATE_VS_TRUE stage=3 newton_iter=1 internal_iters=163 final_residual=1.178e+06 rel_error_UNSCALED=1242 b_unscaled_derived=948.8 note=minimised_norm_is_block_scaled
SDIRK3_GMRES_S_SCALE_RESIDUAL_TELEMETRY_ONLY scaled_rel=1007 num=0.01226 den=1.218e-05  (TELEMETRY ONLY -- NOT the minimised norm: the internal convergence check uses D_inv block scaling, not S_diag. Ranking configurations by this number inverted the results twice; use error_tensor.)
SDIRK3_GMRES_TRIVIALITY ||x||=0.001833 ||b||=948.8 ratio=1.932e-06
[Newton] GMRES: 163 krylov iters, ||dK||=1.659e+08, rel_error=1 (FAIL)
[Newton] JVP calls: 165, total JVP time: 9381 ms, avg: 56.85 ms/call
[SOLVER TELEMETRY] stage=3, newton=1, gmres_iters=163, gmres_rel=1, jvp_calls=165, jvp_ms=9381, warmstart=on, inn_status=prev_history_missing, inn_reason_code=4, inn_candidate=no, inn_used=no, inn_gate_pass=no, inn_q=0, inn_r_base=0, inn_r_cand=0, inn_x0_base_norm=0, inn_x0_cand_norm=0, inn_x0_delta_norm=0, inn_x0_rel_delta=0, inn_gate_rel_diff=0, inn_gate_non_degrade=no, inn_gate_quality_ok=no, inn_tol_ramped=no, inn_base_warmstart=yes, inn_prev_shape_ok=no, inn_prev_quality_ok=yes, inn_prev_varpc_ok=yes, inn_prev_rel=1, inn_ru_share_base=0, inn_ru_share_cand=0, inn_rw_share_base=0, inn_rw_share_cand=0, inn_ph_share_base=0, inn_ph_share_cand=0, variable_pc=no, jvp_mode=unlocked, jvp_fd_mode=none, jvp_ad_calls=165, jvp_fd_calls=0, jvp_eps_mean=0, jvp_eps_min=0, jvp_eps_max=0, jvp_eps_auto_calls=0, jvp_eps_manual_calls=0, ew_eta_enabled=yes, ew_eta=0.3, ew_eta_updated=yes, krylov_tol_final=0.3, krylov_tol_stage_override=no, budget_coupled=yes, budget_eta=0.3, budget_scale=0.85
[TRUST OFF] GMRES failed (rel_error=1, raw=1242), routing to GMRES total-failure handling.
[TRUST REGION] GMRES failed (rel_error=1, raw=1242), fallback rejected. K unchanged. radius=0.5
[TRUST REGION] All attempts rejected. Keeping K unchanged, radius=0.5
[Newton] GMRES total failure + zero update at iter 1. K unchanged → breaking early.

=== NEWTON SOLVER FAILED TO CONVERGE ===
  Stage: 3
  Final residual: 9.1277e-01
  Newton iterations: 2
=======================================
[PREDICTOR CACHE] Stage 3 non-converged but cache empty; seeding for timestep continuity.
WARNING: Newton solver did not converge! Stage 3, residual = 0.9128
         Message: Newton solver exited early (stall/stagnation) at iter 2

[NEWTON NON-CONVERGENCE WARNING] Newton-Krylov solver failed to converge!
  Final residual: 0.912774
  Newton iterations: 2/12
  Total Krylov iterations: 326
  Time step: 600 seconds
  SDIRK coefficient (a_ii): 0.435867
  Continuing with best-effort K (hard_abort_on_newton_fail=false).
  Set WRF_SDIRK3_HARD_ABORT_ON_NEWTON_FAIL=1 to abort on failure.
[NEWTON DAMP] Stage 3: K damped by 6.063e-06 (step=1.824e+08 > 5*ref=221.1)
[RESIDUAL_REEVAL] Stage 3 (IMEX mode>=2): ||R_fast||=2.303e+11, ||R_newton||=0.9128, ||K_fast||=4.228, rel_R_fast=5.447e+10, wrms=7.81e+06, wrms_growth=0.9941, finite_guard=off
[NEWTON DAMP] Stage 3: reverted (||R|| 2.303e+11 → 2.303e+11, no absolute improvement)
[STAGE METRIC TELEMETRY] stage=3, split_mode=3, converged=0, gate_metric_mode=0, gate_metric_used=wrms_growth, gate_metric_value=0.9941, rho_newton_scaled_exit=0.9128, rho_gate_current=5.447e+10, metric_mismatch=5.447e+10, rho_gate_raw=5.447e+10, rho_gate_abs_scaled=2.303e+11, wrms_norm=7.81e+06, wrms_growth=0.9941, rho_pred=0.9128, rho_actual=2.303e+11, rho_ratio=2.523e+11, r0_unscaled_l2=2.397e+14, mypx=0, mypy=0
SDIRK3_FIRST_FAILURE stage=3 signals_from_stage=3 signals_explicit=0 category=zero_update_after_total_failure layer=zero_update_bnorm_rule_or_step_recovery attribution=newton_stagnated attribution_layer=residual_floor_or_split attribution_measured=1 attribution_from_metric=0 specific_layer=threshold_sensitive_no_specific_layer layer_receipt=exit exit_attribution=none exit_attribution_layer=n/a attribution_specific_layer=threshold_sensitive_no_specific_layer threshold_value=0.9 threshold_distance=-0.005668 threshold_measured=1 threshold_sensitive=1 taylor_probe_iter=-1 taylor_covers_last_newton_iter=unmeasured event_basis=exit_receipt attribution_basis=aggregate_reconstruction retry=0 entry_finite=1 R0_measured=1 R0_finite=1 R_first=0.9999 R_last=0.9128 newton_iters=2 newton_budget=12 newton_converged=0 best_krylov_rel=0.8943 krylov_iters=326 gmres_total_failures=1 gmres_non_total_failures=1 gmres_tolerance_reached=0 R_last_measured=1 krylov_diverged=0 steps_accepted=1 steps_rejected=1 first_krylov_failure_iter=1 best_krylov_rel_vs_r0=0.5305 worst_krylov_rel_vs_r0=0.8943 worst_krylov_rho_D=0.8414 worst_krylov_rho_S=0.8943 worst_krylov_iter=0 krylov_solves_vs_r0=2 krylov_solves_trivial=0 worst_krylov_met_tol=0 worst_krylov_eta=0.3 worst_krylov_budget=163 worst_krylov_D_reached=0 worst_krylov_S_reached=0 worst_krylov_tol_source=ew_eta_clamp near_worst_all_met_tol=0 near_worst_mech_ambiguous=0 newton_exit=zero_update_after_total_failure exit_krylov_iter=1 exit_D_reached=0 exit_S_reached=0 exit_rho_stop=1.66 exit_rho_S=1242 exit_rho_E_entry_linear=235 exit_E_entry_linear_reached=0 exit_stop_metric=block_D exit_tol_source=ew_eta_clamp krylov_r0_unmeasured=0 krylov_rule_fellback_to_b=0 krylov_no_progress_thr=0.900000 krylov_restart_budget=163 krylov_max_restarts=1 total_failure_vs_b=1 total_failure_vs_r0=0 krylov_failure_rule=b first_rejection_iter=1 argmin_residual_iter=0 gate_metric_ok=1  (the first gate to refuse, in causal order -- a later one will also be refusing, and acting on it sends the work to the wrong layer)
[STAGE GATE] IMEX ARK Stage 3 failed (converged=0, rel_R_full=5.447e+10, gate_metric=0.9941, gate_threshold=100, metric=wrms_growth, R_full_norm=2.303e+11, growth=0.9941). ABORTING (severe non-convergence in mode3 safety gate).
[STEP TELEMETRY] split_mode=3, gate_fail=1, gate_retry=0, gate_continue=0, gate_abort=1, gate_catastrophic=0, gate_severe=1, stage2_gate_fail=0, stage2_retry=0, stage2_abort=0, stage2_nonfinite=0, stage2_nonfinite_retryable=0, stage2_nonfinite_retry_exhaust=0, stage2_nonfinite_catastrophic=0, stage2_metric_only_fail=0, stage2_kfast_nonfinite=0, stage2_soft_continue=0, explicit_fallback=0, retry_sanitize=0, retry_handoff_clip=0, stage4_preclip=0, firsthit=0, stage3_gate_fail=1, stage3_retry=0, halo_mark=0, halo_verify=0, halo_stale=0, halo_mark_total=0, halo_verify_total=0, halo_stale_total=0, halo_fresh_entry=1, final_update_aborted=1, update_norm=0, k3_term_norm=0, k3_term_share=0, progress_ref_norm=0, progress_ratio=0, progress_streak=0
[STEP OUTCOME] fail-closed outcome=20; skipping unifiedStep state publish before Fortran fatal gate.
[STEP OUTCOME] fail-closed outcome=20; skipping advanceZeroCopy writeback before Fortran fatal gate.
-------------- FATAL CALLED ---------------
FATAL CALLED FROM FILE:  <stdin>  LINE:    1383
SDIRK3 FAIL-CLOSED outcome=20 final_update_aborted=1 progress_ratio=  0.0000E+00 progress_ratio_valid=1 rk_step=1
-------------------------------------------
--------------------------------------------------------------------------
MPI_ABORT was invoked on rank 0 in communicator MPI_COMM_WORLD
  Proc: [[44434,0],0]
  Errorcode: 1

NOTE: invoking MPI_ABORT causes Open MPI to kill all MPI processes.
You may or may not see output from other processes, depending on
exactly when Open MPI kills them.
--------------------------------------------------------------------------
