taskid: 0 hostname: 10.nate.com
 module_io_quilt_old.F        2931 F
Quilting with   1 groups of   0 I/O tasks.
 Ntasks in X            1 , ntasks in Y            1
  Domain # 1: dx = ********* m
WRF V4.7.0 MODEL
git commit a8e91c9748149f9bc9a36a4b9db5dcd5e5d6d507
 *************************************
 Parent domain
 ids,ide,jds,jde            1          41           1          81
 ims,ime,jms,jme           -4          46          -4          86
 ips,ipe,jps,jpe            1          41           1          81
 *************************************
DYNAMICS OPTION: Eulerian Mass Coordinate
   alloc_space_field: domain            1 ,             201436844  bytes allocated
  med_initialdata_input: calling input_input
   Input data is acceptable to use: wrfinput_d01
 CURRENT DATE          = 0001-01-01_00:00:00
 SIMULATION START DATE = 0001-01-01_00:00:00
Timing for processing wrfinput file (stream 0) for domain        1:    0.06184 elapsed seconds
Initializing SDIRK3 implicit time integration in start_em
Max map factor in domain 1 =  1.00. Scale the dt in the model accordingly.
Timing for Writing wrfout_d01_0001-01-01_00:00:00 for domain        1:    0.11388 elapsed seconds
 === FORTRAN DEBUG: About to check USE_SDIRK3 block ===
 === FORTRAN DEBUG: config_flags%time_integration_scheme =           6
 Tile Strategy is not specified. Assuming 1D-Y
WRF TILE   1 IS      1 IE     41 JS      1 JE     81
WRF NUMBER OF TILES =   1
 === SDIRK3 FORTRAN: Entering main SDIRK3 computation ===
 === SDIRK3 FORTRAN: itimestep =           1
 === SDIRK3 FORTRAN: num_tiles =           1
 === SDIRK3 FORTRAN: checking initialization...
Using SDIRK3 implicit time integration
 === BEFORE sdirk3_initialize_solvers ===
SDIRK3: init_implicit_sdirk3 called
SDIRK3 init_implicit: kde from pb array = 65, kde-1 = 64
UNIFIED SDIRK3: Allocating space for 1 tile solvers
[CONFIG] wrf_w_damping = 0
[CONFIG] wrf_zadvect_implicit = 0
[CONFIG] wrf_w_crit_cfl = 1
[C++ CONFIG DEBUG] Setting precond_type = 2
[CONFIG] precond_mu_coupling_damping = 0.1
[CONFIG DEBUG] Setting jvp_method = 0 (from value 0), use_autograd = 0
[CONFIG DEBUG] Setting use_autograd = 1 (from value 1), jvp_method = 1
[CONFIG] enable_stage_halo_exchange = 0
[CONFIG] stage_boundary_sync = false
[CONFIG] nk_trust_region = false
[CONFIG] stage2_gmres_restart = 8
[CONFIG] stage2_max_krylov_restarts = 1
[CONFIG] stage2_krylov_tol = 0
[CONFIG] stage2_ew_eta_min = 0
[CONFIG] stage2_ew_eta_max = 0
[CONFIG] stage3_gmres_restart = 0
[CONFIG] stage3_max_krylov_restarts = 0
[CONFIG] stage3_krylov_tol = 0
[CONFIG] stage3_ew_eta_min = 0
[CONFIG] stage3_ew_eta_max = 0
[CONFIG] IMEX raw: imex_split_mode=3, imex_enabled=0
[CONFIG] IMEX effective: mode=3 (post-solve IMEX ARK324)
[CONFIG] imex_slow_in_tangent = 0
[CONFIG] imex_phys_in_tangent = 0
[CONFIG] stage1_explicit = 0
[CONFIG] stage3_warmstart = 0
[CONFIG] stage_fail_action = 0 (0=continue, 1=abort, 2=retry_once_then_abort)
[CONFIG] gate_metric_mode = 0 (0=wrms_growth, 1=scaled_abs, 2=legacy_rel)
[CONFIG] stage3_gate_rel_threshold = 0 (0=use stage_gate_rel_threshold)
[CONFIG] stagnation_gate_enable = false
[CONFIG] stagnation_growth_floor = 0.9
[CONFIG] stage_require_convergence = false
[CONFIG] hevi_split = false
[CONFIG] split_explicit = false
[CONFIG] mu_horizontal_div_only = false
[CONFIG] wrf_omega_ww_cp = false
[CONFIG] mass_coordinate_mode = 0 (Legacy)
[CONFIG] split_explicit_time_step_sound = 4
[CONFIG] split_explicit_epssm = 0.1
[CONFIG] split_explicit_smdiv = 0.1
[CONFIG] split_explicit_emdiv = 0.01
[CONFIG] split_explicit_top_lid = false
[CONFIG] hopeless_relax = false
[CONFIG] precond_ratio_guard_warn_only = false
[CONFIG] jvp_auto_bench_calls = 0
[CONFIG] jvp_auto_bench_quality_gate = false
[CONFIG] jvp_auto_bench_warmup = 0
[CONFIG] jvp_auto_bench_seed = 0
[CONFIG] jvp_auto_bench_lock_reset_stage1 = false
[CONFIG] solver_telemetry = true
[CONFIG] progress_invariant_enable = false
[CONFIG] progress_invariant_min_ratio = 0
[CONFIG] progress_invariant_streak_limit = 0
[CONFIG] variable_pc_event_log = false
[CONFIG] gmres_warmstart = true
[CONFIG] gmres_warmstart_quality_gate = 1
[CONFIG] inn_warmstart_enable = true
[CONFIG] inn_residual_gate_enable = true
[CONFIG] inn_q_min = 0
[CONFIG] inn_gate_rel_tol = 1e-06
[CONFIG] inn_gate_q_noise = 5e-07
[CONFIG] inn_beta_max = 0.25
[CONFIG] inn_ood_guard_enable = false
[CONFIG] inn_tol_ramp_enable = false
[CONFIG] inn_tol_ramp_gamma = 1
[CONFIG] rhs_bc_parity = false
[CONFIG] mass_pgf_bc_guard = false
[CONFIG] precond_horizontal_smooth_alpha = 0
[CONFIG] precond_horizontal_smooth_iters = 1
[CONFIG] precond_vertical_smooth_alpha = 0
[CONFIG] precond_smooth_boundary_guard = false
[CONFIG] trust_region_block_aware_thresh = 0
[CONFIG] trust_fallback_relax = false
[CONFIG] trust_fallback_ratio = 0.98
[CONFIG] direct_u_solve_thresh = 0
[CONFIG] enable_ad_halo_exchange = 0
[CONFIG] obs_source_mode = 0
[CONFIG] obs_window_sync_mode = 0
SDIRK3: Configuration updated from namelist
SDIRK3: MPI baseline thread established by sdirk3_mpi_safety_init, MPI thread level 0 (single-flight contract enforced regardless)
SDIRK3 DEBUG: kds/kde/kms/kme/kts/kte =     1   65    1   65    1   64
SDIRK3 init: WRF-consistent nz=64 (kde=65, kte=64, kts=1)
SDIRK3 INIT DEBUG: jte=   81, jde=   81, jte==jde=T
SDIRK3 DEBUG: Creating solver with nx/ny/nz=   41   81   64, nx_u/ny_v/nz_w=   42   82   65
[CONFIG ENV] stage2_gmres_restart = 192
[CONFIG EFFECTIVE] precond: gs_beta=0.5, theta_factor=0, w_boost=2, uv_vfrac=1, warmup_start=0, refinement=1, relaxation=0, coupled_phi_w=off, du_weak=1/0.95
[CONFIG EFFECTIVE] wdamp_parity: wrf_w_damping=0 wrf_zadvect_implicit=0 w_damp_alpha=0.3 wrf_w_crit_cfl=1 legacy_w_crit_cfl=1 implicit_wdamp=1
[CONFIG EFFECTIVE] stagnation_gate=off, growth_floor=0.9
[CONFIG EFFECTIVE] stage_require_convergence=off (legacy soft-continue)
[CONFIG EFFECTIVE] hevi_split=off (full implicit)
[CONFIG EFFECTIVE] mu_horizontal_div_only=off (mu tendency also carries the omega*rdnw column sum div_z)
[CONFIG EFFECTIVE] mass_coordinate_mode=0 (Legacy) -> omega_ww_cp=off, mu_horizontal_div_only=off
[CONFIG EFFECTIVE] wrf_omega_ww_cp(raw)=off (Omega = rom = mu*w, the coupled vertical momentum)
[CONFIG EFFECTIVE] split_explicit=off (ARK324 implicit)
[CONFIG EFFECTIVE] solver: gmres_restart=10, max_krylov=2, max_newton=12, stage_fail=0, gate_metric_mode=0, s4_severe_abort=on, retry_nan_sanitize=off, firsthit_probe=off, s4_preclip=off, s4_clip_abs=1e+06, retry_handoff_clip=off, retry_handoff_clip_abs=1e+06, jvp_block_eps=off, true_res=12+8, arnoldi_stag=3/0.995, mixed_fd=0
[CONFIG EFFECTIVE] thresholds: near_fail=0.003, stall=0.003, catastrophic_cap=10000/abs100, explosion=10000/100, fd_samples=0
[CONFIG EFFECTIVE] limits: zero_step_stall=3, gs_awphi_cap=1, stage_gate=100, stage3_gate=0, stage_damp=10, growth_cap=10, K_floor=1, gate_metric_mode=0, tr_max_rel=0.5
[CONFIG EFFECTIVE] r49: stage2_budget=192/1/0, stage2_ew=0/0, stage3_budget=0/0/0, stage3_ew=0/0, stage3_warmstart=off, hopeless_relax=off, precond_guard_warn_only=off, jvp_bench=0, jvp_bench_qgate=off, jvp_bench_warmup=0, jvp_bench_seed=0, jvp_bench_reset_s1=off, solver_tel=on, p_inv=off/0/0, varpc_log=off, gmres_warmstart=on, gmres_ws_gate=1, inn_ws=on, inn_gate=on, inn_qmin=0, inn_gate_rel_tol=1e-06, inn_gate_q_noise=5e-07, inn_beta=0.25, inn_ood=off, inn_tol_ramp=off/1, rhs_bc_parity=off, mass_pgf_bc_guard=off, stage_bsync=off, h_smooth=0/1, v_smooth=0, smooth_bdy_guard=off, block_tr=0, tr_fb_relax=off, tr_fb_ratio=0.98, direct_u=0, blk_scale=1
[CONFIG PROVENANCE] tile=1 experiment{uv_slow=none stage1_substeps=1} digest=0xd4cfc4696c08b97c diagnostics{trace_u_terms=0 dump_advect_u_split=0}

=== TileSDIRK3UnifiedSolver CONSTRUCTOR ===
  nx=41, ny=81, nz=64
  ny_v_=82, nx_u_=42, nz_w_=65
  periodic_x=0, periodic_y=0
  About to set PyTorch threads to 1
  PyTorch threads set to 1 (interop=1)
  rdnw validated: 64 levels
    rdnw[0] = 28.1039, rdnw[63] = 201.272
[SDIRK3] fnm[1]+fnp[1]=1 (should be 1.0)
  Boundary conditions:
    periodic_x=0
    periodic_y=0
    symmetric_xs=0
    symmetric_xe=0
    symmetric_ys=0
    symmetric_ye=0
    is_idealized=0

=== STORING GRID PARAMETERS IN unifiedStep ===
  rdx vector size = 1
  rdy vector size = 1
  rdx[0] = 1e-05 (1/dx)
  rdy[0] = 1e-05 (1/dy)
[CONFIG DIAGNOSTIC] g_sdirk3_config.debug_level = 1
[CONFIG DIAGNOSTIC] g_sdirk3_config.nk_adaptive_tol = TRUE
[CONFIG DIAGNOSTIC] g_sdirk3_config.nk_line_search = TRUE
[CONFIG DIAGNOSTIC] g_sdirk3_config.precond_type = 2
[CONFIG DIAGNOSTIC] g_sdirk3_config.max_krylov_iter = 2
[CONFIG DIAGNOSTIC] g_sdirk3_config.krylov_tol = 0.1
[CONFIG DIAGNOSTIC] nk_options.verbose = FALSE
[NEWTON SOLVER CONFIG] Preconditioner: ENABLED (type=2)
[NEWTON SOLVER CONFIG] GMRES restart: 10
[NEWTON SOLVER CONFIG] Max Krylov iter: 2
[NEWTON SOLVER CONFIG] Krylov tol (base): 0.1
[NEWTON SOLVER CONFIG] Eisenstat-Walker: ENABLED
[NEWTON SOLVER CONFIG] Line search: ENABLED
[NEWTON SOLVER CONFIG] 4DVAR replay: save_trajectory=DISABLED, checkpoint_interval=10, retain_graph_for_adjoint=DISABLED
[NEWTON SOLVER CONFIG] Grid dimensions for JVP epsilon scaling:
  nx=41, ny=81, nz=64
  nx_u=42, ny_v=82, nz_w=65 (constructor defaults, will be updated by setStaggeredDimensions)
[PRECOND SELECTION] UnifiedPreconditioner with W-θ coupling (precond_type=2)
[PRECOND] w_acoustic_boost = 2 (from config)
[PRECOND] theta_acoustic_factor = 0 (from config)
UnifiedPreconditioner: Implicit damping/diffusion enabled:
  - Divergence damping: kdamp=0.2
  - Rayleigh damping: coef=0.2
  - W-damping: alpha=0.3
  - Vertical diffusion: kvdif=100
  IMEX scope gating (mode=3): rayleigh=OFF vdiff=OFF divergence=on
  wdamp: physical_w_direct_diag=0 extra_regularization=OFF
[PRECOND CTOR] STEP A: Damping config done, creating diagonal arrays with nz=64
[PRECOND CTOR] STEP A1: About to create TensorOptions
[PRECOND CTOR] STEP A2: TensorOptions created, calling torch::ones({nz+1})
[PRECOND CTOR] STEP A3: vertical_diag_w_ created
[PRECOND CTOR] STEP B: Diagonal arrays created
[PRECOND CTOR] STEP C: Off-diagonal arrays done, checking dz
[PRECOND CTOR] STEP D: dz_effective computed, caching...
[PRECOND CTOR] STEP E: dz_effective_cached_ done, size=64
[PRECONDITIONER] Raw momentum_coupling = 88000

[PRECONDITIONER] W-block momentum coupling (from actual grid data):
  μ_representative (from mub.mean()) = 88000 Pa
  c1f_representative (from c1f.mean()) = 1
  c2f_representative (from c2f.mean()) = 0
  msfty_representative (from msfty.mean()) = 1
  msfty_safe (guarded) = 1
  Coupling factor (c1f*μ+c2f)/msfty = 88000 (scalar), per-k enabled

[PRECOND DIAG k=1] CONFIG-DRIVEN PRECONDITIONER:
  Config: clamps=ON, damping=0.05, momentum_range=[10000, 100000]
  Raw physics:
    diag_contribution = 0.4624
    momentum_coupling_raw = 88000
  Scaling:
    diag_contrib / momentum_coupling = 5.25455e-06
    dt = 0.1, gamma = 0.435867, dt*gamma = 0.0435867
    dt*gamma*contrib_scaled = 2.29028e-07
  Acoustic Schur complement (W↔φ coupling):
    c_s = 340 m/s, dz_w = 500 m
    acoustic_cfl = dt*gamma*c_s/dz = 0.0296389
    acoustic_cfl² = 0.000878466
    A_phi_diag = 1 + dt*gamma*c_s²/dz² = 1.02015
    acoustic_schur = cfl²/A_phi = 0.000861111
    acoustic_schur_boosted = 0.00172222 (boost=2x)
  Diagonal:
    1 + direct + acoustic_schur_boosted = 1.00172 (pure physics)
    + damping_factor = 1.05172 (with 0.05 damping)
    Final diagonal = 1.05172
  Preconditioning strength: 1/diagonal = 0.950821x

[PRECOND DIAG k=2] CONFIG-DRIVEN PRECONDITIONER:
  Config: clamps=ON, damping=0.05, momentum_range=[10000, 100000]
  Raw physics:
    diag_contribution = 0.4624
    momentum_coupling_raw = 88000
  Scaling:
    diag_contrib / momentum_coupling = 5.25455e-06
    dt = 0.1, gamma = 0.435867, dt*gamma = 0.0435867
    dt*gamma*contrib_scaled = 2.29028e-07
  Acoustic Schur complement (W↔φ coupling):
    c_s = 340 m/s, dz_w = 500 m
    acoustic_cfl = dt*gamma*c_s/dz = 0.0296389
    acoustic_cfl² = 0.000878466
    A_phi_diag = 1 + dt*gamma*c_s²/dz² = 1.02015
    acoustic_schur = cfl²/A_phi = 0.000861111
    acoustic_schur_boosted = 0.00172222 (boost=2x)
  Diagonal:
    1 + direct + acoustic_schur_boosted = 1.00172 (pure physics)
    + damping_factor = 1.05172 (with 0.05 damping)
    Final diagonal = 1.05172
  Preconditioning strength: 1/diagonal = 0.950821x

[PRECOND DIAG k=3] CONFIG-DRIVEN PRECONDITIONER:
  Config: clamps=ON, damping=0.05, momentum_range=[10000, 100000]
  Raw physics:
    diag_contribution = 0.4624
    momentum_coupling_raw = 88000
  Scaling:
    diag_contrib / momentum_coupling = 5.25455e-06
    dt = 0.1, gamma = 0.435867, dt*gamma = 0.0435867
    dt*gamma*contrib_scaled = 2.29028e-07
  Acoustic Schur complement (W↔φ coupling):
    c_s = 340 m/s, dz_w = 500 m
    acoustic_cfl = dt*gamma*c_s/dz = 0.0296389
    acoustic_cfl² = 0.000878466
    A_phi_diag = 1 + dt*gamma*c_s²/dz² = 1.02015
    acoustic_schur = cfl²/A_phi = 0.000861111
    acoustic_schur_boosted = 0.00172222 (boost=2x)
  Diagonal:
    1 + direct + acoustic_schur_boosted = 1.00172 (pure physics)
    + damping_factor = 1.05172 (with 0.05 damping)
    Final diagonal = 1.05172
  Preconditioning strength: 1/diagonal = 0.950821x
[PRECOND UV] Capped vertical acoustic proxy in D_u/D_v: uv_vfrac 1 -> 5e-05 (horiz=2.312e-05, vert=0.4624)

[PRECOND DIAG SUMMARY] dt=0.1 gamma=0.435867 dt*gamma=0.0435867
  D_w  range: [1, 1.05172]
  D_θ  range: [1, 1]
  D_u  range: [1, 1]
  D_φ  range: [1.02015, 1.02015]
  D_μ  value: 1
SDIRK3_PRECOND_WDAMP_DIAG dt=0.1 rhs_config_enabled=0 physical_w_direct_diag=0 extra_regularization=0 extra_alpha=0 momentum_coupling_min=88000 momentum_coupling_max=88000 legacy_scaled_min=3.40909e-06 legacy_scaled_max=3.40909e-06 final_wdiag_min=1 final_wdiag_max=1.05172 coefficient_generation=0
TileSDIRK3UnifiedSolver created for tile 1 with dimensions 41x81x64
[NEWTON SOLVER] Updated grid dimensions:
  Grid: 41x81x64
  Stagger: 42,82,65
  Total size: 1080491
  Scaling vectors invalidated (will rebuild)
SDIRK3: Boundary conditions set for solver 0x863139000
  periodic_x=1, periodic_y=0
  symmetric_xs=0, symmetric_xe=0
  symmetric_ys=1, symmetric_ye=1
  open_xs=0, open_xe=0, open_ys=0, open_ye=0
  specified=0, nested=0
SDIRK3: Map projection set for solver 0x863139000
  map_proj=0 (idealized case)
UNIFIED SDIRK3: Initialized 1 tile solvers
UNIFIED SDIRK3: L-stable implicit integration; realized stability depends on the verified IMEX partition, the configured split-explicit acoustic operator, and sufficiently converged implicit stages
SDIRK3: Solvers initialized for solve_em
SDIRK3: Using finite difference for JVP computation
[CONFIG] Workers started - config changes will now trigger warnings
 === AFTER sdirk3_initialize_solvers ===
 === BEFORE set_base_state_sdirk3 ===
[SDIRK3] ph_base range: 0 / 156973
[SDIRK3] grid_info_->p_base range: 11080 to 98357.7 Pa
[SDIRK3] grid_info_->alb range: 0.816593 to 6.11678 m³/kg
[SDIRK3] dampcoef range: 0 to 0.198769
DEBUG: Base state generation incremented to 1 (will trigger refresh in first unifiedStep with real dt)
DEBUG: computeTerrainSlopes completed
  zx_ shape: [81, 65, 41]
  zy_ shape: [81, 65, 41]
  zx_ range: [0, 0]
  zy_ range: [0, 0]
 === AFTER set_base_state_sdirk3 ===
 === DEBUG: After calc_cq in solve_em ===
 num_3d_m =            2
 cqu(ips,k_start,jps) =    1.00000000    
 cqv(ips,k_start,jps) =    1.00000000    
 cqw(ips,k_start,jps) =    0.00000000    
 cqu min/max:    1.00000000       1.00000000    
SDIRK3 DEBUG: periodic_x=T, ids/ide/ims/ime/its/ite=    1   41   -4   46    1   41
SDIRK3 SOLVE DEBUG: jte=   81, jde=   81, jte==jde=T
SDIRK3 solve_em: Using nx/ny/nz=   41   81   64, nx_u/ny_v/nz_w=   42   82   65
d01 0001-01-01_00:00:00 SDIRK3: First 5 msfty values from Fortran (tile start):       1.0000      1.0000      1.0000      1.0000      1.0000
d01 0001-01-01_00:00:00 SDIRK3: msfty has        0 zeros out of     3321
[SDIRK3] advanceZeroCopy p_base range: [11080, 98357.7] Pa
[SDIRK3] Grid config: rdx=1e-05, rdy=1e-05, kdamp=0.01, khdif=0, kvdif=0
[SDIRK3] Boundary tensor creation skipped: spec_bdy_width=0 (periodic/global domain)
[SDIRK3] t_patch range: -41.1606 / 147.995 K
[SDIRK3] u-slice: j[5:86] k[0:64] i[5:47]
[SDIRK3] v-slice: j[5:87] k[0:64] i[5:46]
[SDIRK3] mass-slice: j[5:86] k[0:64] i[5:46]
[SDIRK3] t_tile range: -41.1606 / 147.995 K
[SDIRK3] t_contig range: -41.1606 / 147.995 K
[SDIRK3] U west halo max: 67.3412, east halo max: 67.3412
[SDIRK3] V west halo max: 0, east halo max: 0
[SDIRK3] RSL_LITE i_compute: [5, 36]
[SDIRK3] RSL_LITE j_compute: [5, 76]
[SDIRK3] msftx_tile min=1 max=1
[SDIRK3] p_pert range: -10.7083 / 8.05528 Pa
[SDIRK3] t_pert range: -41.1606 / 147.995 K
[SDIRK3] al range: -0.201733 / 0.130076 m³/kg

=== RDN VALUES FROM WRF ===
  nz = 64
  rdn_ size = 64
  First 10 rdn values:
    rdn_[0] = 0
    rdn_[1] = 28.5429
    rdn_[2] = 29.449
    rdn_[3] = 30.3838
    rdn_[4] = 31.3483
    rdn_[5] = 32.3434
    rdn_[6] = 33.3701
    rdn_[7] = 34.4293
    rdn_[8] = 35.5223
    rdn_[9] = 36.6498
  Max |rdn| = 198.127 at k = 63
============================
[SDIRK3] fnm[1]+fnp[1]=1 (should be 1.0)

=== RDZW COMPUTED FROM RDNW ===
  nz = 64
  First 5 rdnw/rdzw pairs:
    rdnw[0] = 28.1039 -> rdzw[0] = 28.1039
    rdnw[1] = 28.996 -> rdzw[1] = 28.996
    rdnw[2] = 29.9164 -> rdzw[2] = 29.9164
    rdnw[3] = 30.8661 -> rdzw[3] = 30.8661
    rdnw[4] = 31.8458 -> rdzw[4] = 31.8458
  c1h_ min/max: 1 / 1
  fnm_ min/max: 0 / 0.507814
  fnp_ min/max: 0 / 0.492189

=== BASE STATE VALIDATION ===
  c1f_ range: [1, 1]
  c2f_ range: [0, 0]

=== DEBUG: Packed State Check ===
  U_n has NaN: NO
  U_n has Inf: NO
  F_phys has NaN: NO
  F_phys has Inf: NO
  F_phys min/max: 0 / 0
  F_phys norm: 0
  ru_tend min/max: 0 / 0
  t_tend min/max: 0 / 0
  mu_tend min/max: 0 / 0
  t min/max: -41.1606 / 147.995
  mu min/max: -10.8906 / 8.19531
  u max: 67.3412
[PRECOND UPDATE] Called with dt=600, gamma=0.435867 (stored dt_=0.1, gamma_=0.435867)
DEBUG: Preconditioner dt/gamma changed, refreshing coefficients
DEBUG: Base state generation changed (now 1), refreshing coefficients with REAL mub/th_base!
DEBUG: ScalarMeanCache epoch changed (now 3), refreshing coefficients (msfty/mub/c1f/c2f may have changed)
UnifiedPreconditioner: Implicit damping/diffusion enabled:
  - Divergence damping: kdamp=0.2
  - Rayleigh damping: coef=0.2
  - W-damping: alpha=0.3
  IMEX scope gating (mode=3): rayleigh=OFF vdiff=OFF divergence=on
  wdamp: physical_w_direct_diag=0 extra_regularization=OFF
[PRECOND CTOR] STEP A: Damping config done, creating diagonal arrays with nz=64
[PRECOND CTOR] STEP A1: About to create TensorOptions
[PRECOND CTOR] STEP A2: TensorOptions created, calling torch::ones({nz+1})
[PRECOND CTOR] STEP A3: vertical_diag_w_ created
[PRECOND CTOR] STEP B: Diagonal arrays created
[PRECOND CTOR] STEP C: Off-diagonal arrays done, checking dz
[DZ] grid_info_->dz dim=1 sizes=[64] device=cpu
[PRECOND CTOR] STEP D: dz_effective computed, caching...
[PRECOND CTOR] STEP E: dz_effective_cached_ done, size=64
[PRECONDITIONER] Raw momentum_coupling = 89083.9
[PRECONDITIONER] Per-k momentum_coupling range: 89083.9 to 89083.9 (scalar avg = 89083.9)

[PRECONDITIONER] W-block momentum coupling (from actual grid data):
  μ_representative (from mub.mean()) = 89083.9 Pa
  c1f_representative (from c1f.mean()) = 1
  c2f_representative (from c2f.mean()) = 0
  msfty_representative (from msfty.mean()) = 1
  msfty_safe (guarded) = 1
  Coupling factor (c1f*μ+c2f)/msfty = 89083.9 (scalar), per-k enabled

[PRECOND DIAG k=1] CONFIG-DRIVEN PRECONDITIONER:
  Config: clamps=ON, damping=0.05, momentum_range=[10000, 100000]
  Raw physics:
    diag_contribution = 1.66387
    momentum_coupling_raw = 89083.9
  Scaling:
    diag_contrib / momentum_coupling = 1.86776e-05
    dt = 600, gamma = 0.435867, dt*gamma = 261.52
    dt*gamma*contrib_scaled = 0.00488456
  Acoustic Schur complement (W↔φ coupling):
    c_s = 340 m/s, dz_w = 263.584 m
    acoustic_cfl = dt*gamma*c_s/dz = 337.338
    acoustic_cfl² = 113797
    A_phi_diag = 1 + dt*gamma*c_s²/dz² = 436.136
    acoustic_schur = cfl²/A_phi = 260.92
    acoustic_schur_boosted = 521.841 (boost=2x)
  Diagonal:
    1 + direct + acoustic_schur_boosted = 522.846 (pure physics)
    + damping_factor = 522.896 (with 0.05 damping)
    Final diagonal = 522.896
  Preconditioning strength: 1/diagonal = 0.00191243x

[PRECOND DIAG k=2] CONFIG-DRIVEN PRECONDITIONER:
  Config: clamps=ON, damping=0.05, momentum_range=[10000, 100000]
  Raw physics:
    diag_contribution = 1.67427
    momentum_coupling_raw = 89083.9
  Scaling:
    diag_contrib / momentum_coupling = 1.87943e-05
    dt = 600, gamma = 0.435867, dt*gamma = 261.52
    dt*gamma*contrib_scaled = 0.00491509
  Acoustic Schur complement (W↔φ coupling):
    c_s = 340 m/s, dz_w = 262.764 m
    acoustic_cfl = dt*gamma*c_s/dz = 338.39
    acoustic_cfl² = 114508
    A_phi_diag = 1 + dt*gamma*c_s²/dz² = 438.855
    acoustic_schur = cfl²/A_phi = 260.924
    acoustic_schur_boosted = 521.848 (boost=2x)
  Diagonal:
    1 + direct + acoustic_schur_boosted = 522.853 (pure physics)
    + damping_factor = 522.903 (with 0.05 damping)
    Final diagonal = 522.903
  Preconditioning strength: 1/diagonal = 0.0019124x

[PRECOND DIAG k=3] CONFIG-DRIVEN PRECONDITIONER:
  Config: clamps=ON, damping=0.05, momentum_range=[10000, 100000]
  Raw physics:
    diag_contribution = 1.68823
    momentum_coupling_raw = 89083.9
  Scaling:
    diag_contrib / momentum_coupling = 1.8951e-05
    dt = 600, gamma = 0.435867, dt*gamma = 261.52
    dt*gamma*contrib_scaled = 0.00495608
  Acoustic Schur complement (W↔φ coupling):
    c_s = 340 m/s, dz_w = 261.675 m
    acoustic_cfl = dt*gamma*c_s/dz = 339.798
    acoustic_cfl² = 115463
    A_phi_diag = 1 + dt*gamma*c_s²/dz² = 442.507
    acoustic_schur = cfl²/A_phi = 260.929
    acoustic_schur_boosted = 521.858 (boost=2x)
  Diagonal:
    1 + direct + acoustic_schur_boosted = 522.863 (pure physics)
    + damping_factor = 522.913 (with 0.05 damping)
    Final diagonal = 522.913
  Preconditioning strength: 1/diagonal = 0.00191236x

[PRECOND DIAG SUMMARY] dt=600 gamma=0.435867 dt*gamma=261.52
  D_w  range: [1, 523.113]
  D_θ  range: [1, 1]
  D_u  range: [1.01209, 1.01209]
  D_φ  range: [405.948, 532.311]
  D_μ  value: 1.00466
SDIRK3_PRECOND_WDAMP_DIAG dt=600 rhs_config_enabled=0 physical_w_direct_diag=0 extra_regularization=0 extra_alpha=0 momentum_coupling_min=89083.9 momentum_coupling_max=89083.9 legacy_scaled_min=3.36761e-06 legacy_scaled_max=3.36761e-06 final_wdiag_min=1 final_wdiag_max=523.113 coefficient_generation=1
[COUPLED DIAG] Coefficient landscape (nz=64, dt*gamma=261.52, c_s=340, g=9.81, boost=2):
  [clamps=ON, damping=0.05]
  k | D_phi | D_W_nosb | D_W_full | damp | schur_boost | GS_same(k) | GS_km1(k-1) | phys_g/dz | pdet_full | pdet_nosb_gs | pdet_nosb_phys
  1 | 436.1356 | 1.0549 | 522.8955 | 0.0500 | 521.8406 | 0.0001 | -0.0001 | 9.7332 | 114256.7031 | 460.0666 | 365.3318
  16 | 491.0512 | 1.0555 | 523.0302 | 0.0500 | 521.9747 | 0.0001 | -0.0001 | 10.3291 | 128676.4688 | 518.2952 | 411.6046
  32 | 531.8401 | 1.0560 | 523.1123 | 0.0500 | 522.0563 | 0.0001 | -0.0001 | 10.7504 | 139386.8594 | 561.6068 | 446.0359
  48 | 497.7715 | 1.0555 | 523.0446 | 0.0500 | 521.9891 | 0.0001 | -0.0001 | 10.3997 | 130441.0703 | 525.4188 | 417.2650
  63 | 405.9480 | 1.0545 | 522.8059 | 0.0500 | 521.7514 | 0.0001 | -0.0001 | 9.3895 | 106330.0547 | 428.0740 | 339.9114
[COUPLED DIAG] Top level (nz_w=64): D_phi_top=435.233, D_W_top=1 (boundary: coupling=0, no off-diag)
[COUPLED DIAG] Proxy-det ranges (same-level approx, ignores k-1 coupling):
  pdet(D_W_full, acfl²):    [106330, 139510] candidate
  pdet(D_W_nosb, GS²):      [428.074, 562.106] candidate
  pdet(D_W_nosb, phys²):    [339.911, 446.439] candidate
  NOTE: positive proxy = necessary but NOT sufficient for block-Thomas stability
[COUPLED DIAG] Coupling scale summary (k=1):
  acoustic_cfl=337.338, GS_Awp(uncapped,no_beta)=0.000109259 [same=0.000109259, km1=-0.000109259], phys_g/dz=9.73318, ratio acfl/gs=3.08752e+06, ratio acfl/phys=34.6585
[IMEX MODE=3] Post-solve ARK324 active slow_in_tangent=0 phys_in_tangent=0
[RHS DEBUG GUARD] debug_level=1, ENABLE_RHS_DEBUG=FALSE
[IMEX MODE=3] Stage 2 predictor depth=1 (last stage converged=1, rel_R_full_raw=0)
[PHYSICS] Physics forcing inactive (ideal test case, max(|F_phys|) = 0)
[RHS CONFIG] split_mode=3 omega_update_ref_per_newton=0 omega_w_blend=1 imex_enabled=0 imex_split_mode=3 precond_relaxation=0 w_acoustic_boost=2

=== NEWTON SOLVER ENTRY ===
  Stage: 2
  dt: 600, gamma: 0.435867
  dt*gamma: 261.52 (implicit timestep)
  U_n dim: 1, size: 1080491
  U_n shape: [1080491]
  max_newton_iter: 12
  newton_tol: 0.2
  gmres_restart: 10
=========================
Stage 2: Using predictor from K_prev, ||K|| = 0.845519 (K_prev depth=1)
[PRECOND] set_stage_state ENTRY: stage=2, mu_pert.defined()=1, mu_pert.dim()=2
[PRECOND] set_stage_state: mu_base_2d.sizes()=[81, 41], mu_pert.sizes()=[81, 41]
[PRECOND] mu_scale_correction = 0.999985 (mu_full_mean=89082.5 / mu_rep=89083.9)
[PRECOND] set_stage_state: stage=2, ||mu_pert||/||mu_base||=0.00932483% -> RECOMPUTE (stage changed)
UnifiedPreconditioner: Implicit damping/diffusion enabled:
  - Divergence damping: kdamp=0.2
  - Rayleigh damping: coef=0.2
  - W-damping: alpha=0.3
  IMEX scope gating (mode=3): rayleigh=OFF vdiff=OFF divergence=on
  wdamp: physical_w_direct_diag=0 extra_regularization=OFF
[PRECOND CTOR] STEP A: Damping config done, creating diagonal arrays with nz=64
[PRECOND CTOR] STEP A1: About to create TensorOptions
[PRECOND CTOR] STEP A2: TensorOptions created, calling torch::ones({nz+1})
[PRECOND CTOR] STEP A3: vertical_diag_w_ created
[PRECOND CTOR] STEP B: Diagonal arrays created
[PRECOND CTOR] STEP C: Off-diagonal arrays done, checking dz
[PRECOND CTOR] STEP D: dz_effective computed, caching...
[PRECOND CTOR] STEP E: dz_effective_cached_ done, size=64
[PRECONDITIONER] Raw momentum_coupling = 89083.9
[PRECONDITIONER] Per-k momentum_coupling range: 89083.9 to 89083.9 (scalar avg = 89083.9)

[PRECONDITIONER] W-block momentum coupling (from actual grid data):
  μ_representative (from mub.mean()) = 89083.9 Pa
  c1f_representative (from c1f.mean()) = 1
  c2f_representative (from c2f.mean()) = 0
  msfty_representative (from msfty.mean()) = 1
  msfty_safe (guarded) = 1
  Coupling factor (c1f*μ+c2f)/msfty = 89083.9 (scalar), per-k enabled

[PRECOND DIAG k=1] CONFIG-DRIVEN PRECONDITIONER:
  Config: clamps=ON, damping=0.05, momentum_range=[10000, 100000]
  Raw physics:
    diag_contribution = 1.66387
    momentum_coupling_raw = 89083.9
  Scaling:
    diag_contrib / momentum_coupling = 1.86776e-05
    dt = 600, gamma = 0.435867, dt*gamma = 261.52
    dt*gamma*contrib_scaled = 0.00488456
  Acoustic Schur complement (W↔φ coupling):
    c_s = 340 m/s, dz_w = 263.584 m
    acoustic_cfl = dt*gamma*c_s/dz = 337.338
    acoustic_cfl² = 113797
    A_phi_diag = 1 + dt*gamma*c_s²/dz² = 436.136
    acoustic_schur = cfl²/A_phi = 260.92
    acoustic_schur_boosted = 521.841 (boost=2x)
  Diagonal:
    1 + direct + acoustic_schur_boosted = 522.846 (pure physics)
    + damping_factor = 522.896 (with 0.05 damping)
    Final diagonal = 522.896
  Preconditioning strength: 1/diagonal = 0.00191243x

[PRECOND DIAG k=2] CONFIG-DRIVEN PRECONDITIONER:
  Config: clamps=ON, damping=0.05, momentum_range=[10000, 100000]
  Raw physics:
    diag_contribution = 1.67427
    momentum_coupling_raw = 89083.9
  Scaling:
    diag_contrib / momentum_coupling = 1.87943e-05
    dt = 600, gamma = 0.435867, dt*gamma = 261.52
    dt*gamma*contrib_scaled = 0.00491509
  Acoustic Schur complement (W↔φ coupling):
    c_s = 340 m/s, dz_w = 262.764 m
    acoustic_cfl = dt*gamma*c_s/dz = 338.39
    acoustic_cfl² = 114508
    A_phi_diag = 1 + dt*gamma*c_s²/dz² = 438.855
    acoustic_schur = cfl²/A_phi = 260.924
    acoustic_schur_boosted = 521.848 (boost=2x)
  Diagonal:
    1 + direct + acoustic_schur_boosted = 522.853 (pure physics)
    + damping_factor = 522.903 (with 0.05 damping)
    Final diagonal = 522.903
  Preconditioning strength: 1/diagonal = 0.0019124x

[PRECOND DIAG k=3] CONFIG-DRIVEN PRECONDITIONER:
  Config: clamps=ON, damping=0.05, momentum_range=[10000, 100000]
  Raw physics:
    diag_contribution = 1.68823
    momentum_coupling_raw = 89083.9
  Scaling:
    diag_contrib / momentum_coupling = 1.8951e-05
    dt = 600, gamma = 0.435867, dt*gamma = 261.52
    dt*gamma*contrib_scaled = 0.00495608
  Acoustic Schur complement (W↔φ coupling):
    c_s = 340 m/s, dz_w = 261.675 m
    acoustic_cfl = dt*gamma*c_s/dz = 339.798
    acoustic_cfl² = 115463
    A_phi_diag = 1 + dt*gamma*c_s²/dz² = 442.507
    acoustic_schur = cfl²/A_phi = 260.929
    acoustic_schur_boosted = 521.858 (boost=2x)
  Diagonal:
    1 + direct + acoustic_schur_boosted = 522.863 (pure physics)
    + damping_factor = 522.913 (with 0.05 damping)
    Final diagonal = 522.913
  Preconditioning strength: 1/diagonal = 0.00191236x

[PRECOND DIAG SUMMARY] dt=600 gamma=0.435867 dt*gamma=261.52
  D_w  range: [1, 523.113]
  D_θ  range: [1, 1]
  D_u  range: [1.01209, 1.01209]
  D_φ  range: [405.948, 532.311]
  D_μ  value: 1.00466
SDIRK3_PRECOND_WDAMP_DIAG dt=600 rhs_config_enabled=0 physical_w_direct_diag=0 extra_regularization=0 extra_alpha=0 momentum_coupling_min=89083.9 momentum_coupling_max=89083.9 legacy_scaled_min=3.36761e-06 legacy_scaled_max=3.36761e-06 final_wdiag_min=1 final_wdiag_max=523.113 coefficient_generation=2
[COUPLED DIAG] Coefficient landscape (nz=64, dt*gamma=261.52, c_s=340, g=9.81, boost=2):
  [clamps=ON, damping=0.05]
  k | D_phi | D_W_nosb | D_W_full | damp | schur_boost | GS_same(k) | GS_km1(k-1) | phys_g/dz | pdet_full | pdet_nosb_gs | pdet_nosb_phys
  1 | 436.1356 | 1.0549 | 522.8955 | 0.0500 | 521.8406 | 0.0001 | -0.0001 | 9.7332 | 114256.7031 | 460.0666 | 365.3318
  16 | 491.0512 | 1.0555 | 523.0302 | 0.0500 | 521.9747 | 0.0001 | -0.0001 | 10.3291 | 128676.4688 | 518.2952 | 411.6046
  32 | 531.8401 | 1.0560 | 523.1123 | 0.0500 | 522.0563 | 0.0001 | -0.0001 | 10.7504 | 139386.8594 | 561.6068 | 446.0359
  48 | 497.7715 | 1.0555 | 523.0446 | 0.0500 | 521.9891 | 0.0001 | -0.0001 | 10.3997 | 130441.0703 | 525.4188 | 417.2650
  63 | 405.9480 | 1.0545 | 522.8059 | 0.0500 | 521.7514 | 0.0001 | -0.0001 | 9.3895 | 106330.0547 | 428.0740 | 339.9114
[COUPLED DIAG] Top level (nz_w=64): D_phi_top=435.233, D_W_top=1 (boundary: coupling=0, no off-diag)
[COUPLED DIAG] Proxy-det ranges (same-level approx, ignores k-1 coupling):
  pdet(D_W_full, acfl²):    [106330, 139510] candidate
  pdet(D_W_nosb, GS²):      [428.074, 562.106] candidate
  pdet(D_W_nosb, phys²):    [339.911, 446.439] candidate
  NOTE: positive proxy = necessary but NOT sufficient for block-Thomas stability
[COUPLED DIAG] Coupling scale summary (k=1):
  acoustic_cfl=337.338, GS_Awp(uncapped,no_beta)=0.00010926 [same=0.00010926, km1=-0.00010926], phys_g/dz=9.73318, ratio acfl/gs=3.08747e+06, ratio acfl/phys=34.6585

--- Newton iteration 0 starting ---
[PRECOND] set_stage_state ENTRY: stage=2, mu_pert.defined()=1, mu_pert.dim()=2
[PRECOND] set_stage_state: mu_base_2d.sizes()=[81, 41], mu_pert.sizes()=[81, 41]
[PRECOND] mu_scale_correction = 0.999985 (mu_full_mean=89082.5 / mu_rep=89083.9)
[NEWTON] State validation at iteration 0:
[NEWTON] U_eval range: [-10593.3, 19913.2]
[NEWTON] U_eval norm: 2.09998e+06
[NEWTON] Checking U_eval = U_stage + (600 * 0.435867) * K:
  W-block in U_eval: min/max = -0.943974 / 1.2547
  W-block norm = 441.208
  W-block in U_stage: min/max = -0.471987 / 0.627351
  Scaling factor dt*gamma = 261.52
[NEWTON] Has NaN: NO
[NEWTON] Has Inf: NO
[NEWTON] U_n norm: 2.09998e+06
[NEWTON] U_stage norm: 2.09998e+06
[NEWTON] K norm: 0.845519
[NEWTON] dt: 600, gamma: 0.435867
[SCALING] Rebuilding S from R₀ (iter 0):
  S[ru] = 360373 (RMS=360373, floor=1)
  S[rv] = 97.5269 (RMS=97.5269, floor=1)
  S[rw] = 177.997 (RMS=177.997, floor=1)
  S[ph] = 237899 (RMS=237899, floor=1)
  S[t] = 10525.4 (RMS=10525.4, floor=1)
  S[mu] = 1.47619e+07 (RMS=1.47619e+07, floor=1)
[Newton] Convergence norm: scaled-RMS ||S⁻¹R||/√N (N=1080491), atol=0.2, rtol=1e-10*1=1e-10 => effective_tol=0.2
[Newton] iter 0: ||S⁻¹R||_rms=1.000002e+00 [scaled-RMS], ||R||=8.741829e+08 [unscaled-L2], tol=2.000000e-01
  ru: ||S⁻¹R||_rms=0.999998 (N=217728)
  rv: ||S⁻¹R||_rms=1 (N=215168)
  rw: ||S⁻¹R||_rms=1.00001 (N=215865)
  ph: ||S⁻¹R||_rms=0.999995 (N=215865)
  t: ||S⁻¹R||_rms=1 (N=212544)
  mu: ||S⁻¹R||_rms=1 (N=3321)
[EISENSTAT-WALKER] Newton iter 0, Stage 2: using initial eta = 0.3
[BLOCK_RES] iter=0 ru=1.68e+08 rv=4.52e+04 rw=8.27e+04 ph=1.11e+08 t=4.85e+06 mu=8.51e+08 max=8.51e+08 ru_share=0.037
[Newton] JVP method: FORWARD-MODE AD (compute_jvp_forward_mode)
[Newton] JVP ready for GMRES (use_autograd=true)
[PRECOND] Using TDMA preconditioner for GMRES
[GMRES POLICY] Stage 2: order=shipped, restart=10->163 (source=2), max_restarts=2->1, ew_scale=0.85, ew_applied=1, budget_active=1
[GMRES INIT] Stage 2 effective: restart=163, max_restarts=1, tol=0.3, budget_coupled=yes, budget_eta=0.3, budget_scale=0.85
[GMRES WARMSTART] stage=2 disabled (shape_ok=0, prev_rel=1, gate=1, prev_varpc=no)
[GMRES INN] stage=2, status=no_base_warmstart, reason_code=2, base_warmstart=no, built=no, used=no, gate_pass=no, prev_shape_ok=no, prev_quality_ok=no, prev_varpc_ok=no, prev_rel=0, q=0, r_base=0, r_cand=0, x0_base_norm=0, x0_cand_norm=0, x0_delta_norm=0, x0_rel_delta=0, gate_rel_diff=0, gate_non_degrade=no, gate_quality_ok=no, ru_share_base=0, ru_share_cand=0, rw_share_base=0, rw_share_cand=0, ph_share_base=0, ph_share_cand=0, tol_ramped=no
[GMRES BLOCK-SCALE] ru: ||r0||=466.612 → D_inv=0.00214311
[GMRES BLOCK-SCALE] rv: ||r0||=463.863 → D_inv=0.00215581
[GMRES BLOCK-SCALE] rw: ||r0||=464.616 → D_inv=0.00215232
[GMRES BLOCK-SCALE] ph: ||r0||=464.61 → D_inv=0.00215234
[GMRES BLOCK-SCALE] t: ||r0||=461.027 → D_inv=0.00216907
[GMRES BLOCK-SCALE] mu: ||r0||=57.6281 → D_inv=0.0173526
[FGMRES] Z-basis memory budget: restart=163 x numel=1080491 => ~671.845 MiB per cycle
[PRECOND APPLY] Called #1 residual.dim()=1 numel=1080491 dt_=600 gamma_=0.435867
[PRECOND DEBUG] Input residual ||r|| = 6.02939e+06 (call #1)
[PRECOND 1D PATH] Entered. do_diag_sample=1 diag_counter=1 debug_level=1

[PRECOND DIAGNOSTIC] 1D State Vector Analysis:
  Grid dimensions: nx=41, ny=81, nz=64
  Staggered dims: nx_u=42, ny_v=82, nz_w=65
  Total vector size: z.size(0) = 1080491

  Component sizes:
    size_u   = 217728  (42 x 81 x 64)
    size_v   = 215168  (41 x 82 x 64)
    size_w   = 215865  (41 x 81 x 65)
    size_phi = 215865  (41 x 81 x 65)
    size_t   = 212544  (41 x 81 x 64)
    size_mu  = 3321  (41 x 81) [2D ONLY]
  Sum of all components = 1080491
  ✓ Size match: All 6 components present [U,V,W,PHI,T,MU]
[PRECOND DEBUG STEP 1] Passed size/device checks
[PRECOND DEBUG STEP 2] Coefficient cache built
[PRECOND DEBUG STEP 3] Entering 4x4 Schur path
[PRECOND DEBUG STEP 4] Interior blocks extracted: r_u_3d=[81, 64, 41] r_v_3d=[81, 64, 41] r_phi_mass=[81, 64, 41] r_mu_2d=[81, 41]
[PRECOND DEBUG STEP 5] About to access mu_base cache. grid_info_->mu_base.defined()=1 sizes=[81, 41]
[PRECOND 4x4] Using mu_full_stage_ for inv_mu0: mu_base_mean=89083.9 mu_full_mean=89082.5 (delta=-1.36719)
[PRECOND DEBUG STEP 6] mu_for_inv ready. mu_full_stage_.defined()=1 mu_for_inv.sizes()=[81, 41]
[COUPLED DIAG 4x4] S_phi_phi/D_phi ratio: min=1, max=1, mean=1 (alpha_phi range: [1.56235, 1.56235]), max_dev=0, bad_levels(>0.1)=0/64 (phi-feedback OK)
[PRECOND BLOCK NORMS] U: 145333, V: 153.29, MU: 4806.53
[PRECOND BLOCK NORMS] PHI: 27107.9
[PRECOND PHI-W GS] Active with boost=2 (boost=diagonal quality, GS=off-diagonal RHS correction)
[PRECOND BLOCK NORMS] W: 28.9214, THETA: 4297.14
[PRECOND TIMING] W-THETA coupled solve: 6 ms (3321 columns)
[PRECOND 1D RESULT] BEFORE relaxation: ||z||=147966 ||r||=6.02939e+06 ||z-r||=6.02482e+06 ||z-r||/||r||=0.999243
[PRECOND DEBUG] Output preconditioned ||M⁻¹r|| = 147966 (α₀=0, ratio=1, α_eff=0)
[PRECOND DEBUG] Ratio ||M⁻¹r|| / ||r|| = 0.0245408
[FWAD_CHECK] === Forward-mode AD active, checking W-PGF tangent propagation ===
[FWAD_CHECK] mu (perturbation): HAS tangent, ||tangent||=1.257e+06
[FWAD_CHECK] mu_full: HAS tangent, ||tangent||=1.257e+06
[FWAD_CHECK] p_pert_mass (from hydrostatic): HAS tangent, ||tangent||=4.4548e+06
[FWAD_CHECK] muf (mu at w-points): HAS tangent, ||tangent||=1.01321e+07
[FWAD_CHECK] mubf (mu_base at w-points): NO tangent
[FWAD_CHECK] rw_tend (before PGF): NO tangent
[FWAD_CHECK] cq1: NO tangent
[FWAD_CHECK] w_pgf_buoy_all (stacked PGF): HAS tangent, ||tangent||=1.95759e+08
[FWAD_CHECK] rw_tend (after PGF): HAS tangent, ||tangent||=1.95759e+08
[FWAD_CHECK] w_pgf_buoy_levels[1] (k=1): HAS tangent, ||tangent||=2.46624e+07
[FWAD_CHECK] === Checking tangent at coupled-to-velocity conversion ===
[FWAD_CHECK] rw_tend (at conversion): HAS tangent, ||tangent||=1.97307e+08
[FWAD_CHECK] w_tend (after conversion): HAS tangent, ||tangent||=1.87375e+06
[FWAD_CHECK] u_tend (after conversion): HAS tangent, ||tangent||=6.1372e+09
[FWAD_CHECK] ru_tend (coupled): HAS tangent, ||tangent||=507.078
[FWAD_CHECK] mu_tend: HAS tangent, ||tangent||=6.61005e+09
[FWAD_CHECK] t_tend: HAS tangent, ||tangent||=2.82105e+08
[JVP FORWARD] Call #1: forward-mode AD took 58 ms
[JVP DIAG] call #1: ||dK||=147966, ||v=dt*γ*dK||=3.86969e+07, ||J*v||=9.09921e+09, ||dK-J*v||=9.09929e+09, ratio ||J*v||/||dK||=61495.1
[PRECOND APPLY] Called #2 residual.dim()=1 numel=1080491 dt_=600 gamma_=0.435867
[PRECOND 1D PATH] Entered. do_diag_sample=0 diag_counter=2 debug_level=1
[PRECOND DEBUG STEP 1] Passed size/device checks
[PRECOND DEBUG STEP 2] Coefficient cache built
[PRECOND DEBUG STEP 3] Entering 4x4 Schur path
[PRECOND DEBUG STEP 4] Interior blocks extracted: r_u_3d=[81, 64, 41] r_v_3d=[81, 64, 41] r_phi_mass=[81, 64, 41] r_mu_2d=[81, 41]
[PRECOND DEBUG STEP 5] About to access mu_base cache. grid_info_->mu_base.defined()=1 sizes=[81, 41]
[PRECOND 4x4] Using mu_full_stage_ for inv_mu0: mu_base_mean=89083.9 mu_full_mean=89082.5 (delta=-1.36719)
[PRECOND DEBUG STEP 6] mu_for_inv ready. mu_full_stage_.defined()=1 mu_for_inv.sizes()=[81, 41]
[PRECOND 1D RESULT] BEFORE relaxation: ||z||=41572.8 ||r||=2.63392e+06 ||z-r||=2.63502e+06 ||z-r||/||r||=1.00042
[JVP FORWARD] Call #2: forward-mode AD took 56 ms
[JVP DIAG] call #2: ||dK||=41572.8, ||v=dt*γ*dK||=1.08725e+07, ||J*v||=6.10329e+09, ||dK-J*v||=6.1033e+09, ratio ||J*v||/||dK||=146810
[GMRES REORTH] j=1 before=148.817 after1=81.4843 after2=81.4844 ratio=0.547547
[PRECOND APPLY] Called #3 residual.dim()=1 numel=1080491 dt_=600 gamma_=0.435867
[PRECOND 1D PATH] Entered. do_diag_sample=0 diag_counter=3 debug_level=1
[PRECOND DEBUG STEP 1] Passed size/device checks
[PRECOND DEBUG STEP 2] Coefficient cache built
[PRECOND DEBUG STEP 3] Entering 4x4 Schur path
[PRECOND DEBUG STEP 4] Interior blocks extracted: r_u_3d=[81, 64, 41] r_v_3d=[81, 64, 41] r_phi_mass=[81, 64, 41] r_mu_2d=[81, 41]
[PRECOND DEBUG STEP 5] About to access mu_base cache. grid_info_->mu_base.defined()=1 sizes=[81, 41]
[PRECOND 4x4] Using mu_full_stage_ for inv_mu0: mu_base_mean=89083.9 mu_full_mean=89082.5 (delta=-1.36719)
[PRECOND DEBUG STEP 6] mu_for_inv ready. mu_full_stage_.defined()=1 mu_for_inv.sizes()=[81, 41]
[PRECOND 1D RESULT] BEFORE relaxation: ||z||=76001.9 ||r||=1.55798e+06 ||z-r||=1.55709e+06 ||z-r||/||r||=0.999424
[JVP FORWARD] Call #3: forward-mode AD took 53 ms
[JVP DIAG] call #3: ||dK||=76002, ||v=dt*γ*dK||=1.98766e+07, ||J*v||=1.12623e+10, ||dK-J*v||=1.12624e+10, ratio ||J*v||/||dK||=148185
[GMRES REORTH] j=2 before=119.351 after1=75.7866 after2=75.7868 ratio=0.634992
[PRECOND DEBUG] Input residual ||r|| = 2.01049e+06 (call #5)
[PRECOND BLOCK NORMS] U: 82947.2, V: 87.2739, MU: 2786.24
[PRECOND BLOCK NORMS] PHI: 15695.3
[PRECOND BLOCK NORMS] W: 37.6416, THETA: 3422.5
[PRECOND TIMING] W-THETA coupled solve: 5 ms (3321 columns)
[PRECOND DEBUG] Output preconditioned ||M⁻¹r|| = 84523.4 (α₀=0, ratio=1, α_eff=0)
[PRECOND DEBUG] Ratio ||M⁻¹r|| / ||r|| = 0.0420413
[PRECOND DEBUG] Input residual ||r|| = 1.95989e+06 (call #10)
[PRECOND BLOCK NORMS] U: 42280.2, V: 89.1754, MU: 1533.05
[PRECOND BLOCK NORMS] PHI: 8583.08
[PRECOND BLOCK NORMS] W: 11.891, THETA: 1449.02
[PRECOND TIMING] W-THETA coupled solve: 6 ms (3321 columns)
[PRECOND DEBUG] Output preconditioned ||M⁻¹r|| = 43191.5 (α₀=0, ratio=1, α_eff=0)
[PRECOND DEBUG] Ratio ||M⁻¹r|| / ||r|| = 0.0220377
[PRECOND DEBUG] Input residual ||r|| = 1.20766e+06 (call #15)
[PRECOND BLOCK NORMS] U: 26260.9, V: 92.4435, MU: 965.998
[PRECOND BLOCK NORMS] PHI: 5418.06
[PRECOND BLOCK NORMS] W: 5.94738, THETA: 853.65
[PRECOND TIMING] W-THETA coupled solve: 6 ms (3321 columns)
[PRECOND DEBUG] Output preconditioned ||M⁻¹r|| = 26840.3 (α₀=0, ratio=1, α_eff=0)
[PRECOND DEBUG] Ratio ||M⁻¹r|| / ||r|| = 0.022225
[PRECOND DEBUG] Input residual ||r|| = 1.83174e+06 (call #20)
[PRECOND BLOCK NORMS] U: 10519.6, V: 87.494, MU: 367.832
[PRECOND BLOCK NORMS] PHI: 2057.33
[PRECOND BLOCK NORMS] W: 8.54136, THETA: 568.814
[PRECOND TIMING] W-THETA coupled solve: 6 ms (3321 columns)
[PRECOND DEBUG] Output preconditioned ||M⁻¹r|| = 10739 (α₀=0, ratio=1, α_eff=0)
[PRECOND DEBUG] Ratio ||M⁻¹r|| / ||r|| = 0.00586275
[PRECOND DEBUG] Input residual ||r|| = 1.15129e+06 (call #25)
[PRECOND BLOCK NORMS] U: 17997.3, V: 92.5386, MU: 603.098
[PRECOND BLOCK NORMS] PHI: 3401.71
[PRECOND BLOCK NORMS] W: 16.0443, THETA: 1325.33
[PRECOND TIMING] W-THETA coupled solve: 6 ms (3321 columns)
[PRECOND DEBUG] Output preconditioned ||M⁻¹r|| = 18369.9 (α₀=0, ratio=1, α_eff=0)
[PRECOND DEBUG] Ratio ||M⁻¹r|| / ||r|| = 0.015956
[PRECOND DEBUG] Input residual ||r|| = 1.39426e+06 (call #30)
[PRECOND BLOCK NORMS] U: 24019.4, V: 90.1275, MU: 778.687
[PRECOND BLOCK NORMS] PHI: 4385.02
[PRECOND BLOCK NORMS] W: 24.301, THETA: 1700.42
[PRECOND TIMING] W-THETA coupled solve: 6 ms (3321 columns)
[PRECOND DEBUG] Output preconditioned ||M⁻¹r|| = 24485 (α₀=0, ratio=1, α_eff=0)
[PRECOND DEBUG] Ratio ||M⁻¹r|| / ||r|| = 0.0175613
[PRECOND DEBUG] Input residual ||r|| = 1.12963e+06 (call #35)
[PRECOND BLOCK NORMS] U: 31745.7, V: 81.1945, MU: 1177.77
[PRECOND BLOCK NORMS] PHI: 6602.82
[PRECOND BLOCK NORMS] W: 13.2112, THETA: 5471.71
[PRECOND TIMING] W-THETA coupled solve: 6 ms (3321 columns)
[PRECOND DEBUG] Output preconditioned ||M⁻¹r|| = 32899.9 (α₀=0, ratio=1, α_eff=0)
[PRECOND DEBUG] Ratio ||M⁻¹r|| / ||r|| = 0.0291246
[PRECOND DEBUG] Input residual ||r|| = 2.25568e+06 (call #40)
[PRECOND BLOCK NORMS] U: 84930.4, V: 118.064, MU: 3215.32
[PRECOND BLOCK NORMS] PHI: 18063.3
[PRECOND BLOCK NORMS] W: 26.6916, THETA: 2780.79
[PRECOND TIMING] W-THETA coupled solve: 6 ms (3321 columns)
[PRECOND DEBUG] Output preconditioned ||M⁻¹r|| = 86922.1 (α₀=0, ratio=1, α_eff=0)
[PRECOND DEBUG] Ratio ||M⁻¹r|| / ||r|| = 0.0385348
[PRECOND DEBUG] Input residual ||r|| = 2.19073e+06 (call #45)
[PRECOND BLOCK NORMS] U: 87896.2, V: 115.927, MU: 3327.83
[PRECOND BLOCK NORMS] PHI: 18698.3
[PRECOND BLOCK NORMS] W: 30.524, THETA: 2752.14
[PRECOND TIMING] W-THETA coupled solve: 5 ms (3321 columns)
[PRECOND DEBUG] Output preconditioned ||M⁻¹r|| = 89957.1 (α₀=0, ratio=1, α_eff=0)
[PRECOND DEBUG] Ratio ||M⁻¹r|| / ||r|| = 0.0410626
[PRECOND DEBUG] Input residual ||r|| = 2.10528e+06 (call #50)
[PRECOND BLOCK NORMS] U: 124310, V: 143.914, MU: 4756.9
[PRECOND BLOCK NORMS] PHI: 26725.9
[PRECOND BLOCK NORMS] W: 26.7005, THETA: 4244.09
[PRECOND TIMING] W-THETA coupled solve: 6 ms (3321 columns)
[PRECOND DEBUG] Output preconditioned ||M⁻¹r|| = 127299 (α₀=0, ratio=1, α_eff=0)
[PRECOND DEBUG] Ratio ||M⁻¹r|| / ||r|| = 0.0604664
[PRECOND DEBUG] Input residual ||r|| = 1.73801e+06 (call #55)
[PRECOND BLOCK NORMS] U: 88138.3, V: 123.005, MU: 3265.54
[PRECOND BLOCK NORMS] PHI: 18350.7
[PRECOND BLOCK NORMS] W: 22.6035, THETA: 4033.97
[PRECOND TIMING] W-THETA coupled solve: 6 ms (3321 columns)
[PRECOND DEBUG] Output preconditioned ||M⁻¹r|| = 90163.1 (α₀=0, ratio=1, α_eff=0)
[PRECOND DEBUG] Ratio ||M⁻¹r|| / ||r|| = 0.0518771
[PRECOND DEBUG] Input residual ||r|| = 1.04049e+06 (call #60)
[PRECOND BLOCK NORMS] U: 123932, V: 148.263, MU: 4655.99
[PRECOND BLOCK NORMS] PHI: 26164.7
[PRECOND BLOCK NORMS] W: 20.853, THETA: 3207.27
[PRECOND TIMING] W-THETA coupled solve: 6 ms (3321 columns)
[PRECOND DEBUG] Output preconditioned ||M⁻¹r|| = 126779 (α₀=0, ratio=1, α_eff=0)
[PRECOND DEBUG] Ratio ||M⁻¹r|| / ||r|| = 0.121845
[PRECOND DEBUG] Input residual ||r|| = 1.89867e+06 (call #65)
[PRECOND BLOCK NORMS] U: 135459, V: 147.005, MU: 4892.96
[PRECOND BLOCK NORMS] PHI: 27502.1
[PRECOND BLOCK NORMS] W: 26.6474, THETA: 4541.21
[PRECOND TIMING] W-THETA coupled solve: 6 ms (3321 columns)
[PRECOND DEBUG] Output preconditioned ||M⁻¹r|| = 138346 (α₀=0, ratio=1, α_eff=0)
[PRECOND DEBUG] Ratio ||M⁻¹r|| / ||r|| = 0.0728648
[PRECOND DEBUG] Input residual ||r|| = 3.14105e+06 (call #70)
[PRECOND BLOCK NORMS] U: 85027.8, V: 95.9195, MU: 2808.97
[PRECOND BLOCK NORMS] PHI: 15796.4
[PRECOND BLOCK NORMS] W: 37.7814, THETA: 5442.26
[PRECOND TIMING] W-THETA coupled solve: 6 ms (3321 columns)
[PRECOND DEBUG] Output preconditioned ||M⁻¹r|| = 86689.7 (α₀=0, ratio=1, α_eff=0)
[PRECOND DEBUG] Ratio ||M⁻¹r|| / ||r|| = 0.027599
[PRECOND DEBUG] Input residual ||r|| = 3.12765e+06 (call #75)
[PRECOND BLOCK NORMS] U: 112647, V: 129.101, MU: 4327.04
[PRECOND BLOCK NORMS] PHI: 24325.1
[PRECOND BLOCK NORMS] W: 35.0827, THETA: 5340.13
[PRECOND TIMING] W-THETA coupled solve: 6 ms (3321 columns)
[PRECOND DEBUG] Output preconditioned ||M⁻¹r|| = 115425 (α₀=0, ratio=1, α_eff=0)
[PRECOND DEBUG] Ratio ||M⁻¹r|| / ||r|| = 0.0369049
[PRECOND DEBUG] Input residual ||r|| = 2.65584e+06 (call #80)
[PRECOND BLOCK NORMS] U: 80700.5, V: 112.601, MU: 3566.93
[PRECOND BLOCK NORMS] PHI: 20040.3
[PRECOND BLOCK NORMS] W: 38.7736, THETA: 6138.19
[PRECOND TIMING] W-THETA coupled solve: 6 ms (3321 columns)
[PRECOND DEBUG] Output preconditioned ||M⁻¹r|| = 83446.7 (α₀=0, ratio=1, α_eff=0)
[PRECOND DEBUG] Ratio ||M⁻¹r|| / ||r|| = 0.0314201
[PRECOND DEBUG] Input residual ||r|| = 2.96307e+06 (call #85)
[PRECOND BLOCK NORMS] U: 69809.1, V: 102.152, MU: 3102.52
[PRECOND BLOCK NORMS] PHI: 17423.2
[PRECOND BLOCK NORMS] W: 36.7141, THETA: 5840.58
[PRECOND TIMING] W-THETA coupled solve: 6 ms (3321 columns)
[PRECOND DEBUG] Output preconditioned ||M⁻¹r|| = 72236.3 (α₀=0, ratio=1, α_eff=0)
[PRECOND DEBUG] Ratio ||M⁻¹r|| / ||r|| = 0.0243789
[PRECOND DEBUG] Input residual ||r|| = 2.62583e+06 (call #90)
[PRECOND BLOCK NORMS] U: 99281.5, V: 131.266, MU: 4321
[PRECOND BLOCK NORMS] PHI: 24280.5
[PRECOND BLOCK NORMS] W: 33.6805, THETA: 5958.4
[PRECOND TIMING] W-THETA coupled solve: 5 ms (3321 columns)
[PRECOND DEBUG] Output preconditioned ||M⁻¹r|| = 102450 (α₀=0, ratio=1, α_eff=0)
[PRECOND DEBUG] Ratio ||M⁻¹r|| / ||r|| = 0.0390163
[PRECOND DEBUG] Input residual ||r|| = 3.05365e+06 (call #95)
[PRECOND BLOCK NORMS] U: 89027.9, V: 117.251, MU: 3847.67
[PRECOND BLOCK NORMS] PHI: 21628.1
[PRECOND BLOCK NORMS] W: 40.343, THETA: 6050.34
[PRECOND TIMING] W-THETA coupled solve: 6 ms (3321 columns)
[PRECOND DEBUG] Output preconditioned ||M⁻¹r|| = 91890.7 (α₀=0, ratio=1, α_eff=0)
[PRECOND DEBUG] Ratio ||M⁻¹r|| / ||r|| = 0.0300921
[PRECOND DEBUG] Input residual ||r|| = 3.17574e+06 (call #100)
[PRECOND BLOCK NORMS] U: 108842, V: 122.397, MU: 4253.38
[PRECOND BLOCK NORMS] PHI: 23896.5
[PRECOND BLOCK NORMS] W: 45.9806, THETA: 6371.83
[PRECOND TIMING] W-THETA coupled solve: 6 ms (3321 columns)
[PRECOND DEBUG] Output preconditioned ||M⁻¹r|| = 111686 (α₀=0, ratio=1, α_eff=0)
[PRECOND DEBUG] Ratio ||M⁻¹r|| / ||r|| = 0.0351686
[PRECOND DEBUG] Input residual ||r|| = 3.71734e+06 (call #105)
[PRECOND BLOCK NORMS] U: 106690, V: 119.213, MU: 4037.52
[PRECOND BLOCK NORMS] PHI: 22674
[PRECOND BLOCK NORMS] W: 56.9276, THETA: 5144.17
[PRECOND TIMING] W-THETA coupled solve: 5 ms (3321 columns)
[PRECOND DEBUG] Output preconditioned ||M⁻¹r|| = 109238 (α₀=0, ratio=1, α_eff=0)
[PRECOND DEBUG] Ratio ||M⁻¹r|| / ||r|| = 0.029386
[PRECOND DEBUG] Input residual ||r|| = 3.04923e+06 (call #110)
[PRECOND BLOCK NORMS] U: 108604, V: 128.194, MU: 4223.87
[PRECOND BLOCK NORMS] PHI: 23740.3
[PRECOND BLOCK NORMS] W: 52.664, THETA: 4958.79
[PRECOND TIMING] W-THETA coupled solve: 5 ms (3321 columns)
[PRECOND DEBUG] Output preconditioned ||M⁻¹r|| = 111339 (α₀=0, ratio=1, α_eff=0)
[PRECOND DEBUG] Ratio ||M⁻¹r|| / ||r|| = 0.0365138
[PRECOND DEBUG] Input residual ||r|| = 4.2592e+06 (call #115)
[PRECOND BLOCK NORMS] U: 118147, V: 117.817, MU: 3924.19
[PRECOND BLOCK NORMS] PHI: 22059.7
[PRECOND BLOCK NORMS] W: 44.4395, THETA: 4288.98
[PRECOND TIMING] W-THETA coupled solve: 5 ms (3321 columns)
[PRECOND DEBUG] Output preconditioned ||M⁻¹r|| = 120313 (α₀=0, ratio=1, α_eff=0)
[PRECOND DEBUG] Ratio ||M⁻¹r|| / ||r|| = 0.0282477
[PRECOND DEBUG] Input residual ||r|| = 3.59388e+06 (call #120)
[PRECOND BLOCK NORMS] U: 125494, V: 141.283, MU: 4858.1
[PRECOND BLOCK NORMS] PHI: 27288.2
[PRECOND BLOCK NORMS] W: 43.4364, THETA: 4897.87
[PRECOND TIMING] W-THETA coupled solve: 6 ms (3321 columns)
[PRECOND DEBUG] Output preconditioned ||M⁻¹r|| = 128592 (α₀=0, ratio=1, α_eff=0)
[PRECOND DEBUG] Ratio ||M⁻¹r|| / ||r|| = 0.0357809
[PRECOND DEBUG] Input residual ||r|| = 2.95839e+06 (call #125)
[PRECOND BLOCK NORMS] U: 124276, V: 139.451, MU: 4771.65
[PRECOND BLOCK NORMS] PHI: 26818.7
[PRECOND BLOCK NORMS] W: 45.3923, THETA: 5108.85
[PRECOND TIMING] W-THETA coupled solve: 6 ms (3321 columns)
[PRECOND DEBUG] Output preconditioned ||M⁻¹r|| = 127318 (α₀=0, ratio=1, α_eff=0)
[PRECOND DEBUG] Ratio ||M⁻¹r|| / ||r|| = 0.0430362
[PRECOND DEBUG] Input residual ||r|| = 3.0912e+06 (call #130)
[PRECOND BLOCK NORMS] U: 148842, V: 154.513, MU: 5425.86
[PRECOND BLOCK NORMS] PHI: 30478.1
[PRECOND BLOCK NORMS] W: 53.4797, THETA: 4767.55
[PRECOND TIMING] W-THETA coupled solve: 6 ms (3321 columns)
[PRECOND DEBUG] Output preconditioned ||M⁻¹r|| = 152083 (α₀=0, ratio=1, α_eff=0)
[PRECOND DEBUG] Ratio ||M⁻¹r|| / ||r|| = 0.0491987
[PRECOND DEBUG] Input residual ||r|| = 3.00567e+06 (call #135)
[PRECOND BLOCK NORMS] U: 116697, V: 134.959, MU: 4628.22
[PRECOND BLOCK NORMS] PHI: 26010.1
[PRECOND BLOCK NORMS] W: 49.6432, THETA: 5254.76
[PRECOND TIMING] W-THETA coupled solve: 6 ms (3321 columns)
[PRECOND DEBUG] Output preconditioned ||M⁻¹r|| = 119756 (α₀=0, ratio=1, α_eff=0)
[PRECOND DEBUG] Ratio ||M⁻¹r|| / ||r|| = 0.0398435
[PRECOND DEBUG] Input residual ||r|| = 3.49921e+06 (call #140)
[PRECOND BLOCK NORMS] U: 101107, V: 177.683, MU: 6331.77
[PRECOND BLOCK NORMS] PHI: 35568.6
[PRECOND BLOCK NORMS] W: 50.8533, THETA: 5120.19
[PRECOND TIMING] W-THETA coupled solve: 6 ms (3321 columns)
[PRECOND DEBUG] Output preconditioned ||M⁻¹r|| = 107471 (α₀=0, ratio=1, α_eff=0)
[PRECOND DEBUG] Ratio ||M⁻¹r|| / ||r|| = 0.0307129
[PRECOND DEBUG] Input residual ||r|| = 2.66154e+06 (call #145)
[PRECOND BLOCK NORMS] U: 128989, V: 274.009, MU: 10023.2
[PRECOND BLOCK NORMS] PHI: 56316.8
[PRECOND BLOCK NORMS] W: 50.3143, THETA: 5567.67
[PRECOND TIMING] W-THETA coupled solve: 6 ms (3321 columns)
[PRECOND DEBUG] Output preconditioned ||M⁻¹r|| = 141198 (α₀=0, ratio=1, α_eff=0)
[PRECOND DEBUG] Ratio ||M⁻¹r|| / ||r|| = 0.0530515
[PRECOND DEBUG] Input residual ||r|| = 3.36291e+06 (call #150)
[PRECOND BLOCK NORMS] U: 134024, V: 190.824, MU: 6924.1
[PRECOND BLOCK NORMS] PHI: 38925.9
[PRECOND BLOCK NORMS] W: 47.6249, THETA: 5728.84
[PRECOND TIMING] W-THETA coupled solve: 5 ms (3321 columns)
[PRECOND DEBUG] Output preconditioned ||M⁻¹r|| = 139827 (α₀=0, ratio=1, α_eff=0)
[PRECOND DEBUG] Ratio ||M⁻¹r|| / ||r|| = 0.0415793
[PRECOND DEBUG] Input residual ||r|| = 3.36985e+06 (call #155)
[PRECOND BLOCK NORMS] U: 140983, V: 292.613, MU: 10743.4
[PRECOND BLOCK NORMS] PHI: 60356.8
[PRECOND BLOCK NORMS] W: 59.3033, THETA: 4747.43
[PRECOND TIMING] W-THETA coupled solve: 5 ms (3321 columns)
[PRECOND DEBUG] Output preconditioned ||M⁻¹r|| = 153799 (α₀=0, ratio=1, α_eff=0)
[PRECOND DEBUG] Ratio ||M⁻¹r|| / ||r|| = 0.0456398
[PRECOND DEBUG] Input residual ||r|| = 3.05599e+06 (call #160)
[PRECOND BLOCK NORMS] U: 161468, V: 291.182, MU: 10708.9
[PRECOND BLOCK NORMS] PHI: 60179
[PRECOND BLOCK NORMS] W: 69.9419, THETA: 3800.62
[PRECOND TIMING] W-THETA coupled solve: 6 ms (3321 columns)
[PRECOND DEBUG] Output preconditioned ||M⁻¹r|| = 172679 (α₀=0, ratio=1, α_eff=0)
[PRECOND DEBUG] Ratio ||M⁻¹r|| / ||r|| = 0.0565052
[GMRES] restart=1 j=162: hess_est=0.2716, true_err=0.2716 CONVERGED
[GMRES BLOCK r/b] restart=1 j=162 ru=8.6768 rv=8.1777 rw=62.3489 ph=84.0605 t=12.6632 mu=8.4762
[FGMRES] CONVERGED: ||x||=0.0174, ||r_true||=260.6758, ||b||=1039.4686, rel_error=0.2508, tol=0.3000, restarts=1, arnoldi=163 (block-scaled)
[GMRES BLOCK RESIDUAL] ru=2.125e+01(rel=0.046,share=0.000) rv=2.003e+01(rel=0.043,share=0.000) rw=1.527e+02(rel=0.329,share=0.022) ph=2.059e+02(rel=0.443,share=0.039) t=3.102e+01(rel=0.067,share=0.001) mu=2.076e+01(rel=0.360,share=0.000) 
[Newton] GMRES: 163 krylov iters, ||dK||=1913, rel_error=0.2508 (OK)
[Newton] JVP calls: 164, total JVP time: 9183 ms, avg: 55.99 ms/call
[SOLVER TELEMETRY] stage=2, newton=0, gmres_iters=163, gmres_rel=0.2508, jvp_calls=164, jvp_ms=9183, warmstart=off, inn_status=no_base_warmstart, inn_reason_code=2, inn_candidate=no, inn_used=no, inn_gate_pass=no, inn_q=0, inn_r_base=0, inn_r_cand=0, inn_x0_base_norm=0, inn_x0_cand_norm=0, inn_x0_delta_norm=0, inn_x0_rel_delta=0, inn_gate_rel_diff=0, inn_gate_non_degrade=no, inn_gate_quality_ok=no, inn_tol_ramped=no, inn_base_warmstart=no, inn_prev_shape_ok=no, inn_prev_quality_ok=no, inn_prev_varpc_ok=no, inn_prev_rel=0, inn_ru_share_base=0, inn_ru_share_cand=0, inn_rw_share_base=0, inn_rw_share_cand=0, inn_ph_share_base=0, inn_ph_share_cand=0, variable_pc=no, jvp_mode=unlocked, jvp_fd_mode=none, jvp_ad_calls=164, jvp_fd_calls=0, jvp_eps_mean=0, jvp_eps_min=0, jvp_eps_max=0, jvp_eps_auto_calls=0, jvp_eps_manual_calls=0, ew_eta_enabled=yes, ew_eta=0.3, ew_eta_updated=no, krylov_tol_final=0.3, krylov_tol_stage_override=no, budget_coupled=yes, budget_eta=0.3, budget_scale=0.85

--- Newton iteration 1 starting ---
[PRECOND] set_stage_state ENTRY: stage=2, mu_pert.defined()=1, mu_pert.dim()=2
[PRECOND] set_stage_state: mu_base_2d.sizes()=[81, 41], mu_pert.sizes()=[81, 41]
[PRECOND] mu_scale_correction = 0.9907 (mu_full_mean=8.826e+04 / mu_rep=8.908e+04)
[Newton] iter 1: ||S⁻¹R||_rms=2.7831e-01 [scaled-RMS], ||R||=3.1955e+08 [unscaled-L2], tol=2.0000e-01
[EISENSTAT-WALKER] Newton iter 1
  ||R_k|| = 0.2783
  ||R_{k-1}|| = 1
  Residual ratio = 0.2783
  gamma=0.9, alpha=1.5
  Adaptive eta_k = 0.1479 (range: 0.02 to 0.3)
[BLOCK_RES] iter=1 ru=2.68e+04 rv=7.80e+03 rw=1.32e+04 ph=4.07e+04 t=2.34e+04 mu=1.33e+06 max=1.33e+06 ru_share=0.015
[Newton] JVP method: FORWARD-MODE AD (compute_jvp_forward_mode)
[Newton] JVP ready for GMRES (use_autograd=true)
[PRECOND DEBUG] Input residual ||r|| = 3.205e+08 (call #165)
[PRECOND BLOCK NORMS] U: 3.89e+07, V: 4.176e+04, MU: 1.303e+06
[PRECOND BLOCK NORMS] PHI: 7.486e+06
[PRECOND BLOCK NORMS] W: 6251, THETA: 1.094e+06
[PRECOND TIMING] W-THETA coupled solve: 6 ms (3321 columns)
[PRECOND DEBUG] Output preconditioned ||M⁻¹r|| = 3.964e+07 (α₀=0, ratio=0.2783, α_eff=0)
[PRECOND DEBUG] Ratio ||M⁻¹r|| / ||r|| = 0.1237
[GMRES BLOCK-SCALE] ru: ||r0||=139.1 → D_inv=0.007188
[GMRES BLOCK-SCALE] rv: ||r0||=164.7 → D_inv=0.006071
[GMRES BLOCK-SCALE] rw: ||r0||=153.2 → D_inv=0.006527
[GMRES BLOCK-SCALE] ph: ||r0||=239 → D_inv=0.004185
[GMRES BLOCK-SCALE] t: ||r0||=140.8 → D_inv=0.007104
[GMRES BLOCK-SCALE] mu: ||r0||=15.48 → D_inv=0.0646
[FGMRES] Z-basis memory budget: restart=4 x numel=1080491 => ~16.49 MiB per cycle
[PRECOND DEBUG] Input residual ||r|| = 3.433e+06 (call #170)
[PRECOND BLOCK NORMS] U: 5.135e+04, V: 133, MU: 1871
[PRECOND BLOCK NORMS] PHI: 1.062e+04
[PRECOND BLOCK NORMS] W: 20.86, THETA: 2158
[PRECOND TIMING] W-THETA coupled solve: 6 ms (3321 columns)
[PRECOND DEBUG] Output preconditioned ||M⁻¹r|| = 5.251e+04 (α₀=0, ratio=0.2783, α_eff=0)
[PRECOND DEBUG] Ratio ||M⁻¹r|| / ||r|| = 0.01529
[GMRES REORTH] j=1 before=182.1 after1=105.6 after2=105.6 ratio=0.5803
[GMRES REORTH] j=2 before=121.8 after1=79.86 after2=79.86 ratio=0.6558
[GMRES] restart=1 j=3: hess_est=0.9022, true_err=0.9023
[GMRES BLOCK r/b] restart=1 j=3 ru=26.8077 rv=80.7670 rw=59.4517 ph=111.9982 t=32.4632 mu=5.2066
[FGMRES] NOT CONVERGED: ||x||=0.0173, ||r_true||=330.0665, ||b||=289.2987, rel_error=1.1409, tol=0.0000, restarts=1, arnoldi=4 (block-scaled)
[GMRES BLOCK-SCALE] ru: ||r0||=139.1 → D_inv=0.007188
[GMRES BLOCK-SCALE] rv: ||r0||=164.7 → D_inv=0.006071
[GMRES BLOCK-SCALE] rw: ||r0||=153.2 → D_inv=0.006527
[GMRES BLOCK-SCALE] ph: ||r0||=239 → D_inv=0.004185
[GMRES BLOCK-SCALE] t: ||r0||=140.8 → D_inv=0.007104
[GMRES BLOCK-SCALE] mu: ||r0||=15.48 → D_inv=0.0646
[FGMRES] Z-basis memory budget: restart=4 x numel=1080491 => ~16.49 MiB per cycle
[GMRES REORTH] j=2 before=946.8 after1=569.4 after2=569.4 ratio=0.6014
[GMRES] restart=1 j=3: hess_est=0.8165, true_err=0.8165
[GMRES BLOCK r/b] restart=1 j=3 ru=31.5418 rv=68.0272 rw=39.6749 ph=110.1796 t=52.4887 mu=2.4990
[FGMRES] NOT CONVERGED: ||x||=0.0165, ||r_true||=314.0885, ||b||=289.2987, rel_error=1.0857, tol=0.0000, restarts=1, arnoldi=4 (block-scaled)
[GMRES BLOCK-SCALE] ru: ||r0||=139.1 → D_inv=0.007188
[GMRES BLOCK-SCALE] rv: ||r0||=164.7 → D_inv=0.006071
[GMRES BLOCK-SCALE] rw: ||r0||=153.2 → D_inv=0.006527
[GMRES BLOCK-SCALE] ph: ||r0||=239 → D_inv=0.004185
[GMRES BLOCK-SCALE] t: ||r0||=140.8 → D_inv=0.007104
[GMRES BLOCK-SCALE] mu: ||r0||=15.48 → D_inv=0.0646
[FGMRES] Z-basis memory budget: restart=4 x numel=1080491 => ~16.49 MiB per cycle
[PRECOND DEBUG] Input residual ||r|| = 1.112e+07 (call #175)
[PRECOND BLOCK NORMS] U: 5.773e+04, V: 53.44, MU: 2069
[PRECOND BLOCK NORMS] PHI: 1.17e+04
[PRECOND BLOCK NORMS] W: 4.186, THETA: 2835
[PRECOND TIMING] W-THETA coupled solve: 5 ms (3321 columns)
[PRECOND DEBUG] Output preconditioned ||M⁻¹r|| = 5.9e+04 (α₀=0, ratio=0.2783, α_eff=0)
[PRECOND DEBUG] Ratio ||M⁻¹r|| / ||r|| = 0.005304
[GMRES REORTH] j=2 before=963.9 after1=532.1 after2=532.1 ratio=0.552
[GMRES] restart=1 j=3: hess_est=0.8667, true_err=0.8668
[GMRES BLOCK r/b] restart=1 j=3 ru=39.0145 rv=73.3434 rw=46.2287 ph=109.5107 t=55.2772 mu=2.1441
[FGMRES] NOT CONVERGED: ||x||=0.0167, ||r_true||=327.9633, ||b||=289.2987, rel_error=1.1336, tol=0.0000, restarts=1, arnoldi=4 (block-scaled)
[GMRES BLOCK-SCALE] ru: ||r0||=139.1 → D_inv=0.007188
[GMRES BLOCK-SCALE] rv: ||r0||=164.7 → D_inv=0.006071
[GMRES BLOCK-SCALE] rw: ||r0||=153.2 → D_inv=0.006527
[GMRES BLOCK-SCALE] ph: ||r0||=239 → D_inv=0.004185
[GMRES BLOCK-SCALE] t: ||r0||=140.8 → D_inv=0.007104
[GMRES BLOCK-SCALE] mu: ||r0||=15.48 → D_inv=0.0646
[FGMRES] Z-basis memory budget: restart=8 x numel=1080491 => ~32.97 MiB per cycle
[GMRES REORTH] j=1 before=182.1 after1=105.6 after2=105.6 ratio=0.5803
[GMRES REORTH] j=2 before=121.8 after1=79.86 after2=79.86 ratio=0.6558
[PRECOND DEBUG] Input residual ||r|| = 1.872e+06 (call #180)
[PRECOND BLOCK NORMS] U: 9.568e+04, V: 113.3, MU: 3299
[PRECOND BLOCK NORMS] PHI: 1.882e+04
[PRECOND BLOCK NORMS] W: 11.78, THETA: 2546
[PRECOND TIMING] W-THETA coupled solve: 5 ms (3321 columns)
[PRECOND DEBUG] Output preconditioned ||M⁻¹r|| = 9.758e+04 (α₀=0, ratio=0.2783, α_eff=0)
[PRECOND DEBUG] Ratio ||M⁻¹r|| / ||r|| = 0.05212
[GMRES] restart=1 j=7: hess_est=0.6894, true_err=0.6895
[GMRES BLOCK r/b] restart=1 j=7 ru=7.7850 rv=47.8343 rw=50.7090 ph=117.0301 t=10.2182 mu=2.8247
[FGMRES] NOT CONVERGED: ||x||=0.0157, ||r_true||=289.1453, ||b||=289.2987, rel_error=0.9995, tol=0.0000, restarts=1, arnoldi=8 (block-scaled)
SDIRK3_FROZEN_AB_BLOCKS stage=2 arm=M j=8 ru_rho0=1.28 ru_rho=0.1514 rv_rho0=1.498 rv_rho=0.9192 rw_rho0=2.062 rw_rho=1.442 ph_rho0=1.151 ph_rho=1.191 t_rho0=1.361 t_rho=0.2087 mu_rho0=0.7295 mu_rho=0.2813
[GMRES BLOCK-SCALE] ru: ||r0||=139.1 → D_inv=0.007188
[GMRES BLOCK-SCALE] rv: ||r0||=164.7 → D_inv=0.006071
[GMRES BLOCK-SCALE] rw: ||r0||=153.2 → D_inv=0.006527
[GMRES BLOCK-SCALE] ph: ||r0||=239 → D_inv=0.004185
[GMRES BLOCK-SCALE] t: ||r0||=140.8 → D_inv=0.007104
[GMRES BLOCK-SCALE] mu: ||r0||=15.48 → D_inv=0.0646
[FGMRES] Z-basis memory budget: restart=8 x numel=1080491 => ~32.97 MiB per cycle
[GMRES REORTH] j=2 before=946.8 after1=569.4 after2=569.4 ratio=0.6014
[GMRES] restart=1 j=7: hess_est=0.7916, true_err=0.7916
[GMRES BLOCK r/b] restart=1 j=7 ru=30.0434 rv=71.1757 rw=39.4127 ph=112.1361 t=43.5679 mu=1.6335
[FGMRES] NOT CONVERGED: ||x||=0.0165, ||r_true||=313.3750, ||b||=289.2987, rel_error=1.0832, tol=0.0000, restarts=1, arnoldi=8 (block-scaled)
SDIRK3_FROZEN_AB_BLOCKS stage=2 arm=I j=8 ru_rho0=1.28 ru_rho=0.5842 rv_rho0=1.498 rv_rho=1.368 rw_rho0=2.062 rw_rho=1.121 ph_rho0=1.151 ph_rho=1.141 t_rho0=1.361 t_rho=0.89 mu_rho0=0.7295 mu_rho=0.1627
[GMRES BLOCK-SCALE] ru: ||r0||=139.1 → D_inv=0.007188
[GMRES BLOCK-SCALE] rv: ||r0||=164.7 → D_inv=0.006071
[GMRES BLOCK-SCALE] rw: ||r0||=153.2 → D_inv=0.006527
[GMRES BLOCK-SCALE] ph: ||r0||=239 → D_inv=0.004185
[GMRES BLOCK-SCALE] t: ||r0||=140.8 → D_inv=0.007104
[GMRES BLOCK-SCALE] mu: ||r0||=15.48 → D_inv=0.0646
[FGMRES] Z-basis memory budget: restart=8 x numel=1080491 => ~32.97 MiB per cycle
[PRECOND DEBUG] Input residual ||r|| = 6.029e+06 (call #185)
[PRECOND BLOCK NORMS] U: 1.453e+05, V: 151.3, MU: 4760
[PRECOND BLOCK NORMS] PHI: 2.718e+04
[PRECOND BLOCK NORMS] W: 27.55, THETA: 4297
[PRECOND TIMING] W-THETA coupled solve: 6 ms (3321 columns)
[PRECOND DEBUG] Output preconditioned ||M⁻¹r|| = 1.48e+05 (α₀=0, ratio=0.2783, α_eff=0)
[PRECOND DEBUG] Ratio ||M⁻¹r|| / ||r|| = 0.02454
[GMRES REORTH] j=2 before=963.9 after1=532.1 after2=532.1 ratio=0.552
[PRECOND DEBUG] Input residual ||r|| = 1.06e+07 (call #190)
[PRECOND BLOCK NORMS] U: 6.49e+04, V: 75.14, MU: 2140
[PRECOND BLOCK NORMS] PHI: 1.207e+04
[PRECOND BLOCK NORMS] W: 15.39, THETA: 3739
[PRECOND TIMING] W-THETA coupled solve: 5 ms (3321 columns)
[PRECOND DEBUG] Output preconditioned ||M⁻¹r|| = 6.614e+04 (α₀=0, ratio=0.2783, α_eff=0)
[PRECOND DEBUG] Ratio ||M⁻¹r|| / ||r|| = 0.006238
[GMRES] restart=1 j=7: hess_est=0.8167, true_err=0.8167
[GMRES BLOCK r/b] restart=1 j=7 ru=34.1905 rv=63.2143 rw=40.9212 ph=109.3379 t=54.4758 mu=2.6349
[FGMRES] NOT CONVERGED: ||x||=0.0158, ||r_true||=311.7553, ||b||=289.2987, rel_error=1.0776, tol=0.0000, restarts=1, arnoldi=8 (block-scaled)
SDIRK3_FROZEN_AB_BLOCKS stage=2 arm=Msel j=8 ru_rho0=1.28 ru_rho=0.6649 rv_rho0=1.498 rv_rho=1.215 rw_rho0=2.062 rw_rho=1.164 ph_rho0=1.151 ph_rho=1.112 t_rho0=1.361 t_rho=1.113 mu_rho0=0.7295 mu_rho=0.2624
[GMRES BLOCK-SCALE] ru: ||r0||=139.1 → D_inv=0.007188
[GMRES BLOCK-SCALE] rv: ||r0||=164.7 → D_inv=0.006071
[GMRES BLOCK-SCALE] rw: ||r0||=153.2 → D_inv=0.006527
[GMRES BLOCK-SCALE] ph: ||r0||=239 → D_inv=0.004185
[GMRES BLOCK-SCALE] t: ||r0||=140.8 → D_inv=0.007104
[GMRES BLOCK-SCALE] mu: ||r0||=15.48 → D_inv=0.0646
[FGMRES] Z-basis memory budget: restart=16 x numel=1080491 => ~65.95 MiB per cycle
[GMRES REORTH] j=1 before=182.1 after1=105.6 after2=105.6 ratio=0.5803
[PRECOND DEBUG] Input residual ||r|| = 5.109e+06 (call #195)
[PRECOND BLOCK NORMS] U: 5.514e+04, V: 100, MU: 1943
[PRECOND BLOCK NORMS] PHI: 1.101e+04
[PRECOND BLOCK NORMS] W: 33.62, THETA: 2646
[PRECOND TIMING] W-THETA coupled solve: 5 ms (3321 columns)
[PRECOND DEBUG] Output preconditioned ||M⁻¹r|| = 5.632e+04 (α₀=0, ratio=0.2783, α_eff=0)
[PRECOND DEBUG] Ratio ||M⁻¹r|| / ||r|| = 0.01102
[GMRES REORTH] j=2 before=121.8 after1=79.86 after2=79.86 ratio=0.6558
[PRECOND DEBUG] Input residual ||r|| = 2.776e+06 (call #200)
[PRECOND BLOCK NORMS] U: 5.247e+04, V: 90.31, MU: 1718
[PRECOND BLOCK NORMS] PHI: 9804
[PRECOND BLOCK NORMS] W: 20.65, THETA: 1399
[PRECOND TIMING] W-THETA coupled solve: 6 ms (3321 columns)
[PRECOND DEBUG] Output preconditioned ||M⁻¹r|| = 5.342e+04 (α₀=0, ratio=0.2783, α_eff=0)
[PRECOND DEBUG] Ratio ||M⁻¹r|| / ||r|| = 0.01924
[PRECOND DEBUG] Input residual ||r|| = 4.936e+06 (call #205)
[PRECOND BLOCK NORMS] U: 5.535e+04, V: 103.7, MU: 1959
[PRECOND BLOCK NORMS] PHI: 1.111e+04
[PRECOND BLOCK NORMS] W: 22.95, THETA: 1533
[PRECOND TIMING] W-THETA coupled solve: 5 ms (3321 columns)
[PRECOND DEBUG] Output preconditioned ||M⁻¹r|| = 5.65e+04 (α₀=0, ratio=0.2783, α_eff=0)
[PRECOND DEBUG] Ratio ||M⁻¹r|| / ||r|| = 0.01145
[GMRES] restart=1 j=15: hess_est=0.6013, true_err=0.6014
[GMRES BLOCK r/b] restart=1 j=15 ru=2.8064 rv=24.1109 rw=46.2081 ph=114.2219 t=3.7182 mu=2.1760
[FGMRES] NOT CONVERGED: ||x||=0.0171, ||r_true||=265.4921, ||b||=289.2987, rel_error=0.9177, tol=0.0000, restarts=1, arnoldi=16 (block-scaled)
[GMRES BLOCK-SCALE] ru: ||r0||=139.1 → D_inv=0.007188
[GMRES BLOCK-SCALE] rv: ||r0||=164.7 → D_inv=0.006071
[GMRES BLOCK-SCALE] rw: ||r0||=153.2 → D_inv=0.006527
[GMRES BLOCK-SCALE] ph: ||r0||=239 → D_inv=0.004185
[GMRES BLOCK-SCALE] t: ||r0||=140.8 → D_inv=0.007104
[GMRES BLOCK-SCALE] mu: ||r0||=15.48 → D_inv=0.0646
[FGMRES] Z-basis memory budget: restart=16 x numel=1080491 => ~65.95 MiB per cycle
[GMRES REORTH] j=2 before=946.8 after1=569.4 after2=569.4 ratio=0.6014
[GMRES] restart=1 j=15: hess_est=0.7811, true_err=0.7811
[GMRES BLOCK r/b] restart=1 j=15 ru=29.7211 rv=66.9609 rw=40.0229 ph=112.3009 t=42.5692 mu=2.1224
[FGMRES] NOT CONVERGED: ||x||=0.0166, ||r_true||=309.0736, ||b||=289.2987, rel_error=1.0684, tol=0.0000, restarts=1, arnoldi=16 (block-scaled)
[GMRES BLOCK-SCALE] ru: ||r0||=139.1 → D_inv=0.007188
[GMRES BLOCK-SCALE] rv: ||r0||=164.7 → D_inv=0.006071
[GMRES BLOCK-SCALE] rw: ||r0||=153.2 → D_inv=0.006527
[GMRES BLOCK-SCALE] ph: ||r0||=239 → D_inv=0.004185
[GMRES BLOCK-SCALE] t: ||r0||=140.8 → D_inv=0.007104
[GMRES BLOCK-SCALE] mu: ||r0||=15.48 → D_inv=0.0646
[FGMRES] Z-basis memory budget: restart=16 x numel=1080491 => ~65.95 MiB per cycle
[PRECOND DEBUG] Input residual ||r|| = 1.113e+07 (call #210)
[PRECOND BLOCK NORMS] U: 9.047e+04, V: 137.4, MU: 3543
[PRECOND BLOCK NORMS] PHI: 2.028e+04
[PRECOND BLOCK NORMS] W: 6.054, THETA: 3134
[PRECOND TIMING] W-THETA coupled solve: 5 ms (3321 columns)
[PRECOND DEBUG] Output preconditioned ||M⁻¹r|| = 9.282e+04 (α₀=0, ratio=0.2783, α_eff=0)
[PRECOND DEBUG] Ratio ||M⁻¹r|| / ||r|| = 0.008341
[GMRES REORTH] j=2 before=963.9 after1=532.1 after2=532.1 ratio=0.552
[PRECOND DEBUG] Input residual ||r|| = 1.271e+07 (call #215)
[PRECOND BLOCK NORMS] U: 5.705e+04, V: 68.63, MU: 2117
[PRECOND BLOCK NORMS] PHI: 1.207e+04
[PRECOND BLOCK NORMS] W: 17.57, THETA: 1614
[PRECOND TIMING] W-THETA coupled solve: 5 ms (3321 columns)
[PRECOND DEBUG] Output preconditioned ||M⁻¹r|| = 5.837e+04 (α₀=0, ratio=0.2783, α_eff=0)
[PRECOND DEBUG] Ratio ||M⁻¹r|| / ||r|| = 0.004591
[PRECOND DEBUG] Input residual ||r|| = 1.197e+07 (call #220)
[PRECOND BLOCK NORMS] U: 4.787e+04, V: 56.05, MU: 1979
[PRECOND BLOCK NORMS] PHI: 1.112e+04
[PRECOND BLOCK NORMS] W: 20.33, THETA: 1754
[PRECOND TIMING] W-THETA coupled solve: 6 ms (3321 columns)
[PRECOND DEBUG] Output preconditioned ||M⁻¹r|| = 4.92e+04 (α₀=0, ratio=0.2783, α_eff=0)
[PRECOND DEBUG] Ratio ||M⁻¹r|| / ||r|| = 0.00411
[GMRES] restart=1 j=15: hess_est=0.8025, true_err=0.8025
[GMRES BLOCK r/b] restart=1 j=15 ru=33.1873 rv=64.3112 rw=40.3304 ph=108.9517 t=52.2665 mu=2.1722
[FGMRES] NOT CONVERGED: ||x||=0.0159, ||r_true||=309.6124, ||b||=289.2987, rel_error=1.0702, tol=0.0000, restarts=1, arnoldi=16 (block-scaled)
[GMRES BLOCK-SCALE] ru: ||r0||=139.1 → D_inv=0.007188
[GMRES BLOCK-SCALE] rv: ||r0||=164.7 → D_inv=0.006071
[GMRES BLOCK-SCALE] rw: ||r0||=153.2 → D_inv=0.006527
[GMRES BLOCK-SCALE] ph: ||r0||=239 → D_inv=0.004185
[GMRES BLOCK-SCALE] t: ||r0||=140.8 → D_inv=0.007104
[GMRES BLOCK-SCALE] mu: ||r0||=15.48 → D_inv=0.0646
[FGMRES] Z-basis memory budget: restart=32 x numel=1080491 => ~131.9 MiB per cycle
[PRECOND DEBUG] Input residual ||r|| = 6.029e+06 (call #225)
[PRECOND BLOCK NORMS] U: 1.453e+05, V: 151.3, MU: 4760
[PRECOND BLOCK NORMS] PHI: 2.718e+04
[PRECOND BLOCK NORMS] W: 27.55, THETA: 4297
[PRECOND TIMING] W-THETA coupled solve: 6 ms (3321 columns)
[PRECOND DEBUG] Output preconditioned ||M⁻¹r|| = 1.48e+05 (α₀=0, ratio=0.2783, α_eff=0)
[PRECOND DEBUG] Ratio ||M⁻¹r|| / ||r|| = 0.02454
[GMRES REORTH] j=1 before=182.1 after1=105.6 after2=105.6 ratio=0.5803
[GMRES REORTH] j=2 before=121.8 after1=79.86 after2=79.86 ratio=0.6558
[PRECOND DEBUG] Input residual ||r|| = 1.69e+06 (call #230)
[PRECOND BLOCK NORMS] U: 8.088e+04, V: 101.6, MU: 2734
[PRECOND BLOCK NORMS] PHI: 1.558e+04
[PRECOND BLOCK NORMS] W: 12.83, THETA: 2564
[PRECOND TIMING] W-THETA coupled solve: 5 ms (3321 columns)
[PRECOND DEBUG] Output preconditioned ||M⁻¹r|| = 8.244e+04 (α₀=0, ratio=0.2783, α_eff=0)
[PRECOND DEBUG] Ratio ||M⁻¹r|| / ||r|| = 0.04879
[PRECOND DEBUG] Input residual ||r|| = 4.078e+06 (call #235)
[PRECOND BLOCK NORMS] U: 6.098e+04, V: 111.6, MU: 2032
[PRECOND BLOCK NORMS] PHI: 1.156e+04
[PRECOND BLOCK NORMS] W: 25.14, THETA: 1615
[PRECOND TIMING] W-THETA coupled solve: 6 ms (3321 columns)
[PRECOND DEBUG] Output preconditioned ||M⁻¹r|| = 6.212e+04 (α₀=0, ratio=0.2783, α_eff=0)
[PRECOND DEBUG] Ratio ||M⁻¹r|| / ||r|| = 0.01523
[PRECOND DEBUG] Input residual ||r|| = 3.239e+06 (call #240)
[PRECOND BLOCK NORMS] U: 3.982e+04, V: 100.1, MU: 1302
[PRECOND BLOCK NORMS] PHI: 7418
[PRECOND BLOCK NORMS] W: 18.37, THETA: 1366
[PRECOND TIMING] W-THETA coupled solve: 6 ms (3321 columns)
[PRECOND DEBUG] Output preconditioned ||M⁻¹r|| = 4.055e+04 (α₀=0, ratio=0.2783, α_eff=0)
[PRECOND DEBUG] Ratio ||M⁻¹r|| / ||r|| = 0.01252
[PRECOND DEBUG] Input residual ||r|| = 4.941e+06 (call #245)
[PRECOND BLOCK NORMS] U: 4.393e+04, V: 92.77, MU: 1331
[PRECOND BLOCK NORMS] PHI: 7532
[PRECOND BLOCK NORMS] W: 21.66, THETA: 1519
[PRECOND TIMING] W-THETA coupled solve: 6 ms (3321 columns)
[PRECOND DEBUG] Output preconditioned ||M⁻¹r|| = 4.461e+04 (α₀=0, ratio=0.2783, α_eff=0)
[PRECOND DEBUG] Ratio ||M⁻¹r|| / ||r|| = 0.009029
[PRECOND DEBUG] Input residual ||r|| = 4.418e+06 (call #250)
[PRECOND BLOCK NORMS] U: 4.579e+04, V: 93.9, MU: 1574
[PRECOND BLOCK NORMS] PHI: 8916
[PRECOND BLOCK NORMS] W: 19.86, THETA: 2371
[PRECOND TIMING] W-THETA coupled solve: 6 ms (3321 columns)
[PRECOND DEBUG] Output preconditioned ||M⁻¹r|| = 4.673e+04 (α₀=0, ratio=0.2783, α_eff=0)
[PRECOND DEBUG] Ratio ||M⁻¹r|| / ||r|| = 0.01058
[PRECOND DEBUG] Input residual ||r|| = 5.401e+06 (call #255)
[PRECOND BLOCK NORMS] U: 5.11e+04, V: 84.52, MU: 1781
[PRECOND BLOCK NORMS] PHI: 1.011e+04
[PRECOND BLOCK NORMS] W: 31.08, THETA: 2761
[PRECOND TIMING] W-THETA coupled solve: 5 ms (3321 columns)
[PRECOND DEBUG] Output preconditioned ||M⁻¹r|| = 5.219e+04 (α₀=0, ratio=0.2783, α_eff=0)
[PRECOND DEBUG] Ratio ||M⁻¹r|| / ||r|| = 0.009664
[GMRES] restart=1 j=31: hess_est=0.5426, true_err=0.5426
[GMRES BLOCK r/b] restart=1 j=31 ru=3.2595 rv=12.0803 rw=40.1655 ph=108.6230 t=4.0667 mu=1.7249
[FGMRES] NOT CONVERGED: ||x||=0.0129, ||r_true||=246.2981, ||b||=289.2987, rel_error=0.8514, tol=0.0000, restarts=1, arnoldi=32 (block-scaled)
[GMRES BLOCK-SCALE] ru: ||r0||=139.1 → D_inv=0.007188
[GMRES BLOCK-SCALE] rv: ||r0||=164.7 → D_inv=0.006071
[GMRES BLOCK-SCALE] rw: ||r0||=153.2 → D_inv=0.006527
[GMRES BLOCK-SCALE] ph: ||r0||=239 → D_inv=0.004185
[GMRES BLOCK-SCALE] t: ||r0||=140.8 → D_inv=0.007104
[GMRES BLOCK-SCALE] mu: ||r0||=15.48 → D_inv=0.0646
[FGMRES] Z-basis memory budget: restart=32 x numel=1080491 => ~131.9 MiB per cycle
[GMRES REORTH] j=2 before=946.8 after1=569.4 after2=569.4 ratio=0.6014
[GMRES] restart=1 j=31: hess_est=0.7133, true_err=0.7133
[GMRES BLOCK r/b] restart=1 j=31 ru=24.9662 rv=56.2399 rw=38.4350 ph=112.7402 t=29.6392 mu=2.6906
[FGMRES] NOT CONVERGED: ||x||=0.0169, ||r_true||=290.1568, ||b||=289.2987, rel_error=1.0030, tol=0.0000, restarts=1, arnoldi=32 (block-scaled)
[GMRES BLOCK-SCALE] ru: ||r0||=139.1 → D_inv=0.007188
[GMRES BLOCK-SCALE] rv: ||r0||=164.7 → D_inv=0.006071
[GMRES BLOCK-SCALE] rw: ||r0||=153.2 → D_inv=0.006527
[GMRES BLOCK-SCALE] ph: ||r0||=239 → D_inv=0.004185
[GMRES BLOCK-SCALE] t: ||r0||=140.8 → D_inv=0.007104
[GMRES BLOCK-SCALE] mu: ||r0||=15.48 → D_inv=0.0646
[FGMRES] Z-basis memory budget: restart=32 x numel=1080491 => ~131.9 MiB per cycle
[GMRES REORTH] j=2 before=963.9 after1=532.1 after2=532.1 ratio=0.552
[PRECOND DEBUG] Input residual ||r|| = 1.171e+07 (call #260)
[PRECOND BLOCK NORMS] U: 8.875e+04, V: 112.1, MU: 3229
[PRECOND BLOCK NORMS] PHI: 1.839e+04
[PRECOND BLOCK NORMS] W: 22.55, THETA: 3144
[PRECOND TIMING] W-THETA coupled solve: 6 ms (3321 columns)
[PRECOND DEBUG] Output preconditioned ||M⁻¹r|| = 9.074e+04 (α₀=0, ratio=0.2783, α_eff=0)
[PRECOND DEBUG] Ratio ||M⁻¹r|| / ||r|| = 0.007751
[PRECOND DEBUG] Input residual ||r|| = 1.069e+07 (call #265)
[PRECOND BLOCK NORMS] U: 7.328e+04, V: 93.17, MU: 2695
[PRECOND BLOCK NORMS] PHI: 1.536e+04
[PRECOND BLOCK NORMS] W: 16.59, THETA: 2022
[PRECOND TIMING] W-THETA coupled solve: 6 ms (3321 columns)
[PRECOND DEBUG] Output preconditioned ||M⁻¹r|| = 7.494e+04 (α₀=0, ratio=0.2783, α_eff=0)
[PRECOND DEBUG] Ratio ||M⁻¹r|| / ||r|| = 0.00701
[PRECOND DEBUG] Input residual ||r|| = 1.229e+07 (call #270)
[PRECOND BLOCK NORMS] U: 4.346e+04, V: 55.71, MU: 1634
[PRECOND BLOCK NORMS] PHI: 9213
[PRECOND BLOCK NORMS] W: 23.79, THETA: 1732
[PRECOND TIMING] W-THETA coupled solve: 6 ms (3321 columns)
[PRECOND DEBUG] Output preconditioned ||M⁻¹r|| = 4.449e+04 (α₀=0, ratio=0.2783, α_eff=0)
[PRECOND DEBUG] Ratio ||M⁻¹r|| / ||r|| = 0.003619
[PRECOND DEBUG] Input residual ||r|| = 1.306e+07 (call #275)
[PRECOND BLOCK NORMS] U: 3.792e+04, V: 48.79, MU: 1678
[PRECOND BLOCK NORMS] PHI: 9483
[PRECOND BLOCK NORMS] W: 24.09, THETA: 1181
[PRECOND TIMING] W-THETA coupled solve: 6 ms (3321 columns)
[PRECOND DEBUG] Output preconditioned ||M⁻¹r|| = 3.915e+04 (α₀=0, ratio=0.2783, α_eff=0)
[PRECOND DEBUG] Ratio ||M⁻¹r|| / ||r|| = 0.002998
[PRECOND DEBUG] Input residual ||r|| = 1.287e+07 (call #280)
[PRECOND BLOCK NORMS] U: 4.515e+04, V: 52.18, MU: 1879
[PRECOND BLOCK NORMS] PHI: 1.062e+04
[PRECOND BLOCK NORMS] W: 25.87, THETA: 1260
[PRECOND TIMING] W-THETA coupled solve: 6 ms (3321 columns)
[PRECOND DEBUG] Output preconditioned ||M⁻¹r|| = 4.643e+04 (α₀=0, ratio=0.2783, α_eff=0)
[PRECOND DEBUG] Ratio ||M⁻¹r|| / ||r|| = 0.003606
[PRECOND DEBUG] Input residual ||r|| = 1.28e+07 (call #285)
[PRECOND BLOCK NORMS] U: 4.417e+04, V: 54.2, MU: 1721
[PRECOND BLOCK NORMS] PHI: 9799
[PRECOND BLOCK NORMS] W: 23.85, THETA: 1457
[PRECOND TIMING] W-THETA coupled solve: 6 ms (3321 columns)
[PRECOND DEBUG] Output preconditioned ||M⁻¹r|| = 4.53e+04 (α₀=0, ratio=0.2783, α_eff=0)
[PRECOND DEBUG] Ratio ||M⁻¹r|| / ||r|| = 0.00354
[GMRES] restart=1 j=31: hess_est=0.7581, true_err=0.7581
[GMRES BLOCK r/b] restart=1 j=31 ru=29.0680 rv=62.4826 rw=40.9464 ph=108.6884 t=42.6386 mu=2.0308
[FGMRES] NOT CONVERGED: ||x||=0.0167, ||r_true||=299.2693, ||b||=289.2987, rel_error=1.0345, tol=0.0000, restarts=1, arnoldi=32 (block-scaled)
[GMRES BLOCK-SCALE] ru: ||r0||=139.1 → D_inv=0.007188
[GMRES BLOCK-SCALE] rv: ||r0||=164.7 → D_inv=0.006071
[GMRES BLOCK-SCALE] rw: ||r0||=153.2 → D_inv=0.006527
[GMRES BLOCK-SCALE] ph: ||r0||=239 → D_inv=0.004185
[GMRES BLOCK-SCALE] t: ||r0||=140.8 → D_inv=0.007104
[GMRES BLOCK-SCALE] mu: ||r0||=15.48 → D_inv=0.0646
[FGMRES] Z-basis memory budget: restart=48 x numel=1080491 => ~197.8 MiB per cycle
[PRECOND DEBUG] Input residual ||r|| = 3.433e+06 (call #290)
[PRECOND BLOCK NORMS] U: 5.135e+04, V: 133, MU: 1871
[PRECOND BLOCK NORMS] PHI: 1.062e+04
[PRECOND BLOCK NORMS] W: 20.86, THETA: 2158
[PRECOND TIMING] W-THETA coupled solve: 5 ms (3321 columns)
[PRECOND DEBUG] Output preconditioned ||M⁻¹r|| = 5.251e+04 (α₀=0, ratio=0.2783, α_eff=0)
[PRECOND DEBUG] Ratio ||M⁻¹r|| / ||r|| = 0.01529
[GMRES REORTH] j=1 before=182.1 after1=105.6 after2=105.6 ratio=0.5803
[GMRES REORTH] j=2 before=121.8 after1=79.86 after2=79.86 ratio=0.6558
[PRECOND DEBUG] Input residual ||r|| = 3.252e+06 (call #295)
[PRECOND BLOCK NORMS] U: 3.244e+04, V: 103.4, MU: 1165
[PRECOND BLOCK NORMS] PHI: 6600
[PRECOND BLOCK NORMS] W: 20.41, THETA: 918.8
[PRECOND TIMING] W-THETA coupled solve: 6 ms (3321 columns)
[PRECOND DEBUG] Output preconditioned ||M⁻¹r|| = 3.313e+04 (α₀=0, ratio=0.2783, α_eff=0)
[PRECOND DEBUG] Ratio ||M⁻¹r|| / ||r|| = 0.01019
[PRECOND DEBUG] Input residual ||r|| = 3.082e+06 (call #300)
[PRECOND BLOCK NORMS] U: 3.318e+04, V: 96.73, MU: 1110
[PRECOND BLOCK NORMS] PHI: 6324
[PRECOND BLOCK NORMS] W: 21.44, THETA: 928.6
[PRECOND TIMING] W-THETA coupled solve: 6 ms (3321 columns)
[PRECOND DEBUG] Output preconditioned ||M⁻¹r|| = 3.381e+04 (α₀=0, ratio=0.2783, α_eff=0)
[PRECOND DEBUG] Ratio ||M⁻¹r|| / ||r|| = 0.01097
[PRECOND DEBUG] Input residual ||r|| = 3.611e+06 (call #305)
[PRECOND BLOCK NORMS] U: 4.396e+04, V: 95.26, MU: 1345
[PRECOND BLOCK NORMS] PHI: 7659
[PRECOND BLOCK NORMS] W: 18.67, THETA: 1203
[PRECOND TIMING] W-THETA coupled solve: 6 ms (3321 columns)
[PRECOND DEBUG] Output preconditioned ||M⁻¹r|| = 4.465e+04 (α₀=0, ratio=0.2783, α_eff=0)
[PRECOND DEBUG] Ratio ||M⁻¹r|| / ||r|| = 0.01237
[PRECOND DEBUG] Input residual ||r|| = 4.542e+06 (call #310)
[PRECOND BLOCK NORMS] U: 3.65e+04, V: 96.07, MU: 1128
[PRECOND BLOCK NORMS] PHI: 6408
[PRECOND BLOCK NORMS] W: 26.46, THETA: 1677
[PRECOND TIMING] W-THETA coupled solve: 6 ms (3321 columns)
[PRECOND DEBUG] Output preconditioned ||M⁻¹r|| = 3.71e+04 (α₀=0, ratio=0.2783, α_eff=0)
[PRECOND DEBUG] Ratio ||M⁻¹r|| / ||r|| = 0.008168
[PRECOND DEBUG] Input residual ||r|| = 3.252e+06 (call #315)
[PRECOND BLOCK NORMS] U: 4.446e+04, V: 99.91, MU: 1475
[PRECOND BLOCK NORMS] PHI: 8400
[PRECOND BLOCK NORMS] W: 18.9, THETA: 2483
[PRECOND TIMING] W-THETA coupled solve: 6 ms (3321 columns)
[PRECOND DEBUG] Output preconditioned ||M⁻¹r|| = 4.533e+04 (α₀=0, ratio=0.2783, α_eff=0)
[PRECOND DEBUG] Ratio ||M⁻¹r|| / ||r|| = 0.01394
[PRECOND DEBUG] Input residual ||r|| = 4.687e+06 (call #320)
[PRECOND BLOCK NORMS] U: 5.154e+04, V: 100.8, MU: 1816
[PRECOND BLOCK NORMS] PHI: 1.03e+04
[PRECOND BLOCK NORMS] W: 26.28, THETA: 3057
[PRECOND TIMING] W-THETA coupled solve: 6 ms (3321 columns)
[PRECOND DEBUG] Output preconditioned ||M⁻¹r|| = 5.267e+04 (α₀=0, ratio=0.2783, α_eff=0)
[PRECOND DEBUG] Ratio ||M⁻¹r|| / ||r|| = 0.01124
[PRECOND DEBUG] Input residual ||r|| = 4.859e+06 (call #325)
[PRECOND BLOCK NORMS] U: 6.606e+04, V: 104, MU: 2091
[PRECOND BLOCK NORMS] PHI: 1.187e+04
[PRECOND BLOCK NORMS] W: 26.06, THETA: 2692
[PRECOND TIMING] W-THETA coupled solve: 6 ms (3321 columns)
[PRECOND DEBUG] Output preconditioned ||M⁻¹r|| = 6.718e+04 (α₀=0, ratio=0.2783, α_eff=0)
[PRECOND DEBUG] Ratio ||M⁻¹r|| / ||r|| = 0.01383
[PRECOND DEBUG] Input residual ||r|| = 4.586e+06 (call #330)
[PRECOND BLOCK NORMS] U: 5.288e+04, V: 94.52, MU: 1323
[PRECOND BLOCK NORMS] PHI: 7528
[PRECOND BLOCK NORMS] W: 25.57, THETA: 2494
[PRECOND TIMING] W-THETA coupled solve: 5 ms (3321 columns)
[PRECOND DEBUG] Output preconditioned ||M⁻¹r|| = 5.348e+04 (α₀=0, ratio=0.2783, α_eff=0)
[PRECOND DEBUG] Ratio ||M⁻¹r|| / ||r|| = 0.01166
[PRECOND DEBUG] Input residual ||r|| = 4.62e+06 (call #335)
[PRECOND BLOCK NORMS] U: 5.819e+04, V: 84.44, MU: 1241
[PRECOND BLOCK NORMS] PHI: 7016
[PRECOND BLOCK NORMS] W: 25.96, THETA: 3145
[PRECOND TIMING] W-THETA coupled solve: 6 ms (3321 columns)
[PRECOND DEBUG] Output preconditioned ||M⁻¹r|| = 5.87e+04 (α₀=0, ratio=0.2783, α_eff=0)
[PRECOND DEBUG] Ratio ||M⁻¹r|| / ||r|| = 0.01271
[GMRES] restart=1 j=47: hess_est=0.5062, true_err=0.5062
[GMRES BLOCK r/b] restart=1 j=47 ru=2.0507 rv=11.6062 rw=37.2077 ph=102.2871 t=3.3861 mu=1.4123
[FGMRES] NOT CONVERGED: ||x||=0.0113, ||r_true||=231.4484, ||b||=289.2987, rel_error=0.8000, tol=0.0000, restarts=1, arnoldi=48 (block-scaled)
SDIRK3_FROZEN_AB_BLOCKS stage=2 arm=M j=48 ru_rho0=1.28 ru_rho=0.03988 rv_rho0=1.498 rv_rho=0.223 rw_rho0=2.062 rw_rho=1.058 ph_rho0=1.151 ph_rho=1.041 t_rho0=1.361 t_rho=0.06917 mu_rho0=0.7295 mu_rho=0.1406
[GMRES BLOCK-SCALE] ru: ||r0||=139.1 → D_inv=0.007188
[GMRES BLOCK-SCALE] rv: ||r0||=164.7 → D_inv=0.006071
[GMRES BLOCK-SCALE] rw: ||r0||=153.2 → D_inv=0.006527
[GMRES BLOCK-SCALE] ph: ||r0||=239 → D_inv=0.004185
[GMRES BLOCK-SCALE] t: ||r0||=140.8 → D_inv=0.007104
[GMRES BLOCK-SCALE] mu: ||r0||=15.48 → D_inv=0.0646
[FGMRES] Z-basis memory budget: restart=48 x numel=1080491 => ~197.8 MiB per cycle
[GMRES REORTH] j=2 before=946.8 after1=569.4 after2=569.4 ratio=0.6014
[GMRES] restart=1 j=47: hess_est=0.5932, true_err=0.5932
[GMRES BLOCK r/b] restart=1 j=47 ru=14.7807 rv=36.8825 rw=30.6407 ph=112.3229 t=16.1257 mu=1.9877
[FGMRES] NOT CONVERGED: ||x||=0.0175, ||r_true||=262.1744, ||b||=289.2987, rel_error=0.9062, tol=0.0000, restarts=1, arnoldi=48 (block-scaled)
SDIRK3_FROZEN_AB_BLOCKS stage=2 arm=I j=48 ru_rho0=1.28 ru_rho=0.2874 rv_rho0=1.498 rv_rho=0.7088 rw_rho0=2.062 rw_rho=0.8715 ph_rho0=1.151 ph_rho=1.143 t_rho0=1.361 t_rho=0.3294 mu_rho0=0.7295 mu_rho=0.1979
[GMRES BLOCK-SCALE] ru: ||r0||=139.1 → D_inv=0.007188
[GMRES BLOCK-SCALE] rv: ||r0||=164.7 → D_inv=0.006071
[GMRES BLOCK-SCALE] rw: ||r0||=153.2 → D_inv=0.006527
[GMRES BLOCK-SCALE] ph: ||r0||=239 → D_inv=0.004185
[GMRES BLOCK-SCALE] t: ||r0||=140.8 → D_inv=0.007104
[GMRES BLOCK-SCALE] mu: ||r0||=15.48 → D_inv=0.0646
[FGMRES] Z-basis memory budget: restart=48 x numel=1080491 => ~197.8 MiB per cycle
[GMRES REORTH] j=2 before=963.9 after1=532.1 after2=532.1 ratio=0.552
[PRECOND DEBUG] Input residual ||r|| = 1.171e+07 (call #340)
[PRECOND BLOCK NORMS] U: 8.875e+04, V: 112.1, MU: 3229
[PRECOND BLOCK NORMS] PHI: 1.839e+04
[PRECOND BLOCK NORMS] W: 22.55, THETA: 3144
[PRECOND TIMING] W-THETA coupled solve: 6 ms (3321 columns)
[PRECOND DEBUG] Output preconditioned ||M⁻¹r|| = 9.074e+04 (α₀=0, ratio=0.2783, α_eff=0)
[PRECOND DEBUG] Ratio ||M⁻¹r|| / ||r|| = 0.007751
[PRECOND DEBUG] Input residual ||r|| = 1.069e+07 (call #345)
[PRECOND BLOCK NORMS] U: 7.328e+04, V: 93.17, MU: 2695
[PRECOND BLOCK NORMS] PHI: 1.536e+04
[PRECOND BLOCK NORMS] W: 16.59, THETA: 2022
[PRECOND TIMING] W-THETA coupled solve: 6 ms (3321 columns)
[PRECOND DEBUG] Output preconditioned ||M⁻¹r|| = 7.494e+04 (α₀=0, ratio=0.2783, α_eff=0)
[PRECOND DEBUG] Ratio ||M⁻¹r|| / ||r|| = 0.00701
[PRECOND DEBUG] Input residual ||r|| = 1.229e+07 (call #350)
[PRECOND BLOCK NORMS] U: 4.346e+04, V: 55.71, MU: 1634
[PRECOND BLOCK NORMS] PHI: 9213
[PRECOND BLOCK NORMS] W: 23.79, THETA: 1732
[PRECOND TIMING] W-THETA coupled solve: 6 ms (3321 columns)
[PRECOND DEBUG] Output preconditioned ||M⁻¹r|| = 4.449e+04 (α₀=0, ratio=0.2783, α_eff=0)
[PRECOND DEBUG] Ratio ||M⁻¹r|| / ||r|| = 0.003619
[PRECOND DEBUG] Input residual ||r|| = 1.306e+07 (call #355)
[PRECOND BLOCK NORMS] U: 3.792e+04, V: 48.79, MU: 1678
[PRECOND BLOCK NORMS] PHI: 9483
[PRECOND BLOCK NORMS] W: 24.09, THETA: 1181
[PRECOND TIMING] W-THETA coupled solve: 6 ms (3321 columns)
[PRECOND DEBUG] Output preconditioned ||M⁻¹r|| = 3.915e+04 (α₀=0, ratio=0.2783, α_eff=0)
[PRECOND DEBUG] Ratio ||M⁻¹r|| / ||r|| = 0.002998
[PRECOND DEBUG] Input residual ||r|| = 1.287e+07 (call #360)
[PRECOND BLOCK NORMS] U: 4.515e+04, V: 52.18, MU: 1879
[PRECOND BLOCK NORMS] PHI: 1.062e+04
[PRECOND BLOCK NORMS] W: 25.87, THETA: 1260
[PRECOND TIMING] W-THETA coupled solve: 6 ms (3321 columns)
[PRECOND DEBUG] Output preconditioned ||M⁻¹r|| = 4.643e+04 (α₀=0, ratio=0.2783, α_eff=0)
[PRECOND DEBUG] Ratio ||M⁻¹r|| / ||r|| = 0.003606
[PRECOND DEBUG] Input residual ||r|| = 1.28e+07 (call #365)
[PRECOND BLOCK NORMS] U: 4.417e+04, V: 54.2, MU: 1721
[PRECOND BLOCK NORMS] PHI: 9799
[PRECOND BLOCK NORMS] W: 23.85, THETA: 1457
[PRECOND TIMING] W-THETA coupled solve: 6 ms (3321 columns)
[PRECOND DEBUG] Output preconditioned ||M⁻¹r|| = 4.53e+04 (α₀=0, ratio=0.2783, α_eff=0)
[PRECOND DEBUG] Ratio ||M⁻¹r|| / ||r|| = 0.00354
[PRECOND DEBUG] Input residual ||r|| = 1.269e+07 (call #370)
[PRECOND BLOCK NORMS] U: 5.856e+04, V: 61.72, MU: 2554
[PRECOND BLOCK NORMS] PHI: 1.437e+04
[PRECOND BLOCK NORMS] W: 22.98, THETA: 1250
[PRECOND TIMING] W-THETA coupled solve: 5 ms (3321 columns)
[PRECOND DEBUG] Output preconditioned ||M⁻¹r|| = 6.035e+04 (α₀=0, ratio=0.2783, α_eff=0)
[PRECOND DEBUG] Ratio ||M⁻¹r|| / ||r|| = 0.004755
[PRECOND DEBUG] Input residual ||r|| = 1.253e+07 (call #375)
[PRECOND BLOCK NORMS] U: 7.192e+04, V: 64.3, MU: 2637
[PRECOND BLOCK NORMS] PHI: 1.487e+04
[PRECOND BLOCK NORMS] W: 22.19, THETA: 1673
[PRECOND TIMING] W-THETA coupled solve: 6 ms (3321 columns)
[PRECOND DEBUG] Output preconditioned ||M⁻¹r|| = 7.349e+04 (α₀=0, ratio=0.2783, α_eff=0)
[PRECOND DEBUG] Ratio ||M⁻¹r|| / ||r|| = 0.005866
[PRECOND DEBUG] Input residual ||r|| = 1.273e+07 (call #380)
[PRECOND BLOCK NORMS] U: 5.67e+04, V: 58.81, MU: 2043
[PRECOND BLOCK NORMS] PHI: 1.157e+04
[PRECOND BLOCK NORMS] W: 18.18, THETA: 1091
[PRECOND TIMING] W-THETA coupled solve: 6 ms (3321 columns)
[PRECOND DEBUG] Output preconditioned ||M⁻¹r|| = 5.791e+04 (α₀=0, ratio=0.2783, α_eff=0)
[PRECOND DEBUG] Ratio ||M⁻¹r|| / ||r|| = 0.004549
[GMRES] restart=1 j=47: hess_est=0.6507, true_err=0.6507
[GMRES BLOCK r/b] restart=1 j=47 ru=18.1781 rv=51.4806 rw=34.3751 ph=107.7962 t=26.9537 mu=2.0887
[FGMRES] NOT CONVERGED: ||x||=0.0180, ||r_true||=271.4977, ||b||=289.2987, rel_error=0.9385, tol=0.0000, restarts=1, arnoldi=48 (block-scaled)
SDIRK3_FROZEN_AB_BLOCKS stage=2 arm=Msel j=48 ru_rho0=1.28 ru_rho=0.3535 rv_rho0=1.498 rv_rho=0.9893 rw_rho0=2.062 rw_rho=0.9777 ph_rho0=1.151 ph_rho=1.097 t_rho0=1.361 t_rho=0.5506 mu_rho0=0.7295 mu_rho=0.208
[GMRES BLOCK-SCALE] ru: ||r0||=139.1 → D_inv=0.007188
[GMRES BLOCK-SCALE] rv: ||r0||=164.7 → D_inv=0.006071
[GMRES BLOCK-SCALE] rw: ||r0||=153.2 → D_inv=0.006527
[GMRES BLOCK-SCALE] ph: ||r0||=239 → D_inv=0.004185
[GMRES BLOCK-SCALE] t: ||r0||=140.8 → D_inv=0.007104
[GMRES BLOCK-SCALE] mu: ||r0||=15.48 → D_inv=0.0646
[FGMRES] Z-basis memory budget: restart=48 x numel=1080491 => ~197.8 MiB per cycle
[PRECOND DEBUG] Input residual ||r|| = 6.029e+06 (call #385)
[PRECOND BLOCK NORMS] U: 1.453e+05, V: 151.3, MU: 4760
[PRECOND BLOCK NORMS] PHI: 2.718e+04
[PRECOND BLOCK NORMS] W: 27.55, THETA: 4297
[PRECOND TIMING] W-THETA coupled solve: 6 ms (3321 columns)
[PRECOND DEBUG] Output preconditioned ||M⁻¹r|| = 1.48e+05 (α₀=0, ratio=0.2783, α_eff=0)
[PRECOND DEBUG] Ratio ||M⁻¹r|| / ||r|| = 0.02454
[GMRES REORTH] j=2 before=963.9 after1=532.1 after2=532.1 ratio=0.552
[PRECOND DEBUG] Input residual ||r|| = 1.06e+07 (call #390)
[PRECOND BLOCK NORMS] U: 6.49e+04, V: 75.14, MU: 2140
[PRECOND BLOCK NORMS] PHI: 1.207e+04
[PRECOND BLOCK NORMS] W: 15.39, THETA: 3739
[PRECOND TIMING] W-THETA coupled solve: 6 ms (3321 columns)
[PRECOND DEBUG] Output preconditioned ||M⁻¹r|| = 6.614e+04 (α₀=0, ratio=0.2783, α_eff=0)
[PRECOND DEBUG] Ratio ||M⁻¹r|| / ||r|| = 0.006238
[PRECOND DEBUG] Input residual ||r|| = 1.315e+07 (call #395)
[PRECOND BLOCK NORMS] U: 4.607e+04, V: 59.87, MU: 1861
[PRECOND BLOCK NORMS] PHI: 1.057e+04
[PRECOND BLOCK NORMS] W: 16.46, THETA: 1350
[PRECOND TIMING] W-THETA coupled solve: 5 ms (3321 columns)
[PRECOND DEBUG] Output preconditioned ||M⁻¹r|| = 4.731e+04 (α₀=0, ratio=0.2783, α_eff=0)
[PRECOND DEBUG] Ratio ||M⁻¹r|| / ||r|| = 0.003597
[PRECOND DEBUG] Input residual ||r|| = 1.308e+07 (call #400)
[PRECOND BLOCK NORMS] U: 3.707e+04, V: 52.38, MU: 1669
[PRECOND BLOCK NORMS] PHI: 9455
[PRECOND BLOCK NORMS] W: 18.92, THETA: 1290
[PRECOND TIMING] W-THETA coupled solve: 6 ms (3321 columns)
[PRECOND DEBUG] Output preconditioned ||M⁻¹r|| = 3.831e+04 (α₀=0, ratio=0.2783, α_eff=0)
[PRECOND DEBUG] Ratio ||M⁻¹r|| / ||r|| = 0.00293
[PRECOND DEBUG] Input residual ||r|| = 1.231e+07 (call #405)
[PRECOND BLOCK NORMS] U: 4.787e+04, V: 60.26, MU: 1887
[PRECOND BLOCK NORMS] PHI: 1.068e+04
[PRECOND BLOCK NORMS] W: 24.69, THETA: 1628
[PRECOND TIMING] W-THETA coupled solve: 6 ms (3321 columns)
[PRECOND DEBUG] Output preconditioned ||M⁻¹r|| = 4.911e+04 (α₀=0, ratio=0.2783, α_eff=0)
[PRECOND DEBUG] Ratio ||M⁻¹r|| / ||r|| = 0.003988
[PRECOND DEBUG] Input residual ||r|| = 1.329e+07 (call #410)
[PRECOND BLOCK NORMS] U: 2.91e+04, V: 43.03, MU: 1322
[PRECOND BLOCK NORMS] PHI: 7510
[PRECOND BLOCK NORMS] W: 19.95, THETA: 1150
[PRECOND TIMING] W-THETA coupled solve: 6 ms (3321 columns)
[PRECOND DEBUG] Output preconditioned ||M⁻¹r|| = 3.01e+04 (α₀=0, ratio=0.2783, α_eff=0)
[PRECOND DEBUG] Ratio ||M⁻¹r|| / ||r|| = 0.002265
[PRECOND DEBUG] Input residual ||r|| = 1.246e+07 (call #415)
[PRECOND BLOCK NORMS] U: 5.557e+04, V: 67.6, MU: 2286
[PRECOND BLOCK NORMS] PHI: 1.289e+04
[PRECOND BLOCK NORMS] W: 20.67, THETA: 1655
[PRECOND TIMING] W-THETA coupled solve: 6 ms (3321 columns)
[PRECOND DEBUG] Output preconditioned ||M⁻¹r|| = 5.711e+04 (α₀=0, ratio=0.2783, α_eff=0)
[PRECOND DEBUG] Ratio ||M⁻¹r|| / ||r|| = 0.004585
[PRECOND DEBUG] Input residual ||r|| = 1.27e+07 (call #420)
[PRECOND BLOCK NORMS] U: 6.089e+04, V: 61.65, MU: 2361
[PRECOND BLOCK NORMS] PHI: 1.331e+04
[PRECOND BLOCK NORMS] W: 24.09, THETA: 1404
[PRECOND TIMING] W-THETA coupled solve: 6 ms (3321 columns)
[PRECOND DEBUG] Output preconditioned ||M⁻¹r|| = 6.238e+04 (α₀=0, ratio=0.2783, α_eff=0)
[PRECOND DEBUG] Ratio ||M⁻¹r|| / ||r|| = 0.004912
[PRECOND DEBUG] Input residual ||r|| = 1.216e+07 (call #425)
[PRECOND BLOCK NORMS] U: 7.579e+04, V: 72.14, MU: 2541
[PRECOND BLOCK NORMS] PHI: 1.443e+04
[PRECOND BLOCK NORMS] W: 26.15, THETA: 1779
[PRECOND TIMING] W-THETA coupled solve: 6 ms (3321 columns)
[PRECOND DEBUG] Output preconditioned ||M⁻¹r|| = 7.721e+04 (α₀=0, ratio=0.2783, α_eff=0)
[PRECOND DEBUG] Ratio ||M⁻¹r|| / ||r|| = 0.006347
[PRECOND DEBUG] Input residual ||r|| = 1.267e+07 (call #430)
[PRECOND BLOCK NORMS] U: 5.758e+04, V: 53.24, MU: 1813
[PRECOND BLOCK NORMS] PHI: 1.03e+04
[PRECOND BLOCK NORMS] W: 20.4, THETA: 1259
[PRECOND TIMING] W-THETA coupled solve: 6 ms (3321 columns)
[PRECOND DEBUG] Output preconditioned ||M⁻¹r|| = 5.853e+04 (α₀=0, ratio=0.2783, α_eff=0)
[PRECOND DEBUG] Ratio ||M⁻¹r|| / ||r|| = 0.004618
[GMRES] restart=1 j=47: hess_est=0.6507, true_err=0.6507
[GMRES BLOCK r/b] restart=1 j=47 ru=18.1781 rv=51.4806 rw=34.3751 ph=107.7962 t=26.9537 mu=2.0887
[FGMRES] NOT CONVERGED: ||x||=0.0180, ||r_true||=271.4977, ||b||=289.2987, rel_error=0.9385, tol=0.0000, restarts=1, arnoldi=48 (block-scaled)
SDIRK3_FROZEN_AB_BLOCKS stage=2 arm=Msel j=48 ru_rho0=1.28 ru_rho=0.3535 rv_rho0=1.498 rv_rho=0.9893 rw_rho0=2.062 rw_rho=0.9777 ph_rho0=1.151 ph_rho=1.097 t_rho0=1.361 t_rho=0.5506 mu_rho0=0.7295 mu_rho=0.208
[GMRES BLOCK-SCALE] ru: ||r0||=139.1 → D_inv=0.007188
[GMRES BLOCK-SCALE] rv: ||r0||=164.7 → D_inv=0.006071
[GMRES BLOCK-SCALE] rw: ||r0||=153.2 → D_inv=0.006527
[GMRES BLOCK-SCALE] ph: ||r0||=239 → D_inv=0.004185
[GMRES BLOCK-SCALE] t: ||r0||=140.8 → D_inv=0.007104
[GMRES BLOCK-SCALE] mu: ||r0||=15.48 → D_inv=0.0646
[FGMRES] Z-basis memory budget: restart=48 x numel=1080491 => ~197.8 MiB per cycle
[GMRES REORTH] j=2 before=946.8 after1=569.4 after2=569.4 ratio=0.6014
[GMRES] restart=1 j=47: hess_est=0.5932, true_err=0.5932
[GMRES BLOCK r/b] restart=1 j=47 ru=14.7807 rv=36.8825 rw=30.6407 ph=112.3229 t=16.1257 mu=1.9877
[FGMRES] NOT CONVERGED: ||x||=0.0175, ||r_true||=262.1744, ||b||=289.2987, rel_error=0.9062, tol=0.0000, restarts=1, arnoldi=48 (block-scaled)
SDIRK3_FROZEN_AB_BLOCKS stage=2 arm=I j=48 ru_rho0=1.28 ru_rho=0.2874 rv_rho0=1.498 rv_rho=0.7088 rw_rho0=2.062 rw_rho=0.8715 ph_rho0=1.151 ph_rho=1.143 t_rho0=1.361 t_rho=0.3294 mu_rho0=0.7295 mu_rho=0.1979
[GMRES BLOCK-SCALE] ru: ||r0||=139.1 → D_inv=0.007188
[GMRES BLOCK-SCALE] rv: ||r0||=164.7 → D_inv=0.006071
[GMRES BLOCK-SCALE] rw: ||r0||=153.2 → D_inv=0.006527
[GMRES BLOCK-SCALE] ph: ||r0||=239 → D_inv=0.004185
[GMRES BLOCK-SCALE] t: ||r0||=140.8 → D_inv=0.007104
[GMRES BLOCK-SCALE] mu: ||r0||=15.48 → D_inv=0.0646
[FGMRES] Z-basis memory budget: restart=48 x numel=1080491 => ~197.8 MiB per cycle
[GMRES REORTH] j=1 before=182.1 after1=105.6 after2=105.6 ratio=0.5803
[PRECOND DEBUG] Input residual ||r|| = 5.109e+06 (call #435)
[PRECOND BLOCK NORMS] U: 5.514e+04, V: 100, MU: 1943
[PRECOND BLOCK NORMS] PHI: 1.101e+04
[PRECOND BLOCK NORMS] W: 33.62, THETA: 2646
[PRECOND TIMING] W-THETA coupled solve: 6 ms (3321 columns)
[PRECOND DEBUG] Output preconditioned ||M⁻¹r|| = 5.632e+04 (α₀=0, ratio=0.2783, α_eff=0)
[PRECOND DEBUG] Ratio ||M⁻¹r|| / ||r|| = 0.01102
[GMRES REORTH] j=2 before=121.8 after1=79.86 after2=79.86 ratio=0.6558
[PRECOND DEBUG] Input residual ||r|| = 2.776e+06 (call #440)
[PRECOND BLOCK NORMS] U: 5.247e+04, V: 90.31, MU: 1718
[PRECOND BLOCK NORMS] PHI: 9804
[PRECOND BLOCK NORMS] W: 20.65, THETA: 1399
[PRECOND TIMING] W-THETA coupled solve: 5 ms (3321 columns)
[PRECOND DEBUG] Output preconditioned ||M⁻¹r|| = 5.342e+04 (α₀=0, ratio=0.2783, α_eff=0)
[PRECOND DEBUG] Ratio ||M⁻¹r|| / ||r|| = 0.01924
[PRECOND DEBUG] Input residual ||r|| = 4.936e+06 (call #445)
[PRECOND BLOCK NORMS] U: 5.535e+04, V: 103.7, MU: 1959
[PRECOND BLOCK NORMS] PHI: 1.111e+04
[PRECOND BLOCK NORMS] W: 22.95, THETA: 1533
[PRECOND TIMING] W-THETA coupled solve: 6 ms (3321 columns)
[PRECOND DEBUG] Output preconditioned ||M⁻¹r|| = 5.65e+04 (α₀=0, ratio=0.2783, α_eff=0)
[PRECOND DEBUG] Ratio ||M⁻¹r|| / ||r|| = 0.01145
[PRECOND DEBUG] Input residual ||r|| = 4.405e+06 (call #450)
[PRECOND BLOCK NORMS] U: 4.596e+04, V: 97.95, MU: 1548
[PRECOND BLOCK NORMS] PHI: 8784
[PRECOND BLOCK NORMS] W: 25.01, THETA: 1483
[PRECOND TIMING] W-THETA coupled solve: 6 ms (3321 columns)
[PRECOND DEBUG] Output preconditioned ||M⁻¹r|| = 4.683e+04 (α₀=0, ratio=0.2783, α_eff=0)
[PRECOND DEBUG] Ratio ||M⁻¹r|| / ||r|| = 0.01063
[PRECOND DEBUG] Input residual ||r|| = 4.835e+06 (call #455)
[PRECOND BLOCK NORMS] U: 5.521e+04, V: 98.09, MU: 1727
[PRECOND BLOCK NORMS] PHI: 9800
[PRECOND BLOCK NORMS] W: 21.5, THETA: 2068
[PRECOND TIMING] W-THETA coupled solve: 5 ms (3321 columns)
[PRECOND DEBUG] Output preconditioned ||M⁻¹r|| = 5.613e+04 (α₀=0, ratio=0.2783, α_eff=0)
[PRECOND DEBUG] Ratio ||M⁻¹r|| / ||r|| = 0.01161
[PRECOND DEBUG] Input residual ||r|| = 4.286e+06 (call #460)
[PRECOND BLOCK NORMS] U: 5.332e+04, V: 94.99, MU: 1806
[PRECOND BLOCK NORMS] PHI: 1.021e+04
[PRECOND BLOCK NORMS] W: 18.82, THETA: 3803
[PRECOND TIMING] W-THETA coupled solve: 6 ms (3321 columns)
[PRECOND DEBUG] Output preconditioned ||M⁻¹r|| = 5.445e+04 (α₀=0, ratio=0.2783, α_eff=0)
[PRECOND DEBUG] Ratio ||M⁻¹r|| / ||r|| = 0.0127
[PRECOND DEBUG] Input residual ||r|| = 4.422e+06 (call #465)
[PRECOND BLOCK NORMS] U: 3.527e+04, V: 83.6, MU: 1377
[PRECOND BLOCK NORMS] PHI: 7763
[PRECOND BLOCK NORMS] W: 24.13, THETA: 3270
[PRECOND TIMING] W-THETA coupled solve: 6 ms (3321 columns)
[PRECOND DEBUG] Output preconditioned ||M⁻¹r|| = 3.628e+04 (α₀=0, ratio=0.2783, α_eff=0)
[PRECOND DEBUG] Ratio ||M⁻¹r|| / ||r|| = 0.008205
[PRECOND DEBUG] Input residual ||r|| = 4.493e+06 (call #470)
[PRECOND BLOCK NORMS] U: 4.774e+04, V: 91.24, MU: 1396
[PRECOND BLOCK NORMS] PHI: 7918
[PRECOND BLOCK NORMS] W: 21.45, THETA: 2418
[PRECOND TIMING] W-THETA coupled solve: 6 ms (3321 columns)
[PRECOND DEBUG] Output preconditioned ||M⁻¹r|| = 4.846e+04 (α₀=0, ratio=0.2783, α_eff=0)
[PRECOND DEBUG] Ratio ||M⁻¹r|| / ||r|| = 0.01079
[PRECOND DEBUG] Input residual ||r|| = 4.835e+06 (call #475)
[PRECOND BLOCK NORMS] U: 5.523e+04, V: 91.09, MU: 1363
[PRECOND BLOCK NORMS] PHI: 7758
[PRECOND BLOCK NORMS] W: 22.81, THETA: 2316
[PRECOND TIMING] W-THETA coupled solve: 6 ms (3321 columns)
[PRECOND DEBUG] Output preconditioned ||M⁻¹r|| = 5.582e+04 (α₀=0, ratio=0.2783, α_eff=0)
[PRECOND DEBUG] Ratio ||M⁻¹r|| / ||r|| = 0.01155
[PRECOND DEBUG] Input residual ||r|| = 5.146e+06 (call #480)
[PRECOND BLOCK NORMS] U: 5.565e+04, V: 86.22, MU: 1632
[PRECOND BLOCK NORMS] PHI: 9243
[PRECOND BLOCK NORMS] W: 28.16, THETA: 3713
[PRECOND TIMING] W-THETA coupled solve: 6 ms (3321 columns)
[PRECOND DEBUG] Output preconditioned ||M⁻¹r|| = 5.655e+04 (α₀=0, ratio=0.2783, α_eff=0)
[PRECOND DEBUG] Ratio ||M⁻¹r|| / ||r|| = 0.01099
[GMRES] restart=1 j=47: hess_est=0.5062, true_err=0.5062
[GMRES BLOCK r/b] restart=1 j=47 ru=2.0507 rv=11.6062 rw=37.2077 ph=102.2871 t=3.3861 mu=1.4123
[FGMRES] NOT CONVERGED: ||x||=0.0113, ||r_true||=231.4484, ||b||=289.2987, rel_error=0.8000, tol=0.0000, restarts=1, arnoldi=48 (block-scaled)
SDIRK3_FROZEN_AB_BLOCKS stage=2 arm=M j=48 ru_rho0=1.28 ru_rho=0.03988 rv_rho0=1.498 rv_rho=0.223 rw_rho0=2.062 rw_rho=1.058 ph_rho0=1.151 ph_rho=1.041 t_rho0=1.361 t_rho=0.06917 mu_rho0=0.7295 mu_rho=0.1406
[GMRES BLOCK-SCALE] ru: ||r0||=139.1 → D_inv=0.007188
[GMRES BLOCK-SCALE] rv: ||r0||=164.7 → D_inv=0.006071
[GMRES BLOCK-SCALE] rw: ||r0||=153.2 → D_inv=0.006527
[GMRES BLOCK-SCALE] ph: ||r0||=239 → D_inv=0.004185
[GMRES BLOCK-SCALE] t: ||r0||=140.8 → D_inv=0.007104
[GMRES BLOCK-SCALE] mu: ||r0||=15.48 → D_inv=0.0646
[FGMRES] Z-basis memory budget: restart=32 x numel=1080491 => ~131.9 MiB per cycle
[GMRES REORTH] j=2 before=963.9 after1=532.1 after2=532.1 ratio=0.552
[PRECOND DEBUG] Input residual ||r|| = 1.193e+07 (call #485)
[PRECOND BLOCK NORMS] U: 5.085e+04, V: 87.7, MU: 2136
[PRECOND BLOCK NORMS] PHI: 1.216e+04
[PRECOND BLOCK NORMS] W: 12.19, THETA: 2005
[PRECOND TIMING] W-THETA coupled solve: 6 ms (3321 columns)
[PRECOND DEBUG] Output preconditioned ||M⁻¹r|| = 5.236e+04 (α₀=0, ratio=0.2783, α_eff=0)
[PRECOND DEBUG] Ratio ||M⁻¹r|| / ||r|| = 0.004389
[PRECOND DEBUG] Input residual ||r|| = 1.297e+07 (call #490)
[PRECOND BLOCK NORMS] U: 4.238e+04, V: 59.81, MU: 1886
[PRECOND BLOCK NORMS] PHI: 1.067e+04
[PRECOND BLOCK NORMS] W: 17.31, THETA: 1626
[PRECOND TIMING] W-THETA coupled solve: 6 ms (3321 columns)
[PRECOND DEBUG] Output preconditioned ||M⁻¹r|| = 4.377e+04 (α₀=0, ratio=0.2783, α_eff=0)
[PRECOND DEBUG] Ratio ||M⁻¹r|| / ||r|| = 0.003373
[PRECOND DEBUG] Input residual ||r|| = 1.219e+07 (call #495)
[PRECOND BLOCK NORMS] U: 5.683e+04, V: 62.75, MU: 2290
[PRECOND BLOCK NORMS] PHI: 1.286e+04
[PRECOND BLOCK NORMS] W: 18.16, THETA: 1769
[PRECOND TIMING] W-THETA coupled solve: 6 ms (3321 columns)
[PRECOND DEBUG] Output preconditioned ||M⁻¹r|| = 5.833e+04 (α₀=0, ratio=0.2783, α_eff=0)
[PRECOND DEBUG] Ratio ||M⁻¹r|| / ||r|| = 0.004784
[PRECOND DEBUG] Input residual ||r|| = 1.114e+07 (call #500)
[PRECOND BLOCK NORMS] U: 6.724e+04, V: 77.95, MU: 2566
[PRECOND BLOCK NORMS] PHI: 1.446e+04
[PRECOND BLOCK NORMS] W: 22.71, THETA: 1920
[PRECOND TIMING] W-THETA coupled solve: 6 ms (3321 columns)
[PRECOND DEBUG] Output preconditioned ||M⁻¹r|| = 6.884e+04 (α₀=0, ratio=0.2783, α_eff=0)
[PRECOND DEBUG] Ratio ||M⁻¹r|| / ||r|| = 0.006182
[PRECOND DEBUG] Input residual ||r|| = 1.091e+07 (call #505)
[PRECOND BLOCK NORMS] U: 7.426e+04, V: 80.23, MU: 2662
[PRECOND BLOCK NORMS] PHI: 1.5e+04
[PRECOND BLOCK NORMS] W: 23.86, THETA: 2412
[PRECOND TIMING] W-THETA coupled solve: 6 ms (3321 columns)
[PRECOND DEBUG] Output preconditioned ||M⁻¹r|| = 7.584e+04 (α₀=0, ratio=0.2783, α_eff=0)
[PRECOND DEBUG] Ratio ||M⁻¹r|| / ||r|| = 0.006951
[PRECOND DEBUG] Input residual ||r|| = 1.162e+07 (call #510)
[PRECOND BLOCK NORMS] U: 6.061e+04, V: 65.01, MU: 2321
[PRECOND BLOCK NORMS] PHI: 1.303e+04
[PRECOND BLOCK NORMS] W: 30.05, THETA: 1585
[PRECOND TIMING] W-THETA coupled solve: 6 ms (3321 columns)
[PRECOND DEBUG] Output preconditioned ||M⁻¹r|| = 6.205e+04 (α₀=0, ratio=0.2783, α_eff=0)
[PRECOND DEBUG] Ratio ||M⁻¹r|| / ||r|| = 0.005339
[GMRES] restart=1 j=31: hess_est=0.7581, true_err=0.7581
[GMRES BLOCK r/b] restart=1 j=31 ru=29.0680 rv=62.4826 rw=40.9464 ph=108.6884 t=42.6386 mu=2.0308
[FGMRES] NOT CONVERGED: ||x||=0.0167, ||r_true||=299.2693, ||b||=289.2987, rel_error=1.0345, tol=0.0000, restarts=1, arnoldi=32 (block-scaled)
[GMRES BLOCK-SCALE] ru: ||r0||=139.1 → D_inv=0.007188
[GMRES BLOCK-SCALE] rv: ||r0||=164.7 → D_inv=0.006071
[GMRES BLOCK-SCALE] rw: ||r0||=153.2 → D_inv=0.006527
[GMRES BLOCK-SCALE] ph: ||r0||=239 → D_inv=0.004185
[GMRES BLOCK-SCALE] t: ||r0||=140.8 → D_inv=0.007104
[GMRES BLOCK-SCALE] mu: ||r0||=15.48 → D_inv=0.0646
[FGMRES] Z-basis memory budget: restart=32 x numel=1080491 => ~131.9 MiB per cycle
[GMRES REORTH] j=2 before=946.8 after1=569.4 after2=569.4 ratio=0.6014
[GMRES] restart=1 j=31: hess_est=0.7133, true_err=0.7133
[GMRES BLOCK r/b] restart=1 j=31 ru=24.9662 rv=56.2399 rw=38.4350 ph=112.7402 t=29.6392 mu=2.6906
[FGMRES] NOT CONVERGED: ||x||=0.0169, ||r_true||=290.1568, ||b||=289.2987, rel_error=1.0030, tol=0.0000, restarts=1, arnoldi=32 (block-scaled)
[GMRES BLOCK-SCALE] ru: ||r0||=139.1 → D_inv=0.007188
[GMRES BLOCK-SCALE] rv: ||r0||=164.7 → D_inv=0.006071
[GMRES BLOCK-SCALE] rw: ||r0||=153.2 → D_inv=0.006527
[GMRES BLOCK-SCALE] ph: ||r0||=239 → D_inv=0.004185
[GMRES BLOCK-SCALE] t: ||r0||=140.8 → D_inv=0.007104
[GMRES BLOCK-SCALE] mu: ||r0||=15.48 → D_inv=0.0646
[FGMRES] Z-basis memory budget: restart=32 x numel=1080491 => ~131.9 MiB per cycle
[GMRES REORTH] j=1 before=182.1 after1=105.6 after2=105.6 ratio=0.5803
[PRECOND DEBUG] Input residual ||r|| = 5.109e+06 (call #515)
[PRECOND BLOCK NORMS] U: 5.514e+04, V: 100, MU: 1943
[PRECOND BLOCK NORMS] PHI: 1.101e+04
[PRECOND BLOCK NORMS] W: 33.62, THETA: 2646
[PRECOND TIMING] W-THETA coupled solve: 5 ms (3321 columns)
[PRECOND DEBUG] Output preconditioned ||M⁻¹r|| = 5.632e+04 (α₀=0, ratio=0.2783, α_eff=0)
[PRECOND DEBUG] Ratio ||M⁻¹r|| / ||r|| = 0.01102
[GMRES REORTH] j=2 before=121.8 after1=79.86 after2=79.86 ratio=0.6558
[PRECOND DEBUG] Input residual ||r|| = 2.776e+06 (call #520)
[PRECOND BLOCK NORMS] U: 5.247e+04, V: 90.31, MU: 1718
[PRECOND BLOCK NORMS] PHI: 9804
[PRECOND BLOCK NORMS] W: 20.65, THETA: 1399
[PRECOND TIMING] W-THETA coupled solve: 5 ms (3321 columns)
[PRECOND DEBUG] Output preconditioned ||M⁻¹r|| = 5.342e+04 (α₀=0, ratio=0.2783, α_eff=0)
[PRECOND DEBUG] Ratio ||M⁻¹r|| / ||r|| = 0.01924
[PRECOND DEBUG] Input residual ||r|| = 4.936e+06 (call #525)
[PRECOND BLOCK NORMS] U: 5.535e+04, V: 103.7, MU: 1959
[PRECOND BLOCK NORMS] PHI: 1.111e+04
[PRECOND BLOCK NORMS] W: 22.95, THETA: 1533
[PRECOND TIMING] W-THETA coupled solve: 5 ms (3321 columns)
[PRECOND DEBUG] Output preconditioned ||M⁻¹r|| = 5.65e+04 (α₀=0, ratio=0.2783, α_eff=0)
[PRECOND DEBUG] Ratio ||M⁻¹r|| / ||r|| = 0.01145
[PRECOND DEBUG] Input residual ||r|| = 4.405e+06 (call #530)
[PRECOND BLOCK NORMS] U: 4.596e+04, V: 97.95, MU: 1548
[PRECOND BLOCK NORMS] PHI: 8784
[PRECOND BLOCK NORMS] W: 25.01, THETA: 1483
[PRECOND TIMING] W-THETA coupled solve: 6 ms (3321 columns)
[PRECOND DEBUG] Output preconditioned ||M⁻¹r|| = 4.683e+04 (α₀=0, ratio=0.2783, α_eff=0)
[PRECOND DEBUG] Ratio ||M⁻¹r|| / ||r|| = 0.01063
[PRECOND DEBUG] Input residual ||r|| = 4.835e+06 (call #535)
[PRECOND BLOCK NORMS] U: 5.521e+04, V: 98.09, MU: 1727
[PRECOND BLOCK NORMS] PHI: 9800
[PRECOND BLOCK NORMS] W: 21.5, THETA: 2068
[PRECOND TIMING] W-THETA coupled solve: 6 ms (3321 columns)
[PRECOND DEBUG] Output preconditioned ||M⁻¹r|| = 5.613e+04 (α₀=0, ratio=0.2783, α_eff=0)
[PRECOND DEBUG] Ratio ||M⁻¹r|| / ||r|| = 0.01161
[PRECOND DEBUG] Input residual ||r|| = 4.286e+06 (call #540)
[PRECOND BLOCK NORMS] U: 5.332e+04, V: 94.99, MU: 1806
[PRECOND BLOCK NORMS] PHI: 1.021e+04
[PRECOND BLOCK NORMS] W: 18.82, THETA: 3803
[PRECOND TIMING] W-THETA coupled solve: 5 ms (3321 columns)
[PRECOND DEBUG] Output preconditioned ||M⁻¹r|| = 5.445e+04 (α₀=0, ratio=0.2783, α_eff=0)
[PRECOND DEBUG] Ratio ||M⁻¹r|| / ||r|| = 0.0127
[GMRES] restart=1 j=31: hess_est=0.5426, true_err=0.5426
[GMRES BLOCK r/b] restart=1 j=31 ru=3.2595 rv=12.0803 rw=40.1655 ph=108.6230 t=4.0667 mu=1.7249
[FGMRES] NOT CONVERGED: ||x||=0.0129, ||r_true||=246.2981, ||b||=289.2987, rel_error=0.8514, tol=0.0000, restarts=1, arnoldi=32 (block-scaled)
[GMRES BLOCK-SCALE] ru: ||r0||=139.1 → D_inv=0.007188
[GMRES BLOCK-SCALE] rv: ||r0||=164.7 → D_inv=0.006071
[GMRES BLOCK-SCALE] rw: ||r0||=153.2 → D_inv=0.006527
[GMRES BLOCK-SCALE] ph: ||r0||=239 → D_inv=0.004185
[GMRES BLOCK-SCALE] t: ||r0||=140.8 → D_inv=0.007104
[GMRES BLOCK-SCALE] mu: ||r0||=15.48 → D_inv=0.0646
[FGMRES] Z-basis memory budget: restart=16 x numel=1080491 => ~65.95 MiB per cycle
[PRECOND DEBUG] Input residual ||r|| = 6.029e+06 (call #545)
[PRECOND BLOCK NORMS] U: 1.453e+05, V: 151.3, MU: 4760
[PRECOND BLOCK NORMS] PHI: 2.718e+04
[PRECOND BLOCK NORMS] W: 27.55, THETA: 4297
[PRECOND TIMING] W-THETA coupled solve: 6 ms (3321 columns)
[PRECOND DEBUG] Output preconditioned ||M⁻¹r|| = 1.48e+05 (α₀=0, ratio=0.2783, α_eff=0)
[PRECOND DEBUG] Ratio ||M⁻¹r|| / ||r|| = 0.02454
[GMRES REORTH] j=2 before=963.9 after1=532.1 after2=532.1 ratio=0.552
[PRECOND DEBUG] Input residual ||r|| = 1.06e+07 (call #550)
[PRECOND BLOCK NORMS] U: 6.49e+04, V: 75.14, MU: 2140
[PRECOND BLOCK NORMS] PHI: 1.207e+04
[PRECOND BLOCK NORMS] W: 15.39, THETA: 3739
[PRECOND TIMING] W-THETA coupled solve: 6 ms (3321 columns)
[PRECOND DEBUG] Output preconditioned ||M⁻¹r|| = 6.614e+04 (α₀=0, ratio=0.2783, α_eff=0)
[PRECOND DEBUG] Ratio ||M⁻¹r|| / ||r|| = 0.006238
[PRECOND DEBUG] Input residual ||r|| = 1.315e+07 (call #555)
[PRECOND BLOCK NORMS] U: 4.607e+04, V: 59.87, MU: 1861
[PRECOND BLOCK NORMS] PHI: 1.057e+04
[PRECOND BLOCK NORMS] W: 16.46, THETA: 1350
[PRECOND TIMING] W-THETA coupled solve: 6 ms (3321 columns)
[PRECOND DEBUG] Output preconditioned ||M⁻¹r|| = 4.731e+04 (α₀=0, ratio=0.2783, α_eff=0)
[PRECOND DEBUG] Ratio ||M⁻¹r|| / ||r|| = 0.003597
[PRECOND DEBUG] Input residual ||r|| = 1.308e+07 (call #560)
[PRECOND BLOCK NORMS] U: 3.707e+04, V: 52.38, MU: 1669
[PRECOND BLOCK NORMS] PHI: 9455
[PRECOND BLOCK NORMS] W: 18.92, THETA: 1290
[PRECOND TIMING] W-THETA coupled solve: 6 ms (3321 columns)
[PRECOND DEBUG] Output preconditioned ||M⁻¹r|| = 3.831e+04 (α₀=0, ratio=0.2783, α_eff=0)
[PRECOND DEBUG] Ratio ||M⁻¹r|| / ||r|| = 0.00293
[GMRES] restart=1 j=15: hess_est=0.8025, true_err=0.8025
[GMRES BLOCK r/b] restart=1 j=15 ru=33.1873 rv=64.3112 rw=40.3304 ph=108.9517 t=52.2665 mu=2.1722
[FGMRES] NOT CONVERGED: ||x||=0.0159, ||r_true||=309.6124, ||b||=289.2987, rel_error=1.0702, tol=0.0000, restarts=1, arnoldi=16 (block-scaled)
[GMRES BLOCK-SCALE] ru: ||r0||=139.1 → D_inv=0.007188
[GMRES BLOCK-SCALE] rv: ||r0||=164.7 → D_inv=0.006071
[GMRES BLOCK-SCALE] rw: ||r0||=153.2 → D_inv=0.006527
[GMRES BLOCK-SCALE] ph: ||r0||=239 → D_inv=0.004185
[GMRES BLOCK-SCALE] t: ||r0||=140.8 → D_inv=0.007104
[GMRES BLOCK-SCALE] mu: ||r0||=15.48 → D_inv=0.0646
[FGMRES] Z-basis memory budget: restart=16 x numel=1080491 => ~65.95 MiB per cycle
[GMRES REORTH] j=2 before=946.8 after1=569.4 after2=569.4 ratio=0.6014
[GMRES] restart=1 j=15: hess_est=0.7811, true_err=0.7811
[GMRES BLOCK r/b] restart=1 j=15 ru=29.7211 rv=66.9609 rw=40.0229 ph=112.3009 t=42.5692 mu=2.1224
[FGMRES] NOT CONVERGED: ||x||=0.0166, ||r_true||=309.0736, ||b||=289.2987, rel_error=1.0684, tol=0.0000, restarts=1, arnoldi=16 (block-scaled)
[GMRES BLOCK-SCALE] ru: ||r0||=139.1 → D_inv=0.007188
[GMRES BLOCK-SCALE] rv: ||r0||=164.7 → D_inv=0.006071
[GMRES BLOCK-SCALE] rw: ||r0||=153.2 → D_inv=0.006527
[GMRES BLOCK-SCALE] ph: ||r0||=239 → D_inv=0.004185
[GMRES BLOCK-SCALE] t: ||r0||=140.8 → D_inv=0.007104
[GMRES BLOCK-SCALE] mu: ||r0||=15.48 → D_inv=0.0646
[FGMRES] Z-basis memory budget: restart=16 x numel=1080491 => ~65.95 MiB per cycle
[GMRES REORTH] j=1 before=182.1 after1=105.6 after2=105.6 ratio=0.5803
[GMRES REORTH] j=2 before=121.8 after1=79.86 after2=79.86 ratio=0.6558
[PRECOND DEBUG] Input residual ||r|| = 3.931e+06 (call #565)
[PRECOND BLOCK NORMS] U: 6.306e+04, V: 95.88, MU: 2160
[PRECOND BLOCK NORMS] PHI: 1.226e+04
[PRECOND BLOCK NORMS] W: 22.86, THETA: 2756
[PRECOND TIMING] W-THETA coupled solve: 5 ms (3321 columns)
[PRECOND DEBUG] Output preconditioned ||M⁻¹r|| = 6.433e+04 (α₀=0, ratio=0.2783, α_eff=0)
[PRECOND DEBUG] Ratio ||M⁻¹r|| / ||r|| = 0.01636
[PRECOND DEBUG] Input residual ||r|| = 3.439e+06 (call #570)
[PRECOND BLOCK NORMS] U: 4.103e+04, V: 85.04, MU: 1422
[PRECOND BLOCK NORMS] PHI: 8036
[PRECOND BLOCK NORMS] W: 20.98, THETA: 1898
[PRECOND TIMING] W-THETA coupled solve: 6 ms (3321 columns)
[PRECOND DEBUG] Output preconditioned ||M⁻¹r|| = 4.187e+04 (α₀=0, ratio=0.2783, α_eff=0)
[PRECOND DEBUG] Ratio ||M⁻¹r|| / ||r|| = 0.01218
[PRECOND DEBUG] Input residual ||r|| = 5.18e+06 (call #575)
[PRECOND BLOCK NORMS] U: 4.914e+04, V: 93.85, MU: 1497
[PRECOND BLOCK NORMS] PHI: 8519
[PRECOND BLOCK NORMS] W: 25, THETA: 1440
[PRECOND TIMING] W-THETA coupled solve: 5 ms (3321 columns)
[PRECOND DEBUG] Output preconditioned ||M⁻¹r|| = 4.991e+04 (α₀=0, ratio=0.2783, α_eff=0)
[PRECOND DEBUG] Ratio ||M⁻¹r|| / ||r|| = 0.009635
[GMRES] restart=1 j=15: hess_est=0.6013, true_err=0.6014
[GMRES BLOCK r/b] restart=1 j=15 ru=2.8064 rv=24.1109 rw=46.2081 ph=114.2219 t=3.7182 mu=2.1760
[FGMRES] NOT CONVERGED: ||x||=0.0171, ||r_true||=265.4921, ||b||=289.2987, rel_error=0.9177, tol=0.0000, restarts=1, arnoldi=16 (block-scaled)
[GMRES BLOCK-SCALE] ru: ||r0||=139.1 → D_inv=0.007188
[GMRES BLOCK-SCALE] rv: ||r0||=164.7 → D_inv=0.006071
[GMRES BLOCK-SCALE] rw: ||r0||=153.2 → D_inv=0.006527
[GMRES BLOCK-SCALE] ph: ||r0||=239 → D_inv=0.004185
[GMRES BLOCK-SCALE] t: ||r0||=140.8 → D_inv=0.007104
[GMRES BLOCK-SCALE] mu: ||r0||=15.48 → D_inv=0.0646
[FGMRES] Z-basis memory budget: restart=8 x numel=1080491 => ~32.97 MiB per cycle
[GMRES REORTH] j=2 before=963.9 after1=532.1 after2=532.1 ratio=0.552
[PRECOND DEBUG] Input residual ||r|| = 1.171e+07 (call #580)
[PRECOND BLOCK NORMS] U: 8.875e+04, V: 112.1, MU: 3229
[PRECOND BLOCK NORMS] PHI: 1.839e+04
[PRECOND BLOCK NORMS] W: 22.55, THETA: 3144
[PRECOND TIMING] W-THETA coupled solve: 6 ms (3321 columns)
[PRECOND DEBUG] Output preconditioned ||M⁻¹r|| = 9.074e+04 (α₀=0, ratio=0.2783, α_eff=0)
[PRECOND DEBUG] Ratio ||M⁻¹r|| / ||r|| = 0.007751
[GMRES] restart=1 j=7: hess_est=0.8167, true_err=0.8167
[GMRES BLOCK r/b] restart=1 j=7 ru=34.1905 rv=63.2143 rw=40.9212 ph=109.3379 t=54.4758 mu=2.6349
[FGMRES] NOT CONVERGED: ||x||=0.0158, ||r_true||=311.7553, ||b||=289.2987, rel_error=1.0776, tol=0.0000, restarts=1, arnoldi=8 (block-scaled)
SDIRK3_FROZEN_AB_BLOCKS stage=2 arm=Msel j=8 ru_rho0=1.28 ru_rho=0.6649 rv_rho0=1.498 rv_rho=1.215 rw_rho0=2.062 rw_rho=1.164 ph_rho0=1.151 ph_rho=1.112 t_rho0=1.361 t_rho=1.113 mu_rho0=0.7295 mu_rho=0.2624
[GMRES BLOCK-SCALE] ru: ||r0||=139.1 → D_inv=0.007188
[GMRES BLOCK-SCALE] rv: ||r0||=164.7 → D_inv=0.006071
[GMRES BLOCK-SCALE] rw: ||r0||=153.2 → D_inv=0.006527
[GMRES BLOCK-SCALE] ph: ||r0||=239 → D_inv=0.004185
[GMRES BLOCK-SCALE] t: ||r0||=140.8 → D_inv=0.007104
[GMRES BLOCK-SCALE] mu: ||r0||=15.48 → D_inv=0.0646
[FGMRES] Z-basis memory budget: restart=8 x numel=1080491 => ~32.97 MiB per cycle
[GMRES REORTH] j=2 before=946.8 after1=569.4 after2=569.4 ratio=0.6014
[GMRES] restart=1 j=7: hess_est=0.7916, true_err=0.7916
[GMRES BLOCK r/b] restart=1 j=7 ru=30.0434 rv=71.1757 rw=39.4127 ph=112.1361 t=43.5679 mu=1.6335
[FGMRES] NOT CONVERGED: ||x||=0.0165, ||r_true||=313.3750, ||b||=289.2987, rel_error=1.0832, tol=0.0000, restarts=1, arnoldi=8 (block-scaled)
SDIRK3_FROZEN_AB_BLOCKS stage=2 arm=I j=8 ru_rho0=1.28 ru_rho=0.5842 rv_rho0=1.498 rv_rho=1.368 rw_rho0=2.062 rw_rho=1.121 ph_rho0=1.151 ph_rho=1.141 t_rho0=1.361 t_rho=0.89 mu_rho0=0.7295 mu_rho=0.1627
[GMRES BLOCK-SCALE] ru: ||r0||=139.1 → D_inv=0.007188
[GMRES BLOCK-SCALE] rv: ||r0||=164.7 → D_inv=0.006071
[GMRES BLOCK-SCALE] rw: ||r0||=153.2 → D_inv=0.006527
[GMRES BLOCK-SCALE] ph: ||r0||=239 → D_inv=0.004185
[GMRES BLOCK-SCALE] t: ||r0||=140.8 → D_inv=0.007104
[GMRES BLOCK-SCALE] mu: ||r0||=15.48 → D_inv=0.0646
[FGMRES] Z-basis memory budget: restart=8 x numel=1080491 => ~32.97 MiB per cycle
[PRECOND DEBUG] Input residual ||r|| = 6.029e+06 (call #585)
[PRECOND BLOCK NORMS] U: 1.453e+05, V: 151.3, MU: 4760
[PRECOND BLOCK NORMS] PHI: 2.718e+04
[PRECOND BLOCK NORMS] W: 27.55, THETA: 4297
[PRECOND TIMING] W-THETA coupled solve: 6 ms (3321 columns)
[PRECOND DEBUG] Output preconditioned ||M⁻¹r|| = 1.48e+05 (α₀=0, ratio=0.2783, α_eff=0)
[PRECOND DEBUG] Ratio ||M⁻¹r|| / ||r|| = 0.02454
[GMRES REORTH] j=1 before=182.1 after1=105.6 after2=105.6 ratio=0.5803
[GMRES REORTH] j=2 before=121.8 after1=79.86 after2=79.86 ratio=0.6558
[PRECOND DEBUG] Input residual ||r|| = 1.69e+06 (call #590)
[PRECOND BLOCK NORMS] U: 8.088e+04, V: 101.6, MU: 2734
[PRECOND BLOCK NORMS] PHI: 1.558e+04
[PRECOND BLOCK NORMS] W: 12.83, THETA: 2564
[PRECOND TIMING] W-THETA coupled solve: 6 ms (3321 columns)
[PRECOND DEBUG] Output preconditioned ||M⁻¹r|| = 8.244e+04 (α₀=0, ratio=0.2783, α_eff=0)
[PRECOND DEBUG] Ratio ||M⁻¹r|| / ||r|| = 0.04879
[GMRES] restart=1 j=7: hess_est=0.6894, true_err=0.6895
[GMRES BLOCK r/b] restart=1 j=7 ru=7.7850 rv=47.8343 rw=50.7090 ph=117.0301 t=10.2182 mu=2.8247
[FGMRES] NOT CONVERGED: ||x||=0.0157, ||r_true||=289.1453, ||b||=289.2987, rel_error=0.9995, tol=0.0000, restarts=1, arnoldi=8 (block-scaled)
SDIRK3_FROZEN_AB_BLOCKS stage=2 arm=M j=8 ru_rho0=1.28 ru_rho=0.1514 rv_rho0=1.498 rv_rho=0.9192 rw_rho0=2.062 rw_rho=1.442 ph_rho0=1.151 ph_rho=1.191 t_rho0=1.361 t_rho=0.2087 mu_rho0=0.7295 mu_rho=0.2813
[GMRES BLOCK-SCALE] ru: ||r0||=139.1 → D_inv=0.007188
[GMRES BLOCK-SCALE] rv: ||r0||=164.7 → D_inv=0.006071
[GMRES BLOCK-SCALE] rw: ||r0||=153.2 → D_inv=0.006527
[GMRES BLOCK-SCALE] ph: ||r0||=239 → D_inv=0.004185
[GMRES BLOCK-SCALE] t: ||r0||=140.8 → D_inv=0.007104
[GMRES BLOCK-SCALE] mu: ||r0||=15.48 → D_inv=0.0646
[FGMRES] Z-basis memory budget: restart=4 x numel=1080491 => ~16.49 MiB per cycle
[PRECOND DEBUG] Input residual ||r|| = 1.112e+07 (call #595)
[PRECOND BLOCK NORMS] U: 5.773e+04, V: 53.44, MU: 2069
[PRECOND BLOCK NORMS] PHI: 1.17e+04
[PRECOND BLOCK NORMS] W: 4.186, THETA: 2835
[PRECOND TIMING] W-THETA coupled solve: 6 ms (3321 columns)
[PRECOND DEBUG] Output preconditioned ||M⁻¹r|| = 5.9e+04 (α₀=0, ratio=0.2783, α_eff=0)
[PRECOND DEBUG] Ratio ||M⁻¹r|| / ||r|| = 0.005304
[GMRES REORTH] j=2 before=963.9 after1=532.1 after2=532.1 ratio=0.552
[GMRES] restart=1 j=3: hess_est=0.8667, true_err=0.8668
[GMRES BLOCK r/b] restart=1 j=3 ru=39.0145 rv=73.3434 rw=46.2287 ph=109.5107 t=55.2772 mu=2.1441
[FGMRES] NOT CONVERGED: ||x||=0.0167, ||r_true||=327.9633, ||b||=289.2987, rel_error=1.1336, tol=0.0000, restarts=1, arnoldi=4 (block-scaled)
[GMRES BLOCK-SCALE] ru: ||r0||=139.1 → D_inv=0.007188
[GMRES BLOCK-SCALE] rv: ||r0||=164.7 → D_inv=0.006071
[GMRES BLOCK-SCALE] rw: ||r0||=153.2 → D_inv=0.006527
[GMRES BLOCK-SCALE] ph: ||r0||=239 → D_inv=0.004185
[GMRES BLOCK-SCALE] t: ||r0||=140.8 → D_inv=0.007104
[GMRES BLOCK-SCALE] mu: ||r0||=15.48 → D_inv=0.0646
[FGMRES] Z-basis memory budget: restart=4 x numel=1080491 => ~16.49 MiB per cycle
[GMRES REORTH] j=2 before=946.8 after1=569.4 after2=569.4 ratio=0.6014
[GMRES] restart=1 j=3: hess_est=0.8165, true_err=0.8165
[GMRES BLOCK r/b] restart=1 j=3 ru=31.5418 rv=68.0272 rw=39.6749 ph=110.1796 t=52.4887 mu=2.4990
[FGMRES] NOT CONVERGED: ||x||=0.0165, ||r_true||=314.0885, ||b||=289.2987, rel_error=1.0857, tol=0.0000, restarts=1, arnoldi=4 (block-scaled)
[GMRES BLOCK-SCALE] ru: ||r0||=139.1 → D_inv=0.007188
[GMRES BLOCK-SCALE] rv: ||r0||=164.7 → D_inv=0.006071
[GMRES BLOCK-SCALE] rw: ||r0||=153.2 → D_inv=0.006527
[GMRES BLOCK-SCALE] ph: ||r0||=239 → D_inv=0.004185
[GMRES BLOCK-SCALE] t: ||r0||=140.8 → D_inv=0.007104
[GMRES BLOCK-SCALE] mu: ||r0||=15.48 → D_inv=0.0646
[FGMRES] Z-basis memory budget: restart=4 x numel=1080491 => ~16.49 MiB per cycle
[GMRES REORTH] j=1 before=182.1 after1=105.6 after2=105.6 ratio=0.5803
[GMRES REORTH] j=2 before=121.8 after1=79.86 after2=79.86 ratio=0.6558
[PRECOND DEBUG] Input residual ||r|| = 1.872e+06 (call #600)
[PRECOND BLOCK NORMS] U: 9.568e+04, V: 113.3, MU: 3299
[PRECOND BLOCK NORMS] PHI: 1.882e+04
[PRECOND BLOCK NORMS] W: 11.78, THETA: 2546
[PRECOND TIMING] W-THETA coupled solve: 6 ms (3321 columns)
[PRECOND DEBUG] Output preconditioned ||M⁻¹r|| = 9.758e+04 (α₀=0, ratio=0.2783, α_eff=0)
[PRECOND DEBUG] Ratio ||M⁻¹r|| / ||r|| = 0.05212
[GMRES] restart=1 j=3: hess_est=0.9022, true_err=0.9023
[GMRES BLOCK r/b] restart=1 j=3 ru=26.8077 rv=80.7670 rw=59.4517 ph=111.9982 t=32.4632 mu=5.2066
[FGMRES] NOT CONVERGED: ||x||=0.0173, ||r_true||=330.0665, ||b||=289.2987, rel_error=1.1409, tol=0.0000, restarts=1, arnoldi=4 (block-scaled)
SDIRK3_FROZEN_AB_SYSTEM stage=2 newton_iter=1 global_timestep=1 solver_id=2 rank=-1 ab_valid=1 ab_reason=ok b_digest=-3.416e+11 x0_digest=9.939e+06 ab_evidence=b_x0_single_object_digest_rechecked_per_arm/shared_operator_and_preconditioner_fingerprinted operator_state_unchanged=1 precond_state_unchanged=1 counters_restored=1 pc_event_moved=0 shared_preconditioner_instance=1 fresh_wrapper_per_arm=1 b_digests_agree=1 x0_digests_agree=1 b_norm=289.3 rho0_S=1.326 rho0_phys=0.7535 rho0_D=1.159 refinement_passes=1 metric=rho_S_unweighted tolerance_exit_disabled=1 early_stop_disabled=1 jvp_fd_fallback_free=1 operator_linear=1 e_repeat=0 e_homogeneity=4.526e-07 e_additivity=3.139e-07 identity_frac_rand=3.763e-05 identity_frac_rhs_dir=3.544e-05 rhs_dir_is_first_arnoldi=0 e_hom_rhs_dir=1.119e-07 identity_resolution_rand=0.01203 identity_resolution_rhs_dir=0.003159 identity_resolved_rhs_dir=1 precond_linear=1 eM_homogeneity=1.261e-07 eM_additivity=1.086e-07 metric_phys=rho_phys_S_weighted metric_D=rho_D_fgmres_objective probe_noninterfering=1 halo_floor_delta=0.0001105 worst_order_delta=0 worst_order_metric=none d_same_across_rows=1 d_all_valid=1 discrete_order_invariant=1 msel_valid=1 msel_reason=ok order_pairs_compared=15  (attributable: equal Arnoldi dimension, one code path, a FRESH preconditioner per row, and the probe left production's state unchanged)
SDIRK3_FROZEN_AB stage=2 pass=MI arm=M j=4 rho_S=1.141 rho_phys=0.5417 rho_D=0.9023 A_applies=6 d_weighted=1 msel_engaged=0 rel_reported=1.141 iters=4 termination=8 ab_valid=1
SDIRK3_FROZEN_AB stage=2 pass=MI arm=I j=4 rho_S=1.086 rho_phys=0.3086 rho_D=0.8165 A_applies=6 d_weighted=1 msel_engaged=0 rel_reported=1.086 iters=4 termination=8 ab_valid=1
SDIRK3_FROZEN_AB stage=2 pass=MI arm=Msel j=4 rho_S=1.134 rho_phys=0.2866 rho_D=0.8668 A_applies=6 d_weighted=1 msel_engaged=1 rel_reported=1.134 iters=4 termination=8 ab_valid=1
SDIRK3_FROZEN_AB stage=2 pass=MI arm=M j=8 rho_S=0.9995 rho_phys=0.3321 rho_D=0.6895 A_applies=10 d_weighted=1 msel_engaged=0 rel_reported=0.9995 iters=8 termination=8 ab_valid=1
SDIRK3_FROZEN_AB stage=2 pass=MI arm=I j=8 rho_S=1.083 rho_phys=0.2484 rho_D=0.7916 A_applies=10 d_weighted=1 msel_engaged=0 rel_reported=1.083 iters=8 termination=8 ab_valid=1
SDIRK3_FROZEN_AB stage=2 pass=MI arm=Msel j=8 rho_S=1.078 rho_phys=0.32 rho_D=0.8167 A_applies=10 d_weighted=1 msel_engaged=1 rel_reported=1.078 iters=8 termination=8 ab_valid=1
SDIRK3_FROZEN_AB stage=2 pass=MI arm=M j=16 rho_S=0.9178 rho_phys=0.2783 rho_D=0.6014 A_applies=18 d_weighted=1 msel_engaged=0 rel_reported=0.9177 iters=16 termination=8 ab_valid=1
SDIRK3_FROZEN_AB stage=2 pass=MI arm=I j=16 rho_S=1.068 rho_phys=0.2814 rho_D=0.7812 A_applies=18 d_weighted=1 msel_engaged=0 rel_reported=1.068 iters=16 termination=8 ab_valid=1
SDIRK3_FROZEN_AB stage=2 pass=MI arm=Msel j=16 rho_S=1.07 rho_phys=0.2839 rho_D=0.8025 A_applies=18 d_weighted=1 msel_engaged=1 rel_reported=1.07 iters=16 termination=8 ab_valid=1
SDIRK3_FROZEN_AB stage=2 pass=MI arm=M j=32 rho_S=0.8514 rho_phys=0.24 rho_D=0.5427 A_applies=34 d_weighted=1 msel_engaged=0 rel_reported=0.8514 iters=32 termination=8 ab_valid=1
SDIRK3_FROZEN_AB stage=2 pass=MI arm=I j=32 rho_S=1.003 rho_phys=0.3225 rho_D=0.7133 A_applies=34 d_weighted=1 msel_engaged=0 rel_reported=1.003 iters=32 termination=8 ab_valid=1
SDIRK3_FROZEN_AB stage=2 pass=MI arm=Msel j=32 rho_S=1.034 rho_phys=0.2708 rho_D=0.7581 A_applies=34 d_weighted=1 msel_engaged=1 rel_reported=1.034 iters=32 termination=8 ab_valid=1
SDIRK3_FROZEN_AB stage=2 pass=MI arm=M j=48 rho_S=0.8001 rho_phys=0.2119 rho_D=0.5062 A_applies=50 d_weighted=1 msel_engaged=0 rel_reported=0.8 iters=48 termination=8 ab_valid=1
SDIRK3_FROZEN_AB stage=2 pass=MI arm=I j=48 rho_S=0.9063 rho_phys=0.2648 rho_D=0.5932 A_applies=50 d_weighted=1 msel_engaged=0 rel_reported=0.9062 iters=48 termination=8 ab_valid=1
SDIRK3_FROZEN_AB stage=2 pass=MI arm=Msel j=48 rho_S=0.9386 rho_phys=0.2687 rho_D=0.6507 A_applies=50 d_weighted=1 msel_engaged=1 rel_reported=0.9385 iters=48 termination=8 ab_valid=1
SDIRK3_FROZEN_AB stage=2 pass=IM arm=Msel j=48 rho_S=0.9386 rho_phys=0.2687 rho_D=0.6507 A_applies=50 d_weighted=1 msel_engaged=1 rel_reported=0.9385 iters=48 termination=8 ab_valid=1
SDIRK3_FROZEN_AB stage=2 pass=IM arm=I j=48 rho_S=0.9063 rho_phys=0.2648 rho_D=0.5932 A_applies=50 d_weighted=1 msel_engaged=0 rel_reported=0.9062 iters=48 termination=8 ab_valid=1
SDIRK3_FROZEN_AB stage=2 pass=IM arm=M j=48 rho_S=0.8001 rho_phys=0.2119 rho_D=0.5062 A_applies=50 d_weighted=1 msel_engaged=0 rel_reported=0.8 iters=48 termination=8 ab_valid=1
SDIRK3_FROZEN_AB stage=2 pass=IM arm=Msel j=32 rho_S=1.034 rho_phys=0.2708 rho_D=0.7581 A_applies=34 d_weighted=1 msel_engaged=1 rel_reported=1.034 iters=32 termination=8 ab_valid=1
SDIRK3_FROZEN_AB stage=2 pass=IM arm=I j=32 rho_S=1.003 rho_phys=0.3225 rho_D=0.7133 A_applies=34 d_weighted=1 msel_engaged=0 rel_reported=1.003 iters=32 termination=8 ab_valid=1
SDIRK3_FROZEN_AB stage=2 pass=IM arm=M j=32 rho_S=0.8514 rho_phys=0.24 rho_D=0.5427 A_applies=34 d_weighted=1 msel_engaged=0 rel_reported=0.8514 iters=32 termination=8 ab_valid=1
SDIRK3_FROZEN_AB stage=2 pass=IM arm=Msel j=16 rho_S=1.07 rho_phys=0.2839 rho_D=0.8025 A_applies=18 d_weighted=1 msel_engaged=1 rel_reported=1.07 iters=16 termination=8 ab_valid=1
SDIRK3_FROZEN_AB stage=2 pass=IM arm=I j=16 rho_S=1.068 rho_phys=0.2814 rho_D=0.7812 A_applies=18 d_weighted=1 msel_engaged=0 rel_reported=1.068 iters=16 termination=8 ab_valid=1
SDIRK3_FROZEN_AB stage=2 pass=IM arm=M j=16 rho_S=0.9178 rho_phys=0.2783 rho_D=0.6014 A_applies=18 d_weighted=1 msel_engaged=0 rel_reported=0.9177 iters=16 termination=8 ab_valid=1
SDIRK3_FROZEN_AB stage=2 pass=IM arm=Msel j=8 rho_S=1.078 rho_phys=0.32 rho_D=0.8167 A_applies=10 d_weighted=1 msel_engaged=1 rel_reported=1.078 iters=8 termination=8 ab_valid=1
SDIRK3_FROZEN_AB stage=2 pass=IM arm=I j=8 rho_S=1.083 rho_phys=0.2484 rho_D=0.7916 A_applies=10 d_weighted=1 msel_engaged=0 rel_reported=1.083 iters=8 termination=8 ab_valid=1
SDIRK3_FROZEN_AB stage=2 pass=IM arm=M j=8 rho_S=0.9995 rho_phys=0.3321 rho_D=0.6895 A_applies=10 d_weighted=1 msel_engaged=0 rel_reported=0.9995 iters=8 termination=8 ab_valid=1
SDIRK3_FROZEN_AB stage=2 pass=IM arm=Msel j=4 rho_S=1.134 rho_phys=0.2866 rho_D=0.8668 A_applies=6 d_weighted=1 msel_engaged=1 rel_reported=1.134 iters=4 termination=8 ab_valid=1
SDIRK3_FROZEN_AB stage=2 pass=IM arm=I j=4 rho_S=1.086 rho_phys=0.3086 rho_D=0.8165 A_applies=6 d_weighted=1 msel_engaged=0 rel_reported=1.086 iters=4 termination=8 ab_valid=1
SDIRK3_FROZEN_AB stage=2 pass=IM arm=M j=4 rho_S=1.141 rho_phys=0.5417 rho_D=0.9023 A_applies=6 d_weighted=1 msel_engaged=0 rel_reported=1.141 iters=4 termination=8 ab_valid=1
[JVP FORWARD] Call #1: forward-mode AD took 56 ms
[JVP DIAG] call #1: ||dK||=1913, ||v=dt*γ*dK||=5.003e+05, ||J*v||=5.452e+08, ||dK-J*v||=5.452e+08, ratio ||J*v||/||dK||=2.85e+05
[GMRES BLOCK-SCALE] ru: ||r0||=139.1 → D_inv=0.007188
[GMRES BLOCK-SCALE] rv: ||r0||=164.7 → D_inv=0.006071
[GMRES BLOCK-SCALE] rw: ||r0||=153.2 → D_inv=0.006527
[GMRES BLOCK-SCALE] ph: ||r0||=239 → D_inv=0.004185
[GMRES BLOCK-SCALE] t: ||r0||=140.8 → D_inv=0.007104
[GMRES BLOCK-SCALE] mu: ||r0||=15.48 → D_inv=0.0646
[FGMRES] Z-basis memory budget: restart=211 x numel=1080491 => ~869.7 MiB per cycle
[JVP FORWARD] Call #2: forward-mode AD took 56 ms
[JVP DIAG] call #2: ||dK||=1.48e+05, ||v=dt*γ*dK||=3.87e+07, ||J*v||=6.557e+09, ||dK-J*v||=6.557e+09, ratio ||J*v||/||dK||=4.431e+04
[JVP FORWARD] Call #3: forward-mode AD took 54 ms
[JVP DIAG] call #3: ||dK||=5.251e+04, ||v=dt*γ*dK||=1.373e+07, ||J*v||=5.59e+09, ||dK-J*v||=5.59e+09, ratio ||J*v||/||dK||=1.065e+05
[GMRES REORTH] j=1 before=182.1 after1=105.6 after2=105.6 ratio=0.5803
[GMRES REORTH] j=2 before=121.8 after1=79.86 after2=79.86 ratio=0.6558
[PRECOND DEBUG] Input residual ||r|| = 1.872e+06 (call #605)
[PRECOND BLOCK NORMS] U: 9.568e+04, V: 113.3, MU: 3299
[PRECOND BLOCK NORMS] PHI: 1.882e+04
[PRECOND BLOCK NORMS] W: 11.78, THETA: 2546
[PRECOND TIMING] W-THETA coupled solve: 6 ms (3321 columns)
[PRECOND DEBUG] Output preconditioned ||M⁻¹r|| = 9.758e+04 (α₀=0, ratio=0.2783, α_eff=0)
[PRECOND DEBUG] Ratio ||M⁻¹r|| / ||r|| = 0.05212
[PRECOND DEBUG] Input residual ||r|| = 3.452e+06 (call #610)
[PRECOND BLOCK NORMS] U: 4.606e+04, V: 107.7, MU: 1537
[PRECOND BLOCK NORMS] PHI: 8741
[PRECOND BLOCK NORMS] W: 17.43, THETA: 1530
[PRECOND TIMING] W-THETA coupled solve: 6 ms (3321 columns)
[PRECOND DEBUG] Output preconditioned ||M⁻¹r|| = 4.692e+04 (α₀=0, ratio=0.2783, α_eff=0)
[PRECOND DEBUG] Ratio ||M⁻¹r|| / ||r|| = 0.01359
[PRECOND DEBUG] Input residual ||r|| = 4.367e+06 (call #615)
[PRECOND BLOCK NORMS] U: 5.983e+04, V: 100.7, MU: 1905
[PRECOND BLOCK NORMS] PHI: 1.089e+04
[PRECOND BLOCK NORMS] W: 29.5, THETA: 1407
[PRECOND TIMING] W-THETA coupled solve: 5 ms (3321 columns)
[PRECOND DEBUG] Output preconditioned ||M⁻¹r|| = 6.085e+04 (α₀=0, ratio=0.2783, α_eff=0)
[PRECOND DEBUG] Ratio ||M⁻¹r|| / ||r|| = 0.01393
[PRECOND DEBUG] Input residual ||r|| = 3.858e+06 (call #620)
[PRECOND BLOCK NORMS] U: 3.724e+04, V: 99.76, MU: 991.8
[PRECOND BLOCK NORMS] PHI: 5659
[PRECOND BLOCK NORMS] W: 23.94, THETA: 1109
[PRECOND TIMING] W-THETA coupled solve: 5 ms (3321 columns)
[PRECOND DEBUG] Output preconditioned ||M⁻¹r|| = 3.768e+04 (α₀=0, ratio=0.2783, α_eff=0)
[PRECOND DEBUG] Ratio ||M⁻¹r|| / ||r|| = 0.009767
[PRECOND DEBUG] Input residual ||r|| = 4.533e+06 (call #625)
[PRECOND BLOCK NORMS] U: 4.452e+04, V: 98.62, MU: 1447
[PRECOND BLOCK NORMS] PHI: 8188
[PRECOND BLOCK NORMS] W: 19.75, THETA: 2576
[PRECOND TIMING] W-THETA coupled solve: 6 ms (3321 columns)
[PRECOND DEBUG] Output preconditioned ||M⁻¹r|| = 4.536e+04 (α₀=0, ratio=0.2783, α_eff=0)
[PRECOND DEBUG] Ratio ||M⁻¹r|| / ||r|| = 0.01001
[PRECOND DEBUG] Input residual ||r|| = 5.048e+06 (call #630)
[PRECOND BLOCK NORMS] U: 6.406e+04, V: 97.65, MU: 1934
[PRECOND BLOCK NORMS] PHI: 1.095e+04
[PRECOND BLOCK NORMS] W: 25.8, THETA: 4038
[PRECOND TIMING] W-THETA coupled solve: 6 ms (3321 columns)
[PRECOND DEBUG] Output preconditioned ||M⁻¹r|| = 6.514e+04 (α₀=0, ratio=0.2783, α_eff=0)
[PRECOND DEBUG] Ratio ||M⁻¹r|| / ||r|| = 0.0129
[PRECOND DEBUG] Input residual ||r|| = 5.503e+06 (call #635)
[PRECOND BLOCK NORMS] U: 5.168e+04, V: 98.52, MU: 1843
[PRECOND BLOCK NORMS] PHI: 1.044e+04
[PRECOND BLOCK NORMS] W: 24.72, THETA: 3714
[PRECOND TIMING] W-THETA coupled solve: 6 ms (3321 columns)
[PRECOND DEBUG] Output preconditioned ||M⁻¹r|| = 5.287e+04 (α₀=0, ratio=0.2783, α_eff=0)
[PRECOND DEBUG] Ratio ||M⁻¹r|| / ||r|| = 0.009608
[PRECOND DEBUG] Input residual ||r|| = 4.344e+06 (call #640)
[PRECOND BLOCK NORMS] U: 6.478e+04, V: 106.2, MU: 2074
[PRECOND BLOCK NORMS] PHI: 1.18e+04
[PRECOND BLOCK NORMS] W: 23.39, THETA: 2550
[PRECOND TIMING] W-THETA coupled solve: 6 ms (3321 columns)
[PRECOND DEBUG] Output preconditioned ||M⁻¹r|| = 6.591e+04 (α₀=0, ratio=0.2783, α_eff=0)
[PRECOND DEBUG] Ratio ||M⁻¹r|| / ||r|| = 0.01517
[PRECOND DEBUG] Input residual ||r|| = 4.241e+06 (call #645)
[PRECOND BLOCK NORMS] U: 5.756e+04, V: 95.82, MU: 1527
[PRECOND BLOCK NORMS] PHI: 8677
[PRECOND BLOCK NORMS] W: 20.7, THETA: 2824
[PRECOND TIMING] W-THETA coupled solve: 6 ms (3321 columns)
[PRECOND DEBUG] Output preconditioned ||M⁻¹r|| = 5.829e+04 (α₀=0, ratio=0.2783, α_eff=0)
[PRECOND DEBUG] Ratio ||M⁻¹r|| / ||r|| = 0.01374
[PRECOND DEBUG] Input residual ||r|| = 4.503e+06 (call #650)
[PRECOND BLOCK NORMS] U: 4.913e+04, V: 91.97, MU: 1420
[PRECOND BLOCK NORMS] PHI: 8079
[PRECOND BLOCK NORMS] W: 25.68, THETA: 2874
[PRECOND TIMING] W-THETA coupled solve: 6 ms (3321 columns)
[PRECOND DEBUG] Output preconditioned ||M⁻¹r|| = 4.988e+04 (α₀=0, ratio=0.2783, α_eff=0)
[PRECOND DEBUG] Ratio ||M⁻¹r|| / ||r|| = 0.01108
[PRECOND DEBUG] Input residual ||r|| = 5.336e+06 (call #655)
[PRECOND BLOCK NORMS] U: 4.793e+04, V: 97.28, MU: 1847
[PRECOND BLOCK NORMS] PHI: 1.046e+04
[PRECOND BLOCK NORMS] W: 28.18, THETA: 3045
[PRECOND TIMING] W-THETA coupled solve: 6 ms (3321 columns)
[PRECOND DEBUG] Output preconditioned ||M⁻¹r|| = 4.918e+04 (α₀=0, ratio=0.2783, α_eff=0)
[PRECOND DEBUG] Ratio ||M⁻¹r|| / ||r|| = 0.009216
[PRECOND DEBUG] Input residual ||r|| = 6.208e+06 (call #660)
[PRECOND BLOCK NORMS] U: 6.365e+04, V: 86.05, MU: 1633
[PRECOND BLOCK NORMS] PHI: 9218
[PRECOND BLOCK NORMS] W: 30.57, THETA: 3057
[PRECOND TIMING] W-THETA coupled solve: 6 ms (3321 columns)
[PRECOND DEBUG] Output preconditioned ||M⁻¹r|| = 6.44e+04 (α₀=0, ratio=0.2783, α_eff=0)
[PRECOND DEBUG] Ratio ||M⁻¹r|| / ||r|| = 0.01037
[PRECOND DEBUG] Input residual ||r|| = 5.547e+06 (call #665)
[PRECOND BLOCK NORMS] U: 6.092e+04, V: 88.54, MU: 1863
[PRECOND BLOCK NORMS] PHI: 1.053e+04
[PRECOND BLOCK NORMS] W: 25.78, THETA: 3214
[PRECOND TIMING] W-THETA coupled solve: 6 ms (3321 columns)
[PRECOND DEBUG] Output preconditioned ||M⁻¹r|| = 6.193e+04 (α₀=0, ratio=0.2783, α_eff=0)
[PRECOND DEBUG] Ratio ||M⁻¹r|| / ||r|| = 0.01116
[PRECOND DEBUG] Input residual ||r|| = 4.482e+06 (call #670)
[PRECOND BLOCK NORMS] U: 4.973e+04, V: 98.1, MU: 1734
[PRECOND BLOCK NORMS] PHI: 9814
[PRECOND BLOCK NORMS] W: 21.85, THETA: 3928
[PRECOND TIMING] W-THETA coupled solve: 6 ms (3321 columns)
[PRECOND DEBUG] Output preconditioned ||M⁻¹r|| = 5.086e+04 (α₀=0, ratio=0.2783, α_eff=0)
[PRECOND DEBUG] Ratio ||M⁻¹r|| / ||r|| = 0.01135
[PRECOND DEBUG] Input residual ||r|| = 6.466e+06 (call #675)
[PRECOND BLOCK NORMS] U: 7.842e+04, V: 93.68, MU: 2486
[PRECOND BLOCK NORMS] PHI: 1.409e+04
[PRECOND BLOCK NORMS] W: 35.1, THETA: 3340
[PRECOND TIMING] W-THETA coupled solve: 6 ms (3321 columns)
[PRECOND DEBUG] Output preconditioned ||M⁻¹r|| = 7.977e+04 (α₀=0, ratio=0.2783, α_eff=0)
[PRECOND DEBUG] Ratio ||M⁻¹r|| / ||r|| = 0.01234
[PRECOND DEBUG] Input residual ||r|| = 5.447e+06 (call #680)
[PRECOND BLOCK NORMS] U: 7.34e+04, V: 90.59, MU: 1843
[PRECOND BLOCK NORMS] PHI: 1.044e+04
[PRECOND BLOCK NORMS] W: 32.29, THETA: 3489
[PRECOND TIMING] W-THETA coupled solve: 6 ms (3321 columns)
[PRECOND DEBUG] Output preconditioned ||M⁻¹r|| = 7.422e+04 (α₀=0, ratio=0.2783, α_eff=0)
[PRECOND DEBUG] Ratio ||M⁻¹r|| / ||r|| = 0.01363
[PRECOND DEBUG] Input residual ||r|| = 4.801e+06 (call #685)
[PRECOND BLOCK NORMS] U: 8.875e+04, V: 115.8, MU: 2935
[PRECOND BLOCK NORMS] PHI: 1.66e+04
[PRECOND BLOCK NORMS] W: 28.65, THETA: 3476
[PRECOND TIMING] W-THETA coupled solve: 6 ms (3321 columns)
[PRECOND DEBUG] Output preconditioned ||M⁻¹r|| = 9.038e+04 (α₀=0, ratio=0.2783, α_eff=0)
[PRECOND DEBUG] Ratio ||M⁻¹r|| / ||r|| = 0.01883
[PRECOND DEBUG] Input residual ||r|| = 5.624e+06 (call #690)
[PRECOND BLOCK NORMS] U: 6.966e+04, V: 92.7, MU: 2416
[PRECOND BLOCK NORMS] PHI: 1.366e+04
[PRECOND BLOCK NORMS] W: 39.88, THETA: 3074
[PRECOND TIMING] W-THETA coupled solve: 5 ms (3321 columns)
[PRECOND DEBUG] Output preconditioned ||M⁻¹r|| = 7.108e+04 (α₀=0, ratio=0.2783, α_eff=0)
[PRECOND DEBUG] Ratio ||M⁻¹r|| / ||r|| = 0.01264
[PRECOND DEBUG] Input residual ||r|| = 4.798e+06 (call #695)
[PRECOND BLOCK NORMS] U: 7.745e+04, V: 106.7, MU: 2780
[PRECOND BLOCK NORMS] PHI: 1.569e+04
[PRECOND BLOCK NORMS] W: 45.15, THETA: 3630
[PRECOND TIMING] W-THETA coupled solve: 6 ms (3321 columns)
[PRECOND DEBUG] Output preconditioned ||M⁻¹r|| = 7.914e+04 (α₀=0, ratio=0.2783, α_eff=0)
[PRECOND DEBUG] Ratio ||M⁻¹r|| / ||r|| = 0.0165
[PRECOND DEBUG] Input residual ||r|| = 5.598e+06 (call #700)
[PRECOND BLOCK NORMS] U: 9.609e+04, V: 126.2, MU: 4044
[PRECOND BLOCK NORMS] PHI: 2.29e+04
[PRECOND BLOCK NORMS] W: 45.09, THETA: 3637
[PRECOND TIMING] W-THETA coupled solve: 6 ms (3321 columns)
[PRECOND DEBUG] Output preconditioned ||M⁻¹r|| = 9.891e+04 (α₀=0, ratio=0.2783, α_eff=0)
[PRECOND DEBUG] Ratio ||M⁻¹r|| / ||r|| = 0.01767
[PRECOND DEBUG] Input residual ||r|| = 5.148e+06 (call #705)
[PRECOND BLOCK NORMS] U: 9.76e+04, V: 125.5, MU: 3735
[PRECOND BLOCK NORMS] PHI: 2.114e+04
[PRECOND BLOCK NORMS] W: 36.72, THETA: 3576
[PRECOND TIMING] W-THETA coupled solve: 6 ms (3321 columns)
[PRECOND DEBUG] Output preconditioned ||M⁻¹r|| = 9.998e+04 (α₀=0, ratio=0.2783, α_eff=0)
[PRECOND DEBUG] Ratio ||M⁻¹r|| / ||r|| = 0.01942
[PRECOND DEBUG] Input residual ||r|| = 5.473e+06 (call #710)
[PRECOND BLOCK NORMS] U: 1.054e+05, V: 117.3, MU: 3729
[PRECOND BLOCK NORMS] PHI: 2.114e+04
[PRECOND BLOCK NORMS] W: 44.73, THETA: 3917
[PRECOND TIMING] W-THETA coupled solve: 6 ms (3321 columns)
[PRECOND DEBUG] Output preconditioned ||M⁻¹r|| = 1.076e+05 (α₀=0, ratio=0.2783, α_eff=0)
[PRECOND DEBUG] Ratio ||M⁻¹r|| / ||r|| = 0.01966
[PRECOND DEBUG] Input residual ||r|| = 6.503e+06 (call #715)
[PRECOND BLOCK NORMS] U: 7.711e+04, V: 93.34, MU: 2908
[PRECOND BLOCK NORMS] PHI: 1.647e+04
[PRECOND BLOCK NORMS] W: 55.38, THETA: 4281
[PRECOND TIMING] W-THETA coupled solve: 6 ms (3321 columns)
[PRECOND DEBUG] Output preconditioned ||M⁻¹r|| = 7.901e+04 (α₀=0, ratio=0.2783, α_eff=0)
[PRECOND DEBUG] Ratio ||M⁻¹r|| / ||r|| = 0.01215
[PRECOND DEBUG] Input residual ||r|| = 6.407e+06 (call #720)
[PRECOND BLOCK NORMS] U: 8.921e+04, V: 109.2, MU: 3530
[PRECOND BLOCK NORMS] PHI: 1.995e+04
[PRECOND BLOCK NORMS] W: 44.1, THETA: 4274
[PRECOND TIMING] W-THETA coupled solve: 6 ms (3321 columns)
[PRECOND DEBUG] Output preconditioned ||M⁻¹r|| = 9.156e+04 (α₀=0, ratio=0.2783, α_eff=0)
[PRECOND DEBUG] Ratio ||M⁻¹r|| / ||r|| = 0.01429
[PRECOND DEBUG] Input residual ||r|| = 6.191e+06 (call #725)
[PRECOND BLOCK NORMS] U: 1.048e+05, V: 131.5, MU: 4421
[PRECOND BLOCK NORMS] PHI: 2.502e+04
[PRECOND BLOCK NORMS] W: 56.25, THETA: 4012
[PRECOND TIMING] W-THETA coupled solve: 6 ms (3321 columns)
[PRECOND DEBUG] Output preconditioned ||M⁻¹r|| = 1.079e+05 (α₀=0, ratio=0.2783, α_eff=0)
[PRECOND DEBUG] Ratio ||M⁻¹r|| / ||r|| = 0.01742
[PRECOND DEBUG] Input residual ||r|| = 5.834e+06 (call #730)
[PRECOND BLOCK NORMS] U: 1.002e+05, V: 157.1, MU: 5456
[PRECOND BLOCK NORMS] PHI: 3.095e+04
[PRECOND BLOCK NORMS] W: 67.3, THETA: 3664
[PRECOND TIMING] W-THETA coupled solve: 6 ms (3321 columns)
[PRECOND DEBUG] Output preconditioned ||M⁻¹r|| = 1.051e+05 (α₀=0, ratio=0.2783, α_eff=0)
[PRECOND DEBUG] Ratio ||M⁻¹r|| / ||r|| = 0.01801
[PRECOND DEBUG] Input residual ||r|| = 6.1e+06 (call #735)
[PRECOND BLOCK NORMS] U: 8.867e+04, V: 109.1, MU: 3650
[PRECOND BLOCK NORMS] PHI: 2.071e+04
[PRECOND BLOCK NORMS] W: 58.22, THETA: 4204
[PRECOND TIMING] W-THETA coupled solve: 6 ms (3321 columns)
[PRECOND DEBUG] Output preconditioned ||M⁻¹r|| = 9.122e+04 (α₀=0, ratio=0.2783, α_eff=0)
[PRECOND DEBUG] Ratio ||M⁻¹r|| / ||r|| = 0.01495
[PRECOND DEBUG] Input residual ||r|| = 6.661e+06 (call #740)
[PRECOND BLOCK NORMS] U: 9.45e+04, V: 158, MU: 5590
[PRECOND BLOCK NORMS] PHI: 3.164e+04
[PRECOND BLOCK NORMS] W: 60.86, THETA: 3761
[PRECOND TIMING] W-THETA coupled solve: 6 ms (3321 columns)
[PRECOND DEBUG] Output preconditioned ||M⁻¹r|| = 9.986e+04 (α₀=0, ratio=0.2783, α_eff=0)
[PRECOND DEBUG] Ratio ||M⁻¹r|| / ||r|| = 0.01499
[PRECOND DEBUG] Input residual ||r|| = 6.767e+06 (call #745)
[PRECOND BLOCK NORMS] U: 8.189e+04, V: 142.9, MU: 5045
[PRECOND BLOCK NORMS] PHI: 2.854e+04
[PRECOND BLOCK NORMS] W: 67.32, THETA: 3684
[PRECOND TIMING] W-THETA coupled solve: 6 ms (3321 columns)
[PRECOND DEBUG] Output preconditioned ||M⁻¹r|| = 8.694e+04 (α₀=0, ratio=0.2783, α_eff=0)
[PRECOND DEBUG] Ratio ||M⁻¹r|| / ||r|| = 0.01285
[PRECOND DEBUG] Input residual ||r|| = 5.272e+06 (call #750)
[PRECOND BLOCK NORMS] U: 7.579e+04, V: 116.2, MU: 3687
[PRECOND BLOCK NORMS] PHI: 2.082e+04
[PRECOND BLOCK NORMS] W: 57.68, THETA: 4527
[PRECOND TIMING] W-THETA coupled solve: 6 ms (3321 columns)
[PRECOND DEBUG] Output preconditioned ||M⁻¹r|| = 7.88e+04 (α₀=0, ratio=0.2783, α_eff=0)
[PRECOND DEBUG] Ratio ||M⁻¹r|| / ||r|| = 0.01495
[PRECOND DEBUG] Input residual ||r|| = 4.857e+06 (call #755)
[PRECOND BLOCK NORMS] U: 9.601e+04, V: 139.3, MU: 4447
[PRECOND BLOCK NORMS] PHI: 2.511e+04
[PRECOND BLOCK NORMS] W: 49.24, THETA: 3696
[PRECOND TIMING] W-THETA coupled solve: 6 ms (3321 columns)
[PRECOND DEBUG] Output preconditioned ||M⁻¹r|| = 9.939e+04 (α₀=0, ratio=0.2783, α_eff=0)
[PRECOND DEBUG] Ratio ||M⁻¹r|| / ||r|| = 0.02046
[PRECOND DEBUG] Input residual ||r|| = 5.83e+06 (call #760)
[PRECOND BLOCK NORMS] U: 9.799e+04, V: 167.1, MU: 5852
[PRECOND BLOCK NORMS] PHI: 3.312e+04
[PRECOND BLOCK NORMS] W: 55.12, THETA: 3464
[PRECOND TIMING] W-THETA coupled solve: 6 ms (3321 columns)
[PRECOND DEBUG] Output preconditioned ||M⁻¹r|| = 1.036e+05 (α₀=0, ratio=0.2783, α_eff=0)
[PRECOND DEBUG] Ratio ||M⁻¹r|| / ||r|| = 0.01778
[PRECOND DEBUG] Input residual ||r|| = 5.409e+06 (call #765)
[PRECOND BLOCK NORMS] U: 1.131e+05, V: 180.8, MU: 6326
[PRECOND BLOCK NORMS] PHI: 3.562e+04
[PRECOND BLOCK NORMS] W: 53.12, THETA: 3972
[PRECOND TIMING] W-THETA coupled solve: 6 ms (3321 columns)
[PRECOND DEBUG] Output preconditioned ||M⁻¹r|| = 1.188e+05 (α₀=0, ratio=0.2783, α_eff=0)
[PRECOND DEBUG] Ratio ||M⁻¹r|| / ||r|| = 0.02197
[PRECOND DEBUG] Input residual ||r|| = 6.007e+06 (call #770)
[PRECOND BLOCK NORMS] U: 1.145e+05, V: 170, MU: 6019
[PRECOND BLOCK NORMS] PHI: 3.399e+04
[PRECOND BLOCK NORMS] W: 51.61, THETA: 4285
[PRECOND TIMING] W-THETA coupled solve: 6 ms (3321 columns)
[PRECOND DEBUG] Output preconditioned ||M⁻¹r|| = 1.197e+05 (α₀=0, ratio=0.2783, α_eff=0)
[PRECOND DEBUG] Ratio ||M⁻¹r|| / ||r|| = 0.01992
[PRECOND DEBUG] Input residual ||r|| = 6.236e+06 (call #775)
[PRECOND BLOCK NORMS] U: 9.293e+04, V: 192.2, MU: 6848
[PRECOND BLOCK NORMS] PHI: 3.873e+04
[PRECOND BLOCK NORMS] W: 59.82, THETA: 4120
[PRECOND TIMING] W-THETA coupled solve: 6 ms (3321 columns)
[PRECOND DEBUG] Output preconditioned ||M⁻¹r|| = 1.01e+05 (α₀=0, ratio=0.2783, α_eff=0)
[PRECOND DEBUG] Ratio ||M⁻¹r|| / ||r|| = 0.01619
[PRECOND DEBUG] Input residual ||r|| = 4.49e+06 (call #780)
[PRECOND BLOCK NORMS] U: 1.204e+05, V: 242.7, MU: 8773
[PRECOND BLOCK NORMS] PHI: 4.941e+04
[PRECOND BLOCK NORMS] W: 54.05, THETA: 3958
[PRECOND TIMING] W-THETA coupled solve: 6 ms (3321 columns)
[PRECOND DEBUG] Output preconditioned ||M⁻¹r|| = 1.305e+05 (α₀=0, ratio=0.2783, α_eff=0)
[PRECOND DEBUG] Ratio ||M⁻¹r|| / ||r|| = 0.02907
[PRECOND DEBUG] Input residual ||r|| = 4.621e+06 (call #785)
[PRECOND BLOCK NORMS] U: 1.169e+05, V: 167.8, MU: 5903
[PRECOND BLOCK NORMS] PHI: 3.345e+04
[PRECOND BLOCK NORMS] W: 67.4, THETA: 4635
[PRECOND TIMING] W-THETA coupled solve: 6 ms (3321 columns)
[PRECOND DEBUG] Output preconditioned ||M⁻¹r|| = 1.218e+05 (α₀=0, ratio=0.2783, α_eff=0)
[PRECOND DEBUG] Ratio ||M⁻¹r|| / ||r|| = 0.02637
[PRECOND DEBUG] Input residual ||r|| = 5.077e+06 (call #790)
[PRECOND BLOCK NORMS] U: 1.077e+05, V: 169.7, MU: 6066
[PRECOND BLOCK NORMS] PHI: 3.426e+04
[PRECOND BLOCK NORMS] W: 58.4, THETA: 4326
[PRECOND TIMING] W-THETA coupled solve: 6 ms (3321 columns)
[PRECOND DEBUG] Output preconditioned ||M⁻¹r|| = 1.133e+05 (α₀=0, ratio=0.2783, α_eff=0)
[PRECOND DEBUG] Ratio ||M⁻¹r|| / ||r|| = 0.02231
[PRECOND DEBUG] Input residual ||r|| = 4.746e+06 (call #795)
[PRECOND BLOCK NORMS] U: 8.306e+04, V: 117.2, MU: 3735
[PRECOND BLOCK NORMS] PHI: 2.114e+04
[PRECOND BLOCK NORMS] W: 63.02, THETA: 4134
[PRECOND TIMING] W-THETA coupled solve: 6 ms (3321 columns)
[PRECOND DEBUG] Output preconditioned ||M⁻¹r|| = 8.588e+04 (α₀=0, ratio=0.2783, α_eff=0)
[PRECOND DEBUG] Ratio ||M⁻¹r|| / ||r|| = 0.0181
[PRECOND DEBUG] Input residual ||r|| = 5.131e+06 (call #800)
[PRECOND BLOCK NORMS] U: 9.383e+04, V: 135.6, MU: 4552
[PRECOND BLOCK NORMS] PHI: 2.572e+04
[PRECOND BLOCK NORMS] W: 62.57, THETA: 4782
[PRECOND TIMING] W-THETA coupled solve: 7 ms (3321 columns)
[PRECOND DEBUG] Output preconditioned ||M⁻¹r|| = 9.749e+04 (α₀=0, ratio=0.2783, α_eff=0)
[PRECOND DEBUG] Ratio ||M⁻¹r|| / ||r|| = 0.019
[PRECOND DEBUG] Input residual ||r|| = 5.078e+06 (call #805)
[PRECOND BLOCK NORMS] U: 1.038e+05, V: 149.4, MU: 5148
[PRECOND BLOCK NORMS] PHI: 2.907e+04
[PRECOND BLOCK NORMS] W: 54.65, THETA: 4705
[PRECOND TIMING] W-THETA coupled solve: 6 ms (3321 columns)
[PRECOND DEBUG] Output preconditioned ||M⁻¹r|| = 1.08e+05 (α₀=0, ratio=0.2783, α_eff=0)
[PRECOND DEBUG] Ratio ||M⁻¹r|| / ||r|| = 0.02127
[PRECOND DEBUG] Input residual ||r|| = 5.002e+06 (call #810)
[PRECOND BLOCK NORMS] U: 1.202e+05, V: 161.7, MU: 5620
[PRECOND BLOCK NORMS] PHI: 3.181e+04
[PRECOND BLOCK NORMS] W: 67.68, THETA: 4329
[PRECOND TIMING] W-THETA coupled solve: 6 ms (3321 columns)
[PRECOND DEBUG] Output preconditioned ||M⁻¹r|| = 1.245e+05 (α₀=0, ratio=0.2783, α_eff=0)
[PRECOND DEBUG] Ratio ||M⁻¹r|| / ||r|| = 0.02489
[GMRES] restart=1 j=210: hess_est=0.3324, true_err=0.3324
[GMRES BLOCK r/b] restart=1 j=210 ru=2.3034 rv=2.3181 rw=23.3924 ph=65.3070 t=3.5473 mu=1.6549
[FGMRES] NOT CONVERGED: ||x||=0.0055, ||r_true||=146.9664, ||b||=289.2987, rel_error=0.5080, tol=0.1479, restarts=1, arnoldi=211 (block-scaled)
[NEWTON] GMRES failed badly (rel_error=0.508): FGMRES max iterations reached (211 Arnoldi)
SDIRK3_GMRES_ESTIMATE_VS_TRUE stage=2 newton_iter=1 internal_iters=211 final_residual=147 rel_error_UNSCALED=0.508 b_unscaled_derived=289.3 note=minimised_norm_is_block_scaled
SDIRK3_GMRES_S_SCALE_RESIDUAL_TELEMETRY_ONLY scaled_rel=0.2347 num=0.2822 den=1.202  (TELEMETRY ONLY -- NOT the minimised norm: the internal convergence check uses D_inv block scaling, not S_diag. Ranking configurations by this number inverted the results twice; use error_tensor.)
SDIRK3_GMRES_TRIVIALITY ||x||=0.005452 ||b||=289.3 ratio=1.885e-05
[Newton] GMRES: 211 krylov iters, ||dK||=760.7, rel_error=0.508 (FAIL)
[Newton] JVP calls: 213, total JVP time: 1.19e+04 ms, avg: 55.85 ms/call
[SOLVER TELEMETRY] stage=2, newton=1, gmres_iters=211, gmres_rel=0.508, jvp_calls=213, jvp_ms=1.19e+04, warmstart=on, inn_status=prev_history_missing, inn_reason_code=4, inn_candidate=no, inn_used=no, inn_gate_pass=no, inn_q=0, inn_r_base=0, inn_r_cand=0, inn_x0_base_norm=0, inn_x0_cand_norm=0, inn_x0_delta_norm=0, inn_x0_rel_delta=0, inn_gate_rel_diff=0, inn_gate_non_degrade=no, inn_gate_quality_ok=no, inn_tol_ramped=no, inn_base_warmstart=yes, inn_prev_shape_ok=no, inn_prev_quality_ok=yes, inn_prev_varpc_ok=yes, inn_prev_rel=1, inn_ru_share_base=0, inn_ru_share_cand=0, inn_rw_share_base=0, inn_rw_share_cand=0, inn_ph_share_base=0, inn_ph_share_cand=0, variable_pc=no, jvp_mode=unlocked, jvp_fd_mode=none, jvp_ad_calls=213, jvp_fd_calls=0, jvp_eps_mean=0, jvp_eps_min=0, jvp_eps_max=0, jvp_eps_auto_calls=0, jvp_eps_manual_calls=0, ew_eta_enabled=yes, ew_eta=0.1479, ew_eta_updated=yes, krylov_tol_final=0.1479, krylov_tol_stage_override=no, budget_coupled=yes, budget_eta=0.1479, budget_scale=1.1

--- Newton iteration 2 starting ---
[PRECOND] set_stage_state ENTRY: stage=2, mu_pert.defined()=1, mu_pert.dim()=2
[PRECOND] set_stage_state: mu_base_2d.sizes()=[81, 41], mu_pert.sizes()=[81, 41]
[Newton] iter 2: ||S⁻¹R||_rms=1.3563e-01 [scaled-RMS], ||R||=6.1166e+07 [unscaled-L2], tol=2.0000e-01
[EISENSTAT-WALKER] Newton iter 2
  ||R_k|| = 0.1356
  ||R_{k-1}|| = 0.2783
  Residual ratio = 0.4873
  gamma=0.9, alpha=1.5
  Adaptive eta_k = 0.3 (range: 0.02 to 0.3)
[BLOCK_RES] iter=2 ru=3.14e+03 rv=1.35e+03 rw=9.96e+02 ph=2.74e+04 t=2.57e+03 mu=2.15e+05 max=2.15e+05 ru_share=0.009
[Newton] CONVERGED stage=2 iters=3 ||S⁻¹R||_rms=1.3563e-01 [scaled-RMS] (||R||=6.1166e+07 [unscaled-L2])
[RESIDUAL_REEVAL] Stage 2 (IMEX mode>=2): ||R_fast||=5.884e+04, ||R_newton||=0.1356, ||K_fast||=2225, rel_R_fast=26.44, wrms=7598, wrms_growth=0.01488, finite_guard=off
[NEWTON DAMP] Stage 2: reverted (||R|| 5.884e+04 → 2.321e+05, no absolute improvement)
[STAGE METRIC TELEMETRY] stage=2, split_mode=3, converged=1, gate_metric_mode=0, gate_metric_used=wrms_growth, gate_metric_value=0.01488, rho_newton_scaled_exit=0.1356, rho_gate_current=26.44, metric_mismatch=26.31, rho_gate_raw=26.44, rho_gate_abs_scaled=5.884e+04, wrms_norm=7598, wrms_growth=0.01488, rho_pred=0.1356, rho_actual=5.884e+04, rho_ratio=4.339e+05, r0_unscaled_l2=8.742e+08, mypx=0, mypy=0
[STAGE3 PREDICTOR] IMEX mode=3 fallback to depth-1 (k1 only) at stage 3 due to stage quality gate: rel_R_full_raw=26.44, converged=1
[IMEX MODE=3] Stage 3 predictor depth=1 (last stage converged=1, rel_R_full_raw=26.44)
[PHYSICS] Physics forcing inactive (ideal test case, max(|F_phys|) = 0)

=== NEWTON SOLVER ENTRY ===
  Stage: 3
  dt: 600, gamma: 0.4359
  dt*gamma: 261.5 (implicit timestep)
  U_n dim: 1, size: 1080491
  U_n shape: [1080491]
  max_newton_iter: 12
  newton_tol: 0.2
  gmres_restart: 10
=========================
Stage 3: Using predictor from K_prev, ||K|| = 0.8455 (K_prev depth=1)
[PRECOND] set_stage_state ENTRY: stage=3, mu_pert.defined()=1, mu_pert.dim()=2
[PRECOND] set_stage_state: mu_base_2d.sizes()=[81, 41], mu_pert.sizes()=[81, 41]
[PRECOND] set_stage_state: stage=3, ||mu_pert||/||mu_base||=0.2525% -> RECOMPUTE (stage changed)
UnifiedPreconditioner: Implicit damping/diffusion enabled:
  - Divergence damping: kdamp=0.2
  - Rayleigh damping: coef=0.2
  - W-damping: alpha=0.3
  IMEX scope gating (mode=3): rayleigh=OFF vdiff=OFF divergence=on
  wdamp: physical_w_direct_diag=0 extra_regularization=OFF
[PRECOND CTOR] STEP A: Damping config done, creating diagonal arrays with nz=64
[PRECOND CTOR] STEP A1: About to create TensorOptions
[PRECOND CTOR] STEP A2: TensorOptions created, calling torch::ones({nz+1})
[PRECOND CTOR] STEP A3: vertical_diag_w_ created
[PRECOND CTOR] STEP B: Diagonal arrays created
[PRECOND CTOR] STEP C: Off-diagonal arrays done, checking dz
[PRECOND CTOR] STEP D: dz_effective computed, caching...
[PRECOND CTOR] STEP E: dz_effective_cached_ done, size=64
[PRECONDITIONER] Raw momentum_coupling = 8.908e+04
[PRECONDITIONER] Per-k momentum_coupling range: 8.908e+04 to 8.908e+04 (scalar avg = 8.908e+04)

[PRECONDITIONER] W-block momentum coupling (from actual grid data):
  μ_representative (from mub.mean()) = 8.908e+04 Pa
  c1f_representative (from c1f.mean()) = 1
  c2f_representative (from c2f.mean()) = 0
  msfty_representative (from msfty.mean()) = 1
  msfty_safe (guarded) = 1
  Coupling factor (c1f*μ+c2f)/msfty = 8.908e+04 (scalar), per-k enabled

[PRECOND DIAG k=1] CONFIG-DRIVEN PRECONDITIONER:
  Config: clamps=ON, damping=0.05, momentum_range=[1e+04, 1e+05]
  Raw physics:
    diag_contribution = 1.664
    momentum_coupling_raw = 8.908e+04
  Scaling:
    diag_contrib / momentum_coupling = 1.868e-05
    dt = 600, gamma = 0.4359, dt*gamma = 261.5
    dt*gamma*contrib_scaled = 0.004885
  Acoustic Schur complement (W↔φ coupling):
    c_s = 340 m/s, dz_w = 263.6 m
    acoustic_cfl = dt*gamma*c_s/dz = 337.3
    acoustic_cfl² = 1.138e+05
    A_phi_diag = 1 + dt*gamma*c_s²/dz² = 436.1
    acoustic_schur = cfl²/A_phi = 260.9
    acoustic_schur_boosted = 521.8 (boost=2x)
  Diagonal:
    1 + direct + acoustic_schur_boosted = 522.8 (pure physics)
    + damping_factor = 522.9 (with 0.05 damping)
    Final diagonal = 522.9
  Preconditioning strength: 1/diagonal = 0.001912x

[PRECOND DIAG k=2] CONFIG-DRIVEN PRECONDITIONER:
  Config: clamps=ON, damping=0.05, momentum_range=[1e+04, 1e+05]
  Raw physics:
    diag_contribution = 1.674
    momentum_coupling_raw = 8.908e+04
  Scaling:
    diag_contrib / momentum_coupling = 1.879e-05
    dt = 600, gamma = 0.4359, dt*gamma = 261.5
    dt*gamma*contrib_scaled = 0.004915
  Acoustic Schur complement (W↔φ coupling):
    c_s = 340 m/s, dz_w = 262.8 m
    acoustic_cfl = dt*gamma*c_s/dz = 338.4
    acoustic_cfl² = 1.145e+05
    A_phi_diag = 1 + dt*gamma*c_s²/dz² = 438.9
    acoustic_schur = cfl²/A_phi = 260.9
    acoustic_schur_boosted = 521.8 (boost=2x)
  Diagonal:
    1 + direct + acoustic_schur_boosted = 522.9 (pure physics)
    + damping_factor = 522.9 (with 0.05 damping)
    Final diagonal = 522.9
  Preconditioning strength: 1/diagonal = 0.001912x

[PRECOND DIAG k=3] CONFIG-DRIVEN PRECONDITIONER:
  Config: clamps=ON, damping=0.05, momentum_range=[1e+04, 1e+05]
  Raw physics:
    diag_contribution = 1.688
    momentum_coupling_raw = 8.908e+04
  Scaling:
    diag_contrib / momentum_coupling = 1.895e-05
    dt = 600, gamma = 0.4359, dt*gamma = 261.5
    dt*gamma*contrib_scaled = 0.004956
  Acoustic Schur complement (W↔φ coupling):
    c_s = 340 m/s, dz_w = 261.7 m
    acoustic_cfl = dt*gamma*c_s/dz = 339.8
    acoustic_cfl² = 1.155e+05
    A_phi_diag = 1 + dt*gamma*c_s²/dz² = 442.5
    acoustic_schur = cfl²/A_phi = 260.9
    acoustic_schur_boosted = 521.9 (boost=2x)
  Diagonal:
    1 + direct + acoustic_schur_boosted = 522.9 (pure physics)
    + damping_factor = 522.9 (with 0.05 damping)
    Final diagonal = 522.9
  Preconditioning strength: 1/diagonal = 0.001912x

[PRECOND DIAG SUMMARY] dt=600 gamma=0.4359 dt*gamma=261.5
  D_w  range: [1, 523.1]
  D_θ  range: [1, 1]
  D_u  range: [1.012, 1.012]
  D_φ  range: [405.9, 532.3]
  D_μ  value: 1.005
SDIRK3_PRECOND_WDAMP_DIAG dt=600 rhs_config_enabled=0 physical_w_direct_diag=0 extra_regularization=0 extra_alpha=0 momentum_coupling_min=8.908e+04 momentum_coupling_max=8.908e+04 legacy_scaled_min=3.368e-06 legacy_scaled_max=3.368e-06 final_wdiag_min=1 final_wdiag_max=523.1 coefficient_generation=3

--- Newton iteration 0 starting ---
[PRECOND] set_stage_state ENTRY: stage=3, mu_pert.defined()=1, mu_pert.dim()=2
[PRECOND] set_stage_state: mu_base_2d.sizes()=[81, 41], mu_pert.sizes()=[81, 41]
[NEWTON] State validation at iteration 0:
[NEWTON] U_eval range: [-5.031e+07, 1.053e+08]
[NEWTON] U_eval norm: 3.551e+09
[NEWTON] Checking U_eval = U_stage + (600 * 0.4359) * K:
  W-block in U_eval: min/max = -3483 / 1.102e+04
  W-block norm = 3.733e+05
  W-block in U_stage: min/max = -3483 / 1.102e+04
  Scaling factor dt*gamma = 261.5
[NEWTON] Has NaN: NO
[NEWTON] Has Inf: NO
[NEWTON] WARNING: Very large state norm (>1e8) - may indicate unphysical conditions
[NEWTON] U_n norm: 3.551e+09
[NEWTON] U_stage norm: 3.551e+09
[NEWTON] K norm: 0.8455
[NEWTON] dt: 600, gamma: 0.4359
[SCALING] Rebuilding S from R₀ (iter 0):
  S[ru] = 5.138e+11 (RMS=5.138e+11, floor=1)
  S[rv] = 3.744e+07 (RMS=3.744e+07, floor=1)
  S[rw] = 5.446e+07 (RMS=5.446e+07, floor=1)
  S[ph] = 4.365e+08 (RMS=4.365e+08, floor=1)
  S[t] = 3.213e+07 (RMS=3.213e+07, floor=1)
  S[mu] = 4.378e+09 (RMS=4.378e+09, floor=1)
[Newton] Convergence norm: scaled-RMS ||S⁻¹R||/√N (N=1080491), atol=0.2, rtol=1e-10*0.9999=9.999e-11 => effective_tol=0.2
[Newton] iter 0: ||S⁻¹R||_rms=9.9987e-01 [scaled-RMS], ||R||=2.3974e+14 [unscaled-L2], tol=2.0000e-01
  ru: ||S⁻¹R||_rms=1 (N=217728)
  rv: ||S⁻¹R||_rms=1 (N=215168)
  rw: ||S⁻¹R||_rms=1 (N=215865)
  ph: ||S⁻¹R||_rms=1 (N=215865)
  t: ||S⁻¹R||_rms=1 (N=212544)
  mu: ||S⁻¹R||_rms=1 (N=3321)
[EISENSTAT-WALKER] Newton iter 0, Stage 3: using initial eta = 0.3
[BLOCK_RES] iter=0 ru=2.40e+14 rv=1.74e+10 rw=2.53e+10 ph=2.03e+11 t=1.48e+10 mu=2.52e+11 max=2.40e+14 ru_share=1.000
[RU_PROFILE] N=0 nz=64 |ru[k]|: 4.2e+08 2.3e+08 1.5e+08 9.7e+07 6.5e+07 5.0e+07 4.5e+07 4.4e+07 4.6e+07 4.9e+07 ... peak=k63 bdy_frac=0.635
[Newton] JVP method: FORWARD-MODE AD (compute_jvp_forward_mode)
[Newton] JVP ready for GMRES (use_autograd=true)
[PRECOND] Using TDMA preconditioner for GMRES
[GMRES POLICY] Stage 3: order=shipped, restart=10->163 (source=2), max_restarts=2->1, ew_scale=0.85, ew_applied=1, budget_active=1
[GMRES INIT] Stage 3 effective: restart=163, max_restarts=1, tol=0.3, budget_coupled=yes, budget_eta=0.3, budget_scale=0.85
[GMRES WARMSTART] stage=3 disabled (shape_ok=0, prev_rel=1, gate=1, prev_varpc=no)
[GMRES INN] stage=3, status=no_base_warmstart, reason_code=2, base_warmstart=no, built=no, used=no, gate_pass=no, prev_shape_ok=no, prev_quality_ok=no, prev_varpc_ok=no, prev_rel=0, q=0, r_base=0, r_cand=0, x0_base_norm=0, x0_cand_norm=0, x0_delta_norm=0, x0_rel_delta=0, gate_rel_diff=0, gate_non_degrade=no, gate_quality_ok=no, ru_share_base=0, ru_share_cand=0, rw_share_base=0, rw_share_cand=0, ph_share_base=0, ph_share_cand=0, tol_ramped=no
[GMRES BLOCK-SCALE] ru: ||r0||=466.6 → D_inv=0.002143
[GMRES BLOCK-SCALE] rv: ||r0||=463.9 → D_inv=0.002156
[GMRES BLOCK-SCALE] rw: ||r0||=464.6 → D_inv=0.002152
[GMRES BLOCK-SCALE] ph: ||r0||=464.6 → D_inv=0.002152
[GMRES BLOCK-SCALE] t: ||r0||=461 → D_inv=0.002169
[GMRES BLOCK-SCALE] mu: ||r0||=57.63 → D_inv=0.01735
[FGMRES] Z-basis memory budget: restart=163 x numel=1080491 => ~671.8 MiB per cycle
[COUPLED DIAG 4x4] S_phi_phi/D_phi ratio: min=1, max=1, mean=1 (alpha_phi range: [1.562, 1.562]), max_dev=0, bad_levels(>0.1)=0/64 (phi-feedback OK)
[JVP FORWARD] Call #1: forward-mode AD took 67 ms
[JVP DIAG] call #1: ||dK||=2.099e+11, ||v=dt*γ*dK||=5.488e+13, ||J*v||=4.003e+18, ||dK-J*v||=4.003e+18, ratio ||J*v||/||dK||=1.907e+07
[JVP FORWARD] Call #2: forward-mode AD took 59 ms
[JVP DIAG] call #2: ||dK||=8.49e+10, ||v=dt*γ*dK||=2.22e+13, ||J*v||=1.62e+18, ||dK-J*v||=1.62e+18, ratio ||J*v||/||dK||=1.909e+07
[GMRES REORTH] j=1 before=2.28e+06 after1=4680 after2=4672 ratio=0.002053
[PRECOND DEBUG] Input residual ||r|| = 1.085e+10 (call #815)
[PRECOND BLOCK NORMS] U: 1.071e+10, V: 4.697e+06, MU: 3.042e+08
[PRECOND BLOCK NORMS] PHI: 1.703e+09
[PRECOND BLOCK NORMS] W: 1.5e+04, THETA: 6.247e+05
[PRECOND TIMING] W-THETA coupled solve: 6 ms (3321 columns)
[PRECOND DEBUG] Output preconditioned ||M⁻¹r|| = 1.085e+10 (α₀=0, ratio=1, α_eff=0)
[PRECOND DEBUG] Ratio ||M⁻¹r|| / ||r|| = 0.9994
[JVP FORWARD] Call #3: forward-mode AD took 59 ms
[JVP DIAG] call #3: ||dK||=1.085e+10, ||v=dt*γ*dK||=2.837e+12, ||J*v||=2.021e+17, ||dK-J*v||=2.021e+17, ratio ||J*v||/||dK||=1.863e+07
[GMRES REORTH] j=2 before=2.859e+05 after1=1.377e+04 after2=1.377e+04 ratio=0.04816
[PRECOND DEBUG] Input residual ||r|| = 1.349e+10 (call #820)
[PRECOND BLOCK NORMS] U: 1.331e+10, V: 1.674e+07, MU: 3.763e+08
[PRECOND BLOCK NORMS] PHI: 2.107e+09
[PRECOND BLOCK NORMS] W: 3.057e+04, THETA: 7.929e+05
[PRECOND TIMING] W-THETA coupled solve: 6 ms (3321 columns)
[PRECOND DEBUG] Output preconditioned ||M⁻¹r|| = 1.348e+10 (α₀=0, ratio=1, α_eff=0)
[PRECOND DEBUG] Ratio ||M⁻¹r|| / ||r|| = 0.9995
[PRECOND DEBUG] Input residual ||r|| = 1.453e+10 (call #825)
[PRECOND BLOCK NORMS] U: 1.434e+10, V: 1.693e+07, MU: 4.045e+08
[PRECOND BLOCK NORMS] PHI: 2.264e+09
[PRECOND BLOCK NORMS] W: 3.303e+04, THETA: 9.091e+05
[PRECOND TIMING] W-THETA coupled solve: 6 ms (3321 columns)
[PRECOND DEBUG] Output preconditioned ||M⁻¹r|| = 1.452e+10 (α₀=0, ratio=1, α_eff=0)
[PRECOND DEBUG] Ratio ||M⁻¹r|| / ||r|| = 0.9994
[PRECOND DEBUG] Input residual ||r|| = 4.321e+09 (call #830)
[PRECOND BLOCK NORMS] U: 4.196e+09, V: 1.813e+07, MU: 1.168e+08
[PRECOND BLOCK NORMS] PHI: 6.545e+08
[PRECOND BLOCK NORMS] W: 4.238e+04, THETA: 2.531e+05
[PRECOND TIMING] W-THETA coupled solve: 6 ms (3321 columns)
[PRECOND DEBUG] Output preconditioned ||M⁻¹r|| = 4.248e+09 (α₀=0, ratio=1, α_eff=0)
[PRECOND DEBUG] Ratio ||M⁻¹r|| / ||r|| = 0.9831
[PRECOND DEBUG] Input residual ||r|| = 3.272e+09 (call #835)
[PRECOND BLOCK NORMS] U: 3.134e+09, V: 1.746e+07, MU: 8.657e+07
[PRECOND BLOCK NORMS] PHI: 4.854e+08
[PRECOND BLOCK NORMS] W: 6.36e+04, THETA: 2.009e+05
[PRECOND TIMING] W-THETA coupled solve: 5 ms (3321 columns)
[PRECOND DEBUG] Output preconditioned ||M⁻¹r|| = 3.172e+09 (α₀=0, ratio=1, α_eff=0)
[PRECOND DEBUG] Ratio ||M⁻¹r|| / ||r|| = 0.9697
[PRECOND DEBUG] Input residual ||r|| = 1.381e+10 (call #840)
[PRECOND BLOCK NORMS] U: 1.362e+10, V: 2.449e+07, MU: 3.824e+08
[PRECOND BLOCK NORMS] PHI: 2.14e+09
[PRECOND BLOCK NORMS] W: 8.026e+04, THETA: 8.653e+05
[PRECOND TIMING] W-THETA coupled solve: 6 ms (3321 columns)
[PRECOND DEBUG] Output preconditioned ||M⁻¹r|| = 1.379e+10 (α₀=0, ratio=1, α_eff=0)
[PRECOND DEBUG] Ratio ||M⁻¹r|| / ||r|| = 0.9982
[PRECOND DEBUG] Input residual ||r|| = 2.719e+10 (call #845)
[PRECOND BLOCK NORMS] U: 2.684e+10, V: 2.224e+07, MU: 7.578e+08
[PRECOND BLOCK NORMS] PHI: 4.242e+09
[PRECOND BLOCK NORMS] W: 1.013e+05, THETA: 1.647e+06
[PRECOND TIMING] W-THETA coupled solve: 5 ms (3321 columns)
[PRECOND DEBUG] Output preconditioned ||M⁻¹r|| = 2.718e+10 (α₀=0, ratio=1, α_eff=0)
[PRECOND DEBUG] Ratio ||M⁻¹r|| / ||r|| = 0.9999
[PRECOND DEBUG] Input residual ||r|| = 6.078e+09 (call #850)
[PRECOND BLOCK NORMS] U: 5.952e+09, V: 1.88e+07, MU: 1.648e+08
[PRECOND BLOCK NORMS] PHI: 9.228e+08
[PRECOND BLOCK NORMS] W: 8.518e+04, THETA: 3.916e+05
[PRECOND TIMING] W-THETA coupled solve: 6 ms (3321 columns)
[PRECOND DEBUG] Output preconditioned ||M⁻¹r|| = 6.025e+09 (α₀=0, ratio=1, α_eff=0)
[PRECOND DEBUG] Ratio ||M⁻¹r|| / ||r|| = 0.9912
[PRECOND DEBUG] Input residual ||r|| = 6.82e+09 (call #855)
[PRECOND BLOCK NORMS] U: 6.651e+09, V: 1.872e+07, MU: 1.827e+08
[PRECOND BLOCK NORMS] PHI: 1.024e+09
[PRECOND BLOCK NORMS] W: 8.725e+04, THETA: 4.274e+05
[PRECOND TIMING] W-THETA coupled solve: 5 ms (3321 columns)
[PRECOND DEBUG] Output preconditioned ||M⁻¹r|| = 6.731e+09 (α₀=0, ratio=1, α_eff=0)
[PRECOND DEBUG] Ratio ||M⁻¹r|| / ||r|| = 0.987
[PRECOND DEBUG] Input residual ||r|| = 5.542e+09 (call #860)
[PRECOND BLOCK NORMS] U: 5.35e+09, V: 2.276e+07, MU: 1.441e+08
[PRECOND BLOCK NORMS] PHI: 8.086e+08
[PRECOND BLOCK NORMS] W: 8.583e+04, THETA: 5.097e+05
[PRECOND TIMING] W-THETA coupled solve: 5 ms (3321 columns)
[PRECOND DEBUG] Output preconditioned ||M⁻¹r|| = 5.412e+09 (α₀=0, ratio=1, α_eff=0)
[PRECOND DEBUG] Ratio ||M⁻¹r|| / ||r|| = 0.9765
[PRECOND DEBUG] Input residual ||r|| = 6.182e+09 (call #865)
[PRECOND BLOCK NORMS] U: 6.062e+09, V: 2.319e+07, MU: 1.637e+08
[PRECOND BLOCK NORMS] PHI: 9.168e+08
[PRECOND BLOCK NORMS] W: 1.394e+05, THETA: 9.095e+05
[PRECOND TIMING] W-THETA coupled solve: 5 ms (3321 columns)
[PRECOND DEBUG] Output preconditioned ||M⁻¹r|| = 6.133e+09 (α₀=0, ratio=1, α_eff=0)
[PRECOND DEBUG] Ratio ||M⁻¹r|| / ||r|| = 0.992
[PRECOND DEBUG] Input residual ||r|| = 1.099e+10 (call #870)
[PRECOND BLOCK NORMS] U: 1.084e+10, V: 2.633e+07, MU: 3.017e+08
[PRECOND BLOCK NORMS] PHI: 1.689e+09
[PRECOND BLOCK NORMS] W: 1.676e+05, THETA: 9.217e+05
[PRECOND TIMING] W-THETA coupled solve: 6 ms (3321 columns)
[PRECOND DEBUG] Output preconditioned ||M⁻¹r|| = 1.097e+10 (α₀=0, ratio=1, α_eff=0)
[PRECOND DEBUG] Ratio ||M⁻¹r|| / ||r|| = 0.9985
[PRECOND DEBUG] Input residual ||r|| = 1.076e+10 (call #875)
[PRECOND BLOCK NORMS] U: 1.061e+10, V: 2.05e+07, MU: 3.067e+08
[PRECOND BLOCK NORMS] PHI: 1.718e+09
[PRECOND BLOCK NORMS] W: 2.553e+05, THETA: 1.497e+06
[PRECOND TIMING] W-THETA coupled solve: 6 ms (3321 columns)
[PRECOND DEBUG] Output preconditioned ||M⁻¹r|| = 1.076e+10 (α₀=0, ratio=1, α_eff=0)
[PRECOND DEBUG] Ratio ||M⁻¹r|| / ||r|| = 0.9996
[PRECOND DEBUG] Input residual ||r|| = 4.595e+09 (call #880)
[PRECOND BLOCK NORMS] U: 4.475e+09, V: 2.141e+07, MU: 1.145e+08
[PRECOND BLOCK NORMS] PHI: 6.419e+08
[PRECOND BLOCK NORMS] W: 1.748e+05, THETA: 1.609e+06
[PRECOND TIMING] W-THETA coupled solve: 6 ms (3321 columns)
[PRECOND DEBUG] Output preconditioned ||M⁻¹r|| = 4.521e+09 (α₀=0, ratio=1, α_eff=0)
[PRECOND DEBUG] Ratio ||M⁻¹r|| / ||r|| = 0.984
[PRECOND DEBUG] Input residual ||r|| = 7.056e+09 (call #885)
[PRECOND BLOCK NORMS] U: 6.931e+09, V: 1.787e+07, MU: 1.831e+08
[PRECOND BLOCK NORMS] PHI: 1.025e+09
[PRECOND BLOCK NORMS] W: 1.465e+05, THETA: 1.18e+06
[PRECOND TIMING] W-THETA coupled solve: 6 ms (3321 columns)
[PRECOND DEBUG] Output preconditioned ||M⁻¹r|| = 7.008e+09 (α₀=0, ratio=1, α_eff=0)
[PRECOND DEBUG] Ratio ||M⁻¹r|| / ||r|| = 0.9932
[PRECOND DEBUG] Input residual ||r|| = 2.946e+09 (call #890)
[PRECOND BLOCK NORMS] U: 2.847e+09, V: 2.257e+07, MU: 7.417e+07
[PRECOND BLOCK NORMS] PHI: 4.159e+08
[PRECOND BLOCK NORMS] W: 9.546e+04, THETA: 2.041e+06
[PRECOND TIMING] W-THETA coupled solve: 6 ms (3321 columns)
[PRECOND DEBUG] Output preconditioned ||M⁻¹r|| = 2.878e+09 (α₀=0, ratio=1, α_eff=0)
[PRECOND DEBUG] Ratio ||M⁻¹r|| / ||r|| = 0.9771
[PRECOND DEBUG] Input residual ||r|| = 7.399e+09 (call #895)
[PRECOND BLOCK NORMS] U: 7.292e+09, V: 2.392e+07, MU: 1.727e+08
[PRECOND BLOCK NORMS] PHI: 9.671e+08
[PRECOND BLOCK NORMS] W: 1.578e+05, THETA: 1.269e+06
[PRECOND TIMING] W-THETA coupled solve: 6 ms (3321 columns)
[PRECOND DEBUG] Output preconditioned ||M⁻¹r|| = 7.358e+09 (α₀=0, ratio=1, α_eff=0)
[PRECOND DEBUG] Ratio ||M⁻¹r|| / ||r|| = 0.9944
[PRECOND DEBUG] Input residual ||r|| = 8.115e+09 (call #900)
[PRECOND BLOCK NORMS] U: 7.993e+09, V: 2.594e+07, MU: 2.007e+08
[PRECOND BLOCK NORMS] PHI: 1.124e+09
[PRECOND BLOCK NORMS] W: 1.653e+05, THETA: 1.046e+06
[PRECOND TIMING] W-THETA coupled solve: 5 ms (3321 columns)
[PRECOND DEBUG] Output preconditioned ||M⁻¹r|| = 8.074e+09 (α₀=0, ratio=1, α_eff=0)
[PRECOND DEBUG] Ratio ||M⁻¹r|| / ||r|| = 0.9949
[PRECOND DEBUG] Input residual ||r|| = 1.322e+10 (call #905)
[PRECOND BLOCK NORMS] U: 1.305e+10, V: 2.431e+07, MU: 3.523e+08
[PRECOND BLOCK NORMS] PHI: 1.972e+09
[PRECOND BLOCK NORMS] W: 1.756e+05, THETA: 2.891e+06
[PRECOND TIMING] W-THETA coupled solve: 6 ms (3321 columns)
[PRECOND DEBUG] Output preconditioned ||M⁻¹r|| = 1.32e+10 (α₀=0, ratio=1, α_eff=0)
[PRECOND DEBUG] Ratio ||M⁻¹r|| / ||r|| = 0.9984
[PRECOND DEBUG] Input residual ||r|| = 8.945e+09 (call #910)
[PRECOND BLOCK NORMS] U: 8.824e+09, V: 1.876e+07, MU: 8.423e+07
[PRECOND BLOCK NORMS] PHI: 4.719e+08
[PRECOND BLOCK NORMS] W: 4.3e+05, THETA: 6.239e+06
[PRECOND TIMING] W-THETA coupled solve: 6 ms (3321 columns)
[PRECOND DEBUG] Output preconditioned ||M⁻¹r|| = 8.836e+09 (α₀=0, ratio=1, α_eff=0)
[PRECOND DEBUG] Ratio ||M⁻¹r|| / ||r|| = 0.9878
[PRECOND DEBUG] Input residual ||r|| = 8.787e+09 (call #915)
[PRECOND BLOCK NORMS] U: 8.659e+09, V: 2.351e+07, MU: 1.541e+08
[PRECOND BLOCK NORMS] PHI: 8.63e+08
[PRECOND BLOCK NORMS] W: 2.344e+05, THETA: 1.03e+07
[PRECOND TIMING] W-THETA coupled solve: 6 ms (3321 columns)
[PRECOND DEBUG] Output preconditioned ||M⁻¹r|| = 8.703e+09 (α₀=0, ratio=1, α_eff=0)
[PRECOND DEBUG] Ratio ||M⁻¹r|| / ||r|| = 0.9905
[PRECOND DEBUG] Input residual ||r|| = 1.632e+10 (call #920)
[PRECOND BLOCK NORMS] U: 1.611e+10, V: 2.156e+07, MU: 3.693e+08
[PRECOND BLOCK NORMS] PHI: 2.068e+09
[PRECOND BLOCK NORMS] W: 2.997e+05, THETA: 1.111e+07
[PRECOND TIMING] W-THETA coupled solve: 5 ms (3321 columns)
[PRECOND DEBUG] Output preconditioned ||M⁻¹r|| = 1.624e+10 (α₀=0, ratio=1, α_eff=0)
[PRECOND DEBUG] Ratio ||M⁻¹r|| / ||r|| = 0.9954
[PRECOND DEBUG] Input residual ||r|| = 1.122e+10 (call #925)
[PRECOND BLOCK NORMS] U: 1.108e+10, V: 2.294e+07, MU: 1.703e+08
[PRECOND BLOCK NORMS] PHI: 9.537e+08
[PRECOND BLOCK NORMS] W: 3.849e+05, THETA: 6.575e+06
[PRECOND TIMING] W-THETA coupled solve: 6 ms (3321 columns)
[PRECOND DEBUG] Output preconditioned ||M⁻¹r|| = 1.112e+10 (α₀=0, ratio=1, α_eff=0)
[PRECOND DEBUG] Ratio ||M⁻¹r|| / ||r|| = 0.9907
[PRECOND DEBUG] Input residual ||r|| = 1.592e+10 (call #930)
[PRECOND BLOCK NORMS] U: 1.572e+10, V: 2.159e+07, MU: 2.601e+08
[PRECOND BLOCK NORMS] PHI: 1.456e+09
[PRECOND BLOCK NORMS] W: 3.656e+05, THETA: 1.216e+07
[PRECOND TIMING] W-THETA coupled solve: 6 ms (3321 columns)
[PRECOND DEBUG] Output preconditioned ||M⁻¹r|| = 1.579e+10 (α₀=0, ratio=1, α_eff=0)
[PRECOND DEBUG] Ratio ||M⁻¹r|| / ||r|| = 0.9917
[PRECOND DEBUG] Input residual ||r|| = 1.535e+10 (call #935)
[PRECOND BLOCK NORMS] U: 1.515e+10, V: 2.569e+07, MU: 2.722e+08
[PRECOND BLOCK NORMS] PHI: 1.524e+09
[PRECOND BLOCK NORMS] W: 2.788e+05, THETA: 3.217e+06
[PRECOND TIMING] W-THETA coupled solve: 6 ms (3321 columns)
[PRECOND DEBUG] Output preconditioned ||M⁻¹r|| = 1.523e+10 (α₀=0, ratio=1, α_eff=0)
[PRECOND DEBUG] Ratio ||M⁻¹r|| / ||r|| = 0.9924
[PRECOND DEBUG] Input residual ||r|| = 2.008e+10 (call #940)
[PRECOND BLOCK NORMS] U: 1.983e+10, V: 2.535e+07, MU: 2.622e+08
[PRECOND BLOCK NORMS] PHI: 1.468e+09
[PRECOND BLOCK NORMS] W: 5.06e+05, THETA: 5.992e+06
[PRECOND TIMING] W-THETA coupled solve: 6 ms (3321 columns)
[PRECOND DEBUG] Output preconditioned ||M⁻¹r|| = 1.988e+10 (α₀=0, ratio=1, α_eff=0)
[PRECOND DEBUG] Ratio ||M⁻¹r|| / ||r|| = 0.9905
[PRECOND DEBUG] Input residual ||r|| = 1.804e+10 (call #945)
[PRECOND BLOCK NORMS] U: 1.782e+10, V: 2.142e+07, MU: 1.092e+08
[PRECOND BLOCK NORMS] PHI: 6.115e+08
[PRECOND BLOCK NORMS] W: 7.928e+05, THETA: 1.181e+07
[PRECOND TIMING] W-THETA coupled solve: 6 ms (3321 columns)
[PRECOND DEBUG] Output preconditioned ||M⁻¹r|| = 1.783e+10 (α₀=0, ratio=1, α_eff=0)
[PRECOND DEBUG] Ratio ||M⁻¹r|| / ||r|| = 0.9882
[PRECOND DEBUG] Input residual ||r|| = 1.625e+10 (call #950)
[PRECOND BLOCK NORMS] U: 1.605e+10, V: 2.321e+07, MU: 2.385e+08
[PRECOND BLOCK NORMS] PHI: 1.336e+09
[PRECOND BLOCK NORMS] W: 4.315e+05, THETA: 1.149e+07
[PRECOND TIMING] W-THETA coupled solve: 6 ms (3321 columns)
[PRECOND DEBUG] Output preconditioned ||M⁻¹r|| = 1.61e+10 (α₀=0, ratio=1, α_eff=0)
[PRECOND DEBUG] Ratio ||M⁻¹r|| / ||r|| = 0.9911
[PRECOND DEBUG] Input residual ||r|| = 2.312e+10 (call #955)
[PRECOND BLOCK NORMS] U: 2.284e+10, V: 2.347e+07, MU: 2.691e+08
[PRECOND BLOCK NORMS] PHI: 1.506e+09
[PRECOND BLOCK NORMS] W: 7.901e+05, THETA: 1.034e+07
[PRECOND TIMING] W-THETA coupled solve: 6 ms (3321 columns)
[PRECOND DEBUG] Output preconditioned ||M⁻¹r|| = 2.289e+10 (α₀=0, ratio=1, α_eff=0)
[PRECOND DEBUG] Ratio ||M⁻¹r|| / ||r|| = 0.99
[PRECOND DEBUG] Input residual ||r|| = 4.26e+10 (call #960)
[PRECOND BLOCK NORMS] U: 4.209e+10, V: 2.447e+07, MU: 2.4e+08
[PRECOND BLOCK NORMS] PHI: 1.344e+09
[PRECOND BLOCK NORMS] W: 1.198e+06, THETA: 1.013e+07
[PRECOND TIMING] W-THETA coupled solve: 6 ms (3321 columns)
[PRECOND DEBUG] Output preconditioned ||M⁻¹r|| = 4.21e+10 (α₀=0, ratio=1, α_eff=0)
[PRECOND DEBUG] Ratio ||M⁻¹r|| / ||r|| = 0.9884
[PRECOND DEBUG] Input residual ||r|| = 2.894e+10 (call #965)
[PRECOND BLOCK NORMS] U: 2.859e+10, V: 2.446e+07, MU: 3.052e+08
[PRECOND BLOCK NORMS] PHI: 1.709e+09
[PRECOND BLOCK NORMS] W: 8.649e+05, THETA: 4.879e+06
[PRECOND TIMING] W-THETA coupled solve: 6 ms (3321 columns)
[PRECOND DEBUG] Output preconditioned ||M⁻¹r|| = 2.864e+10 (α₀=0, ratio=1, α_eff=0)
[PRECOND DEBUG] Ratio ||M⁻¹r|| / ||r|| = 0.9896
[PRECOND DEBUG] Input residual ||r|| = 5.09e+10 (call #970)
[PRECOND BLOCK NORMS] U: 5.029e+10, V: 2.45e+07, MU: 3.011e+08
[PRECOND BLOCK NORMS] PHI: 1.686e+09
[PRECOND BLOCK NORMS] W: 1.543e+06, THETA: 1.086e+07
[PRECOND TIMING] W-THETA coupled solve: 6 ms (3321 columns)
[PRECOND DEBUG] Output preconditioned ||M⁻¹r|| = 5.031e+10 (α₀=0, ratio=1, α_eff=0)
[PRECOND DEBUG] Ratio ||M⁻¹r|| / ||r|| = 0.9884
[PRECOND DEBUG] Input residual ||r|| = 6.592e+10 (call #975)
[PRECOND BLOCK NORMS] U: 6.513e+10, V: 2.376e+07, MU: 3.916e+08
[PRECOND BLOCK NORMS] PHI: 2.193e+09
[PRECOND BLOCK NORMS] W: 2.646e+06, THETA: 9.016e+06
[PRECOND TIMING] W-THETA coupled solve: 6 ms (3321 columns)
[PRECOND DEBUG] Output preconditioned ||M⁻¹r|| = 6.516e+10 (α₀=0, ratio=1, α_eff=0)
[PRECOND DEBUG] Ratio ||M⁻¹r|| / ||r|| = 0.9885
[GMRES] restart=1 j=162: hess_est=0.8415, true_err=0.8414
[GMRES BLOCK r/b] restart=1 j=162 ru=192.6640 rv=180.8742 rw=187.6867 ph=80.5411 t=179.9929 mu=11.5257
[FGMRES] NOT CONVERGED: ||x||=0.0001, ||r_true||=929.5073, ||b||=1039.3312, rel_error=0.8943, tol=0.3000, restarts=1, arnoldi=163 (block-scaled)
[NEWTON] GMRES failed badly (rel_error=0.8943): FGMRES max iterations reached (163 Arnoldi)
SDIRK3_GMRES_ESTIMATE_VS_TRUE stage=3 newton_iter=0 internal_iters=163 final_residual=929.5 rel_error_UNSCALED=0.8943 b_unscaled_derived=1039 note=minimised_norm_is_block_scaled
SDIRK3_GMRES_S_SCALE_RESIDUAL_TELEMETRY_ONLY scaled_rel=0.9604 num=1.999e-05 den=2.082e-05  (TELEMETRY ONLY -- NOT the minimised norm: the internal convergence check uses D_inv block scaling, not S_diag. Ranking configurations by this number inverted the results twice; use error_tensor.)
SDIRK3_GMRES_TRIVIALITY ||x||=0.0001142 ||b||=1039 ratio=1.099e-07
[GMRES BLOCK RESIDUAL] ru=4.719e+02(rel=1.011,share=0.206) rv=4.430e+02(rel=0.955,share=0.182) rw=4.597e+02(rel=0.989,share=0.196) ph=1.973e+02(rel=0.425,share=0.036) t=4.408e+02(rel=0.956,share=0.180) mu=2.823e+01(rel=0.490,share=0.001) 
[Newton] GMRES: 163 krylov iters, ||dK||=6.974e+05, rel_error=0.8943 (FAIL)
[Newton] JVP calls: 164, total JVP time: 9512 ms, avg: 58 ms/call
[SOLVER TELEMETRY] stage=3, newton=0, gmres_iters=163, gmres_rel=0.8943, jvp_calls=164, jvp_ms=9512, warmstart=off, inn_status=no_base_warmstart, inn_reason_code=2, inn_candidate=no, inn_used=no, inn_gate_pass=no, inn_q=0, inn_r_base=0, inn_r_cand=0, inn_x0_base_norm=0, inn_x0_cand_norm=0, inn_x0_delta_norm=0, inn_x0_rel_delta=0, inn_gate_rel_diff=0, inn_gate_non_degrade=no, inn_gate_quality_ok=no, inn_tol_ramped=no, inn_base_warmstart=no, inn_prev_shape_ok=no, inn_prev_quality_ok=no, inn_prev_varpc_ok=no, inn_prev_rel=0, inn_ru_share_base=0, inn_ru_share_cand=0, inn_rw_share_base=0, inn_rw_share_cand=0, inn_ph_share_base=0, inn_ph_share_cand=0, variable_pc=no, jvp_mode=unlocked, jvp_fd_mode=none, jvp_ad_calls=164, jvp_fd_calls=0, jvp_eps_mean=0, jvp_eps_min=0, jvp_eps_max=0, jvp_eps_auto_calls=0, jvp_eps_manual_calls=0, ew_eta_enabled=yes, ew_eta=0.3, ew_eta_updated=no, krylov_tol_final=0.3, krylov_tol_stage_override=no, budget_coupled=yes, budget_eta=0.3, budget_scale=0.85

--- Newton iteration 1 starting ---
[PRECOND] set_stage_state ENTRY: stage=3, mu_pert.defined()=1, mu_pert.dim()=2
[PRECOND] set_stage_state: mu_base_2d.sizes()=[81, 41], mu_pert.sizes()=[81, 41]
[PRECOND] set_stage_state: stage=3, ||mu_pert||/||mu_base||=44.75% -> RECOMPUTE (mu > 5%)
UnifiedPreconditioner: Implicit damping/diffusion enabled:
  - Divergence damping: kdamp=0.2
  - Rayleigh damping: coef=0.2
  - W-damping: alpha=0.3
  IMEX scope gating (mode=3): rayleigh=OFF vdiff=OFF divergence=on
  wdamp: physical_w_direct_diag=0 extra_regularization=OFF
[PRECOND CTOR] STEP A: Damping config done, creating diagonal arrays with nz=64
[PRECOND CTOR] STEP A1: About to create TensorOptions
[PRECOND CTOR] STEP A2: TensorOptions created, calling torch::ones({nz+1})
[PRECOND CTOR] STEP A3: vertical_diag_w_ created
[PRECOND CTOR] STEP B: Diagonal arrays created
[PRECOND CTOR] STEP C: Off-diagonal arrays done, checking dz
[PRECOND CTOR] STEP D: dz_effective computed, caching...
[PRECOND CTOR] STEP E: dz_effective_cached_ done, size=64
[PRECONDITIONER] Raw momentum_coupling = 8.908e+04
[PRECONDITIONER] Per-k momentum_coupling range: 8.908e+04 to 8.908e+04 (scalar avg = 8.908e+04)

[PRECONDITIONER] W-block momentum coupling (from actual grid data):
  μ_representative (from mub.mean()) = 8.908e+04 Pa
  c1f_representative (from c1f.mean()) = 1
  c2f_representative (from c2f.mean()) = 0
  msfty_representative (from msfty.mean()) = 1
  msfty_safe (guarded) = 1
  Coupling factor (c1f*μ+c2f)/msfty = 8.908e+04 (scalar), per-k enabled

[PRECOND DIAG k=1] CONFIG-DRIVEN PRECONDITIONER:
  Config: clamps=ON, damping=0.05, momentum_range=[1e+04, 1e+05]
  Raw physics:
    diag_contribution = 1.664
    momentum_coupling_raw = 8.908e+04
  Scaling:
    diag_contrib / momentum_coupling = 1.868e-05
    dt = 600, gamma = 0.4359, dt*gamma = 261.5
    dt*gamma*contrib_scaled = 0.004885
  Acoustic Schur complement (W↔φ coupling):
    c_s = 340 m/s, dz_w = 263.6 m
    acoustic_cfl = dt*gamma*c_s/dz = 337.3
    acoustic_cfl² = 1.138e+05
    A_phi_diag = 1 + dt*gamma*c_s²/dz² = 436.1
    acoustic_schur = cfl²/A_phi = 260.9
    acoustic_schur_boosted = 521.8 (boost=2x)
  Diagonal:
    1 + direct + acoustic_schur_boosted = 522.8 (pure physics)
    + damping_factor = 522.9 (with 0.05 damping)
    Final diagonal = 522.9
  Preconditioning strength: 1/diagonal = 0.001912x

[PRECOND DIAG k=2] CONFIG-DRIVEN PRECONDITIONER:
  Config: clamps=ON, damping=0.05, momentum_range=[1e+04, 1e+05]
  Raw physics:
    diag_contribution = 1.674
    momentum_coupling_raw = 8.908e+04
  Scaling:
    diag_contrib / momentum_coupling = 1.879e-05
    dt = 600, gamma = 0.4359, dt*gamma = 261.5
    dt*gamma*contrib_scaled = 0.004915
  Acoustic Schur complement (W↔φ coupling):
    c_s = 340 m/s, dz_w = 262.8 m
    acoustic_cfl = dt*gamma*c_s/dz = 338.4
    acoustic_cfl² = 1.145e+05
    A_phi_diag = 1 + dt*gamma*c_s²/dz² = 438.9
    acoustic_schur = cfl²/A_phi = 260.9
    acoustic_schur_boosted = 521.8 (boost=2x)
  Diagonal:
    1 + direct + acoustic_schur_boosted = 522.9 (pure physics)
    + damping_factor = 522.9 (with 0.05 damping)
    Final diagonal = 522.9
  Preconditioning strength: 1/diagonal = 0.001912x

[PRECOND DIAG k=3] CONFIG-DRIVEN PRECONDITIONER:
  Config: clamps=ON, damping=0.05, momentum_range=[1e+04, 1e+05]
  Raw physics:
    diag_contribution = 1.688
    momentum_coupling_raw = 8.908e+04
  Scaling:
    diag_contrib / momentum_coupling = 1.895e-05
    dt = 600, gamma = 0.4359, dt*gamma = 261.5
    dt*gamma*contrib_scaled = 0.004956
  Acoustic Schur complement (W↔φ coupling):
    c_s = 340 m/s, dz_w = 261.7 m
    acoustic_cfl = dt*gamma*c_s/dz = 339.8
    acoustic_cfl² = 1.155e+05
    A_phi_diag = 1 + dt*gamma*c_s²/dz² = 442.5
    acoustic_schur = cfl²/A_phi = 260.9
    acoustic_schur_boosted = 521.9 (boost=2x)
  Diagonal:
    1 + direct + acoustic_schur_boosted = 522.9 (pure physics)
    + damping_factor = 522.9 (with 0.05 damping)
    Final diagonal = 522.9
  Preconditioning strength: 1/diagonal = 0.001912x

[PRECOND DIAG SUMMARY] dt=600 gamma=0.4359 dt*gamma=261.5
  D_w  range: [1, 523.1]
  D_θ  range: [1, 1]
  D_u  range: [1.012, 1.012]
  D_φ  range: [405.9, 532.3]
  D_μ  value: 1.005
SDIRK3_PRECOND_WDAMP_DIAG dt=600 rhs_config_enabled=0 physical_w_direct_diag=0 extra_regularization=0 extra_alpha=0 momentum_coupling_min=8.908e+04 momentum_coupling_max=8.908e+04 legacy_scaled_min=3.368e-06 legacy_scaled_max=3.368e-06 final_wdiag_min=1 final_wdiag_max=523.1 coefficient_generation=4
[SCALING] S[ru] 5.138e+11 -> 2.894e+12 (monotonic, iter 1)
[SCALING] S[rv] 3.744e+07 -> 6.618e+07 (monotonic, iter 1)
[SCALING] S[rw] 5.446e+07 -> 8.822e+07 (monotonic, iter 1)
[SCALING] S[t] 3.213e+07 -> 5.464e+07 (monotonic, iter 1)
[Newton] iter 1: ||S⁻¹R||_rms=9.1277e-01 [scaled-RMS], ||R||=1.3503e+15 [unscaled-L2], tol=2.0000e-01
[EISENSTAT-WALKER] Newton iter 1
  ||R_k|| = 0.9128
  ||R_{k-1}|| = 0.9999
  Residual ratio = 0.9129
  gamma=0.9, alpha=1.5
  Adaptive eta_k = 0.3 (range: 0.02 to 0.3)
[BLOCK_RES] iter=1 ru=1.94e+09 rv=3.54e+07 rw=2.21e+09 ph=1.75e+06 t=1.17e+08 mu=1.41e+07 max=2.21e+09 ru_share=1.000
[Newton] JVP method: FORWARD-MODE AD (compute_jvp_forward_mode)
[Newton] JVP ready for GMRES (use_autograd=true)
[COUPLED DIAG 4x4] S_phi_phi/D_phi ratio: min=0.9962, max=1, mean=0.9999 (alpha_phi range: [1.562, 1.562]), max_dev=0.003849, bad_levels(>0.1)=0/64 (phi-feedback OK)
[PRECOND DEBUG] Input residual ||r|| = 1.863e+15 (call #980)
[PRECOND BLOCK NORMS] U: 1.844e+15, V: 5.351e+11, MU: 2.251e+12
[PRECOND BLOCK NORMS] PHI: 2.081e+14
[PRECOND BLOCK NORMS] W: 3.908e+09, THETA: 3.999e+10
[PRECOND TIMING] W-THETA coupled solve: 6 ms (3321 columns)
[PRECOND DEBUG] Output preconditioned ||M⁻¹r|| = 1.856e+15 (α₀=0, ratio=0.9129, α_eff=0)
[PRECOND DEBUG] Ratio ||M⁻¹r|| / ||r|| = 0.9964
[GMRES BLOCK-SCALE] ru: ||r0||=1.591e+06 → D_inv=6.285e-07
[GMRES BLOCK-SCALE] rv: ||r0||=1.961e+05 → D_inv=5.1e-06
[GMRES BLOCK-SCALE] rw: ||r0||=1.057e+06 → D_inv=9.459e-07
[GMRES BLOCK-SCALE] ph: ||r0||=584.6 → D_inv=0.00171
[GMRES BLOCK-SCALE] t: ||r0||=1.116e+06 → D_inv=8.96e-07
[GMRES BLOCK-SCALE] mu: ||r0||=27.59 → D_inv=0.03625
[FGMRES] Z-basis memory budget: restart=4 x numel=1080491 => ~16.49 MiB per cycle
[GMRES REORTH] j=1 before=1.601e+05 after1=1.667e+04 after2=1.667e+04 ratio=0.1041
[GMRES REORTH] j=2 before=2.703e+05 after1=2.141e+04 after2=2.141e+04 ratio=0.07922
[GMRES] restart=1 j=3: hess_est=2.2611, true_err=2.2611
[GMRES BLOCK r/b] restart=1 j=3 ru=1463571.2500 rv=181181.8594 rw=976946.6250 ph=539.2648 t=1031289.6875 mu=25.4927
[FGMRES] NOT CONVERGED: ||x||=0.0001, ||r_true||=2215918.7500, ||b||=948.7985, rel_error=2335.5000, tol=0.0000, restarts=1, arnoldi=4 (block-scaled)
[GMRES BLOCK-SCALE] ru: ||r0||=1.591e+06 → D_inv=6.285e-07
[GMRES BLOCK-SCALE] rv: ||r0||=1.961e+05 → D_inv=5.1e-06
[GMRES BLOCK-SCALE] rw: ||r0||=1.057e+06 → D_inv=9.459e-07
[GMRES BLOCK-SCALE] ph: ||r0||=584.6 → D_inv=0.00171
[GMRES BLOCK-SCALE] t: ||r0||=1.116e+06 → D_inv=8.96e-07
[GMRES BLOCK-SCALE] mu: ||r0||=27.59 → D_inv=0.03625
[FGMRES] Z-basis memory budget: restart=4 x numel=1080491 => ~16.49 MiB per cycle
[GMRES REORTH] j=1 before=6.193e+05 after1=3.132e+05 after2=3.132e+05 ratio=0.5058
[GMRES] restart=1 j=3: hess_est=1.6407, true_err=1.6407
[GMRES BLOCK r/b] restart=1 j=3 ru=469684.9062 rv=59713.8398 rw=892737.0000 ph=555.3223 t=941074.5625 mu=11.8924
[FGMRES] NOT CONVERGED: ||x||=0.0001, ||r_true||=1494337.0000, ||b||=948.7985, rel_error=1574.9783, tol=0.0000, restarts=1, arnoldi=4 (block-scaled)
[GMRES BLOCK-SCALE] ru: ||r0||=1.591e+06 → D_inv=6.285e-07
[GMRES BLOCK-SCALE] rv: ||r0||=1.961e+05 → D_inv=5.1e-06
[GMRES BLOCK-SCALE] rw: ||r0||=1.057e+06 → D_inv=9.459e-07
[GMRES BLOCK-SCALE] ph: ||r0||=584.6 → D_inv=0.00171
[GMRES BLOCK-SCALE] t: ||r0||=1.116e+06 → D_inv=8.96e-07
[GMRES BLOCK-SCALE] mu: ||r0||=27.59 → D_inv=0.03625
[FGMRES] Z-basis memory budget: restart=4 x numel=1080491 => ~16.49 MiB per cycle
[PRECOND DEBUG] Input residual ||r|| = 1.181e+12 (call #985)
[PRECOND BLOCK NORMS] U: 1.167e+12, V: 4.912e+07, MU: 5.14e+07
[PRECOND BLOCK NORMS] PHI: 1.741e+10
[PRECOND BLOCK NORMS] W: 5.926e+05, THETA: 2.231e+07
[PRECOND TIMING] W-THETA coupled solve: 6 ms (3321 columns)
[PRECOND DEBUG] Output preconditioned ||M⁻¹r|| = 1.167e+12 (α₀=0, ratio=0.9129, α_eff=0)
[PRECOND DEBUG] Ratio ||M⁻¹r|| / ||r|| = 0.9882
[GMRES REORTH] j=1 before=6.193e+05 after1=3.132e+05 after2=3.132e+05 ratio=0.5058
[GMRES] restart=1 j=3: hess_est=1.6407, true_err=1.6407
[GMRES BLOCK r/b] restart=1 j=3 ru=469672.0312 rv=59716.0078 rw=892736.8750 ph=555.3224 t=941074.4375 mu=11.8925
[FGMRES] NOT CONVERGED: ||x||=0.0001, ||r_true||=1494332.1250, ||b||=948.7985, rel_error=1574.9731, tol=0.0000, restarts=1, arnoldi=4 (block-scaled)
[GMRES BLOCK-SCALE] ru: ||r0||=1.591e+06 → D_inv=6.285e-07
[GMRES BLOCK-SCALE] rv: ||r0||=1.961e+05 → D_inv=5.1e-06
[GMRES BLOCK-SCALE] rw: ||r0||=1.057e+06 → D_inv=9.459e-07
[GMRES BLOCK-SCALE] ph: ||r0||=584.6 → D_inv=0.00171
[GMRES BLOCK-SCALE] t: ||r0||=1.116e+06 → D_inv=8.96e-07
[GMRES BLOCK-SCALE] mu: ||r0||=27.59 → D_inv=0.03625
[FGMRES] Z-basis memory budget: restart=8 x numel=1080491 => ~32.97 MiB per cycle
[PRECOND DEBUG] Input residual ||r|| = 3.983e+10 (call #990)
[PRECOND BLOCK NORMS] U: 3.935e+10, V: 1.007e+06, MU: 2.07e+06
[PRECOND BLOCK NORMS] PHI: 4.146e+08
[PRECOND BLOCK NORMS] W: 1.209e+04, THETA: 4.552e+05
[PRECOND TIMING] W-THETA coupled solve: 6 ms (3321 columns)
[PRECOND DEBUG] Output preconditioned ||M⁻¹r|| = 3.935e+10 (α₀=0, ratio=0.9129, α_eff=0)
[PRECOND DEBUG] Ratio ||M⁻¹r|| / ||r|| = 0.988
[GMRES REORTH] j=1 before=1.601e+05 after1=1.667e+04 after2=1.667e+04 ratio=0.1041
[GMRES REORTH] j=2 before=2.703e+05 after1=2.141e+04 after2=2.141e+04 ratio=0.07922
[PRECOND DEBUG] Input residual ||r|| = 3.1e+10 (call #995)
[PRECOND BLOCK NORMS] U: 3.062e+10, V: 8.983e+05, MU: 1.014e+06
[PRECOND BLOCK NORMS] PHI: 3.315e+08
[PRECOND BLOCK NORMS] W: 1.106e+04, THETA: 4.158e+05
[PRECOND TIMING] W-THETA coupled solve: 6 ms (3321 columns)
[PRECOND DEBUG] Output preconditioned ||M⁻¹r|| = 3.062e+10 (α₀=0, ratio=0.9129, α_eff=0)
[PRECOND DEBUG] Ratio ||M⁻¹r|| / ||r|| = 0.988
[GMRES] restart=1 j=7: hess_est=2.2597, true_err=2.2597
[GMRES BLOCK r/b] restart=1 j=7 ru=1463602.8750 rv=180888.3906 rw=976946.3750 ph=538.2806 t=1031275.1875 mu=25.4906
[FGMRES] NOT CONVERGED: ||x||=0.0001, ||r_true||=2215907.0000, ||b||=948.7985, rel_error=2335.4875, tol=0.0000, restarts=1, arnoldi=8 (block-scaled)
SDIRK3_FROZEN_AB_BLOCKS stage=3 arm=M j=8 ru_rho0=3410 ru_rho=3394 rv_rho0=422.7 rv_rho=422 rw_rho0=2275 rw_rho=2275 ph_rho0=2.985 ph_rho=2.974 t_rho0=2421 t_rho=2421 mu_rho0=0.9718 mu_rho=0.9717
[GMRES BLOCK-SCALE] ru: ||r0||=1.591e+06 → D_inv=6.285e-07
[GMRES BLOCK-SCALE] rv: ||r0||=1.961e+05 → D_inv=5.1e-06
[GMRES BLOCK-SCALE] rw: ||r0||=1.057e+06 → D_inv=9.459e-07
[GMRES BLOCK-SCALE] ph: ||r0||=584.6 → D_inv=0.00171
[GMRES BLOCK-SCALE] t: ||r0||=1.116e+06 → D_inv=8.96e-07
[GMRES BLOCK-SCALE] mu: ||r0||=27.59 → D_inv=0.03625
[FGMRES] Z-basis memory budget: restart=8 x numel=1080491 => ~32.97 MiB per cycle
[GMRES REORTH] j=1 before=6.193e+05 after1=3.132e+05 after2=3.132e+05 ratio=0.5058
[GMRES] restart=1 j=7: hess_est=1.3857, true_err=1.3857
[GMRES BLOCK r/b] restart=1 j=7 ru=454064.1562 rv=56428.2891 rw=641925.4375 ph=427.1468 t=672105.0000 mu=19.3293
[FGMRES] NOT CONVERGED: ||x||=0.0001, ||r_true||=1121062.5000, ||b||=948.7985, rel_error=1181.5602, tol=0.0000, restarts=1, arnoldi=8 (block-scaled)
SDIRK3_FROZEN_AB_BLOCKS stage=3 arm=I j=8 ru_rho0=3410 ru_rho=1053 rv_rho0=422.7 rv_rho=131.6 rw_rho0=2275 rw_rho=1495 ph_rho0=2.985 ph_rho=2.36 t_rho0=2421 t_rho=1578 mu_rho0=0.9718 mu_rho=0.7368
[GMRES BLOCK-SCALE] ru: ||r0||=1.591e+06 → D_inv=6.285e-07
[GMRES BLOCK-SCALE] rv: ||r0||=1.961e+05 → D_inv=5.1e-06
[GMRES BLOCK-SCALE] rw: ||r0||=1.057e+06 → D_inv=9.459e-07
[GMRES BLOCK-SCALE] ph: ||r0||=584.6 → D_inv=0.00171
[GMRES BLOCK-SCALE] t: ||r0||=1.116e+06 → D_inv=8.96e-07
[GMRES BLOCK-SCALE] mu: ||r0||=27.59 → D_inv=0.03625
[FGMRES] Z-basis memory budget: restart=8 x numel=1080491 => ~32.97 MiB per cycle
[GMRES REORTH] j=1 before=6.193e+05 after1=3.132e+05 after2=3.132e+05 ratio=0.5058
[PRECOND DEBUG] Input residual ||r|| = 6.332e+11 (call #1000)
[PRECOND BLOCK NORMS] U: 6.256e+11, V: 1.003e+07, MU: 4.359e+07
[PRECOND BLOCK NORMS] PHI: 5.7e+09
[PRECOND BLOCK NORMS] W: 6.068e+04, THETA: 2.823e+06
[PRECOND TIMING] W-THETA coupled solve: 6 ms (3321 columns)
[PRECOND DEBUG] Output preconditioned ||M⁻¹r|| = 6.256e+11 (α₀=0, ratio=0.9129, α_eff=0)
[PRECOND DEBUG] Ratio ||M⁻¹r|| / ||r|| = 0.9881
[GMRES] restart=1 j=7: hess_est=1.3857, true_err=1.3857
[GMRES BLOCK r/b] restart=1 j=7 ru=454059.1250 rv=56429.1211 rw=641924.5625 ph=427.1471 t=672104.0625 mu=19.3294
[FGMRES] NOT CONVERGED: ||x||=0.0001, ||r_true||=1121058.8750, ||b||=948.7985, rel_error=1181.5564, tol=0.0000, restarts=1, arnoldi=8 (block-scaled)
SDIRK3_FROZEN_AB_BLOCKS stage=3 arm=Msel j=8 ru_rho0=3410 ru_rho=1053 rv_rho0=422.7 rv_rho=131.6 rw_rho0=2275 rw_rho=1495 ph_rho0=2.985 ph_rho=2.36 t_rho0=2421 t_rho=1578 mu_rho0=0.9718 mu_rho=0.7368
[GMRES BLOCK-SCALE] ru: ||r0||=1.591e+06 → D_inv=6.285e-07
[GMRES BLOCK-SCALE] rv: ||r0||=1.961e+05 → D_inv=5.1e-06
[GMRES BLOCK-SCALE] rw: ||r0||=1.057e+06 → D_inv=9.459e-07
[GMRES BLOCK-SCALE] ph: ||r0||=584.6 → D_inv=0.00171
[GMRES BLOCK-SCALE] t: ||r0||=1.116e+06 → D_inv=8.96e-07
[GMRES BLOCK-SCALE] mu: ||r0||=27.59 → D_inv=0.03625
[FGMRES] Z-basis memory budget: restart=16 x numel=1080491 => ~65.95 MiB per cycle
[PRECOND DEBUG] Input residual ||r|| = 1.181e+12 (call #1005)
[PRECOND BLOCK NORMS] U: 1.167e+12, V: 4.912e+07, MU: 5.14e+07
[PRECOND BLOCK NORMS] PHI: 1.741e+10
[PRECOND BLOCK NORMS] W: 5.926e+05, THETA: 2.231e+07
[PRECOND TIMING] W-THETA coupled solve: 6 ms (3321 columns)
[PRECOND DEBUG] Output preconditioned ||M⁻¹r|| = 1.167e+12 (α₀=0, ratio=0.9129, α_eff=0)
[PRECOND DEBUG] Ratio ||M⁻¹r|| / ||r|| = 0.9882
[GMRES REORTH] j=1 before=1.601e+05 after1=1.667e+04 after2=1.667e+04 ratio=0.1041
[GMRES REORTH] j=2 before=2.703e+05 after1=2.141e+04 after2=2.141e+04 ratio=0.07922
[PRECOND DEBUG] Input residual ||r|| = 5.029e+10 (call #1010)
[PRECOND BLOCK NORMS] U: 4.969e+10, V: 1.059e+06, MU: 1.885e+06
[PRECOND BLOCK NORMS] PHI: 4.382e+08
[PRECOND BLOCK NORMS] W: 1.266e+04, THETA: 4.764e+05
[PRECOND TIMING] W-THETA coupled solve: 6 ms (3321 columns)
[PRECOND DEBUG] Output preconditioned ||M⁻¹r|| = 4.969e+10 (α₀=0, ratio=0.9129, α_eff=0)
[PRECOND DEBUG] Ratio ||M⁻¹r|| / ||r|| = 0.9881
[PRECOND DEBUG] Input residual ||r|| = 1.881e+10 (call #1015)
[PRECOND BLOCK NORMS] U: 1.858e+10, V: 3.565e+06, MU: 1.237e+06
[PRECOND BLOCK NORMS] PHI: 2.225e+08
[PRECOND BLOCK NORMS] W: 6729, THETA: 2.587e+05
[PRECOND TIMING] W-THETA coupled solve: 6 ms (3321 columns)
[PRECOND DEBUG] Output preconditioned ||M⁻¹r|| = 1.858e+10 (α₀=0, ratio=0.9129, α_eff=0)
[PRECOND DEBUG] Ratio ||M⁻¹r|| / ||r|| = 0.9878
[PRECOND DEBUG] Input residual ||r|| = 8.311e+10 (call #1020)
[PRECOND BLOCK NORMS] U: 8.211e+10, V: 1.931e+07, MU: 3.61e+06
[PRECOND BLOCK NORMS] PHI: 1.228e+09
[PRECOND BLOCK NORMS] W: 2.857e+04, THETA: 1.184e+06
[PRECOND TIMING] W-THETA coupled solve: 6 ms (3321 columns)
[PRECOND DEBUG] Output preconditioned ||M⁻¹r|| = 8.212e+10 (α₀=0, ratio=0.9129, α_eff=0)
[PRECOND DEBUG] Ratio ||M⁻¹r|| / ||r|| = 0.9881
[GMRES] restart=1 j=15: hess_est=2.2509, true_err=2.2509
[GMRES BLOCK r/b] restart=1 j=15 ru=1463625.5000 rv=173559.8594 rw=976946.3750 ph=547.4178 t=1030580.3750 mu=25.4886
[FGMRES] NOT CONVERGED: ||x||=0.0001, ||r_true||=2214859.0000, ||b||=948.7985, rel_error=2334.3831, tol=0.0000, restarts=1, arnoldi=16 (block-scaled)
[GMRES BLOCK-SCALE] ru: ||r0||=1.591e+06 → D_inv=6.285e-07
[GMRES BLOCK-SCALE] rv: ||r0||=1.961e+05 → D_inv=5.1e-06
[GMRES BLOCK-SCALE] rw: ||r0||=1.057e+06 → D_inv=9.459e-07
[GMRES BLOCK-SCALE] ph: ||r0||=584.6 → D_inv=0.00171
[GMRES BLOCK-SCALE] t: ||r0||=1.116e+06 → D_inv=8.96e-07
[GMRES BLOCK-SCALE] mu: ||r0||=27.59 → D_inv=0.03625
[FGMRES] Z-basis memory budget: restart=16 x numel=1080491 => ~65.95 MiB per cycle
[GMRES REORTH] j=1 before=6.193e+05 after1=3.132e+05 after2=3.132e+05 ratio=0.5058
[GMRES] restart=1 j=15: hess_est=0.9907, true_err=0.9907
[GMRES BLOCK r/b] restart=1 j=15 ru=398962.3750 rv=52748.6836 rw=303122.8438 ph=382.9181 t=303385.0000 mu=14.0965
[FGMRES] NOT CONVERGED: ||x||=0.0001, ||r_true||=636445.6250, ||b||=948.7985, rel_error=670.7911, tol=0.0000, restarts=1, arnoldi=16 (block-scaled)
[GMRES BLOCK-SCALE] ru: ||r0||=1.591e+06 → D_inv=6.285e-07
[GMRES BLOCK-SCALE] rv: ||r0||=1.961e+05 → D_inv=5.1e-06
[GMRES BLOCK-SCALE] rw: ||r0||=1.057e+06 → D_inv=9.459e-07
[GMRES BLOCK-SCALE] ph: ||r0||=584.6 → D_inv=0.00171
[GMRES BLOCK-SCALE] t: ||r0||=1.116e+06 → D_inv=8.96e-07
[GMRES BLOCK-SCALE] mu: ||r0||=27.59 → D_inv=0.03625
[FGMRES] Z-basis memory budget: restart=16 x numel=1080491 => ~65.95 MiB per cycle
[GMRES REORTH] j=1 before=6.193e+05 after1=3.132e+05 after2=3.132e+05 ratio=0.5058
[PRECOND DEBUG] Input residual ||r|| = 7.997e+11 (call #1025)
[PRECOND BLOCK NORMS] U: 7.901e+11, V: 2.556e+07, MU: 4.268e+07
[PRECOND BLOCK NORMS] PHI: 1.026e+10
[PRECOND BLOCK NORMS] W: 2.05e+05, THETA: 7.582e+06
[PRECOND TIMING] W-THETA coupled solve: 5 ms (3321 columns)
[PRECOND DEBUG] Output preconditioned ||M⁻¹r|| = 7.902e+11 (α₀=0, ratio=0.9129, α_eff=0)
[PRECOND DEBUG] Ratio ||M⁻¹r|| / ||r|| = 0.9881
[PRECOND DEBUG] Input residual ||r|| = 5.399e+11 (call #1030)
[PRECOND BLOCK NORMS] U: 5.335e+11, V: 2.065e+07, MU: 1.939e+07
[PRECOND BLOCK NORMS] PHI: 7.44e+09
[PRECOND BLOCK NORMS] W: 1.394e+05, THETA: 5.142e+06
[PRECOND TIMING] W-THETA coupled solve: 6 ms (3321 columns)
[PRECOND DEBUG] Output preconditioned ||M⁻¹r|| = 5.335e+11 (α₀=0, ratio=0.9129, α_eff=0)
[PRECOND DEBUG] Ratio ||M⁻¹r|| / ||r|| = 0.9881
[PRECOND DEBUG] Input residual ||r|| = 2.162e+11 (call #1035)
[PRECOND BLOCK NORMS] U: 2.135e+11, V: 7.61e+06, MU: 4.786e+06
[PRECOND BLOCK NORMS] PHI: 2.485e+09
[PRECOND BLOCK NORMS] W: 4.18e+04, THETA: 2.087e+06
[PRECOND TIMING] W-THETA coupled solve: 6 ms (3321 columns)
[PRECOND DEBUG] Output preconditioned ||M⁻¹r|| = 2.136e+11 (α₀=0, ratio=0.9129, α_eff=0)
[PRECOND DEBUG] Ratio ||M⁻¹r|| / ||r|| = 0.988
[GMRES] restart=1 j=15: hess_est=0.9907, true_err=0.9907
[GMRES BLOCK r/b] restart=1 j=15 ru=398955.1250 rv=52749.4961 rw=303122.1250 ph=382.9183 t=303384.3125 mu=14.0965
[FGMRES] NOT CONVERGED: ||x||=0.0001, ||r_true||=636439.6250, ||b||=948.7985, rel_error=670.7849, tol=0.0000, restarts=1, arnoldi=16 (block-scaled)
[GMRES BLOCK-SCALE] ru: ||r0||=1.591e+06 → D_inv=6.285e-07
[GMRES BLOCK-SCALE] rv: ||r0||=1.961e+05 → D_inv=5.1e-06
[GMRES BLOCK-SCALE] rw: ||r0||=1.057e+06 → D_inv=9.459e-07
[GMRES BLOCK-SCALE] ph: ||r0||=584.6 → D_inv=0.00171
[GMRES BLOCK-SCALE] t: ||r0||=1.116e+06 → D_inv=8.96e-07
[GMRES BLOCK-SCALE] mu: ||r0||=27.59 → D_inv=0.03625
[FGMRES] Z-basis memory budget: restart=32 x numel=1080491 => ~131.9 MiB per cycle
[GMRES REORTH] j=1 before=1.601e+05 after1=1.667e+04 after2=1.667e+04 ratio=0.1041
[GMRES REORTH] j=2 before=2.703e+05 after1=2.141e+04 after2=2.141e+04 ratio=0.07922
[PRECOND DEBUG] Input residual ||r|| = 1.367e+11 (call #1040)
[PRECOND BLOCK NORMS] U: 1.351e+11, V: 8.706e+05, MU: 4.021e+06
[PRECOND BLOCK NORMS] PHI: 7.044e+08
[PRECOND BLOCK NORMS] W: 1.045e+04, THETA: 3.935e+05
[PRECOND TIMING] W-THETA coupled solve: 6 ms (3321 columns)
[PRECOND DEBUG] Output preconditioned ||M⁻¹r|| = 1.351e+11 (α₀=0, ratio=0.9129, α_eff=0)
[PRECOND DEBUG] Ratio ||M⁻¹r|| / ||r|| = 0.9881
[PRECOND DEBUG] Input residual ||r|| = 2.762e+10 (call #1045)
[PRECOND BLOCK NORMS] U: 2.728e+10, V: 2.818e+06, MU: 1.185e+06
[PRECOND BLOCK NORMS] PHI: 3.421e+08
[PRECOND BLOCK NORMS] W: 1.093e+04, THETA: 4.15e+05
[PRECOND TIMING] W-THETA coupled solve: 6 ms (3321 columns)
[PRECOND DEBUG] Output preconditioned ||M⁻¹r|| = 2.728e+10 (α₀=0, ratio=0.9129, α_eff=0)
[PRECOND DEBUG] Ratio ||M⁻¹r|| / ||r|| = 0.988
[PRECOND DEBUG] Input residual ||r|| = 3.21e+10 (call #1050)
[PRECOND BLOCK NORMS] U: 3.172e+10, V: 3.676e+06, MU: 1.354e+06
[PRECOND BLOCK NORMS] PHI: 4.586e+08
[PRECOND BLOCK NORMS] W: 1.326e+04, THETA: 5.166e+05
[PRECOND TIMING] W-THETA coupled solve: 6 ms (3321 columns)
[PRECOND DEBUG] Output preconditioned ||M⁻¹r|| = 3.172e+10 (α₀=0, ratio=0.9129, α_eff=0)
[PRECOND DEBUG] Ratio ||M⁻¹r|| / ||r|| = 0.9881
[PRECOND DEBUG] Input residual ||r|| = 1.913e+11 (call #1055)
[PRECOND BLOCK NORMS] U: 1.89e+11, V: 5.271e+07, MU: 8.378e+06
[PRECOND BLOCK NORMS] PHI: 2.849e+09
[PRECOND BLOCK NORMS] W: 1.005e+05, THETA: 3.748e+06
[PRECOND TIMING] W-THETA coupled solve: 6 ms (3321 columns)
[PRECOND DEBUG] Output preconditioned ||M⁻¹r|| = 1.89e+11 (α₀=0, ratio=0.9129, α_eff=0)
[PRECOND DEBUG] Ratio ||M⁻¹r|| / ||r|| = 0.9882
[PRECOND DEBUG] Input residual ||r|| = 1.003e+11 (call #1060)
[PRECOND BLOCK NORMS] U: 9.906e+10, V: 3.103e+07, MU: 4.225e+06
[PRECOND BLOCK NORMS] PHI: 1.457e+09
[PRECOND BLOCK NORMS] W: 6.519e+04, THETA: 2.205e+06
[PRECOND TIMING] W-THETA coupled solve: 12 ms (3321 columns)
[PRECOND DEBUG] Output preconditioned ||M⁻¹r|| = 9.907e+10 (α₀=0, ratio=0.9129, α_eff=0)
[PRECOND DEBUG] Ratio ||M⁻¹r|| / ||r|| = 0.9882
[PRECOND DEBUG] Input residual ||r|| = 1.455e+11 (call #1065)
[PRECOND BLOCK NORMS] U: 1.437e+11, V: 4.578e+07, MU: 2.933e+06
[PRECOND BLOCK NORMS] PHI: 6.142e+08
[PRECOND BLOCK NORMS] W: 2.764e+05, THETA: 8.73e+06
[PRECOND TIMING] W-THETA coupled solve: 7 ms (3321 columns)
[PRECOND DEBUG] Output preconditioned ||M⁻¹r|| = 1.437e+11 (α₀=0, ratio=0.9129, α_eff=0)
[PRECOND DEBUG] Ratio ||M⁻¹r|| / ||r|| = 0.9881
[GMRES] restart=1 j=31: hess_est=2.0360, true_err=2.0360
[GMRES BLOCK r/b] restart=1 j=31 ru=1452527.0000 rv=112718.8672 rw=977001.8125 ph=599.8008 t=524988.9375 mu=25.4891
[FGMRES] NOT CONVERGED: ||x||=0.0010, ||r_true||=1981506.6250, ||b||=948.7985, rel_error=2088.4377, tol=0.0000, restarts=1, arnoldi=32 (block-scaled)
[GMRES BLOCK-SCALE] ru: ||r0||=1.591e+06 → D_inv=6.285e-07
[GMRES BLOCK-SCALE] rv: ||r0||=1.961e+05 → D_inv=5.1e-06
[GMRES BLOCK-SCALE] rw: ||r0||=1.057e+06 → D_inv=9.459e-07
[GMRES BLOCK-SCALE] ph: ||r0||=584.6 → D_inv=0.00171
[GMRES BLOCK-SCALE] t: ||r0||=1.116e+06 → D_inv=8.96e-07
[GMRES BLOCK-SCALE] mu: ||r0||=27.59 → D_inv=0.03625
[FGMRES] Z-basis memory budget: restart=32 x numel=1080491 => ~131.9 MiB per cycle
[GMRES REORTH] j=1 before=6.193e+05 after1=3.132e+05 after2=3.132e+05 ratio=0.5058
[GMRES] restart=1 j=31: hess_est=0.7807, true_err=0.7807
[GMRES BLOCK r/b] restart=1 j=31 ru=298778.1562 rv=40761.7578 rw=233668.9531 ph=330.3733 t=229868.9844 mu=9.5756
[FGMRES] NOT CONVERGED: ||x||=0.0001, ||r_true||=481989.6875, ||b||=948.7985, rel_error=508.0001, tol=0.0000, restarts=1, arnoldi=32 (block-scaled)
[GMRES BLOCK-SCALE] ru: ||r0||=1.591e+06 → D_inv=6.285e-07
[GMRES BLOCK-SCALE] rv: ||r0||=1.961e+05 → D_inv=5.1e-06
[GMRES BLOCK-SCALE] rw: ||r0||=1.057e+06 → D_inv=9.459e-07
[GMRES BLOCK-SCALE] ph: ||r0||=584.6 → D_inv=0.00171
[GMRES BLOCK-SCALE] t: ||r0||=1.116e+06 → D_inv=8.96e-07
[GMRES BLOCK-SCALE] mu: ||r0||=27.59 → D_inv=0.03625
[FGMRES] Z-basis memory budget: restart=32 x numel=1080491 => ~131.9 MiB per cycle
[PRECOND DEBUG] Input residual ||r|| = 6.347e+11 (call #1070)
[PRECOND BLOCK NORMS] U: 6.271e+11, V: 2.428e+07, MU: 3.056e+07
[PRECOND BLOCK NORMS] PHI: 8.753e+09
[PRECOND BLOCK NORMS] W: 4.854e+05, THETA: 1.829e+07
[PRECOND TIMING] W-THETA coupled solve: 6 ms (3321 columns)
[PRECOND DEBUG] Output preconditioned ||M⁻¹r|| = 6.271e+11 (α₀=0, ratio=0.9129, α_eff=0)
[PRECOND DEBUG] Ratio ||M⁻¹r|| / ||r|| = 0.9881
[GMRES REORTH] j=1 before=6.193e+05 after1=3.132e+05 after2=3.132e+05 ratio=0.5058
[PRECOND DEBUG] Input residual ||r|| = 5.767e+11 (call #1075)
[PRECOND BLOCK NORMS] U: 5.698e+11, V: 1.979e+07, MU: 3.208e+07
[PRECOND BLOCK NORMS] PHI: 7.639e+09
[PRECOND BLOCK NORMS] W: 1.527e+05, THETA: 5.579e+06
[PRECOND TIMING] W-THETA coupled solve: 6 ms (3321 columns)
[PRECOND DEBUG] Output preconditioned ||M⁻¹r|| = 5.698e+11 (α₀=0, ratio=0.9129, α_eff=0)
[PRECOND DEBUG] Ratio ||M⁻¹r|| / ||r|| = 0.9881
[PRECOND DEBUG] Input residual ||r|| = 2.9e+11 (call #1080)
[PRECOND BLOCK NORMS] U: 2.865e+11, V: 2.361e+07, MU: 1.623e+07
[PRECOND BLOCK NORMS] PHI: 8.242e+09
[PRECOND BLOCK NORMS] W: 1.679e+05, THETA: 6.442e+06
[PRECOND TIMING] W-THETA coupled solve: 6 ms (3321 columns)
[PRECOND DEBUG] Output preconditioned ||M⁻¹r|| = 2.866e+11 (α₀=0, ratio=0.9129, α_eff=0)
[PRECOND DEBUG] Ratio ||M⁻¹r|| / ||r|| = 0.9884
[PRECOND DEBUG] Input residual ||r|| = 3.364e+11 (call #1085)
[PRECOND BLOCK NORMS] U: 3.324e+11, V: 3.393e+07, MU: 1.951e+07
[PRECOND BLOCK NORMS] PHI: 1.296e+10
[PRECOND BLOCK NORMS] W: 6.963e+04, THETA: 3.15e+06
[PRECOND TIMING] W-THETA coupled solve: 6 ms (3321 columns)
[PRECOND DEBUG] Output preconditioned ||M⁻¹r|| = 3.327e+11 (α₀=0, ratio=0.9129, α_eff=0)
[PRECOND DEBUG] Ratio ||M⁻¹r|| / ||r|| = 0.9888
[PRECOND DEBUG] Input residual ||r|| = 2.139e+11 (call #1090)
[PRECOND BLOCK NORMS] U: 2.113e+11, V: 2.715e+07, MU: 5.547e+06
[PRECOND BLOCK NORMS] PHI: 9.882e+09
[PRECOND BLOCK NORMS] W: 4.549e+04, THETA: 2.206e+06
[PRECOND TIMING] W-THETA coupled solve: 5 ms (3321 columns)
[PRECOND DEBUG] Output preconditioned ||M⁻¹r|| = 2.116e+11 (α₀=0, ratio=0.9129, α_eff=0)
[PRECOND DEBUG] Ratio ||M⁻¹r|| / ||r|| = 0.989
[PRECOND DEBUG] Input residual ||r|| = 4.707e+11 (call #1095)
[PRECOND BLOCK NORMS] U: 4.651e+11, V: 1.513e+07, MU: 2.074e+07
[PRECOND BLOCK NORMS] PHI: 5.52e+09
[PRECOND BLOCK NORMS] W: 6.724e+04, THETA: 3.621e+06
[PRECOND TIMING] W-THETA coupled solve: 6 ms (3321 columns)
[PRECOND DEBUG] Output preconditioned ||M⁻¹r|| = 4.651e+11 (α₀=0, ratio=0.9129, α_eff=0)
[PRECOND DEBUG] Ratio ||M⁻¹r|| / ||r|| = 0.9881
[PRECOND DEBUG] Input residual ||r|| = 6.025e+11 (call #1100)
[PRECOND BLOCK NORMS] U: 5.952e+11, V: 2.338e+07, MU: 1.717e+07
[PRECOND BLOCK NORMS] PHI: 8.503e+09
[PRECOND BLOCK NORMS] W: 9.624e+04, THETA: 4.809e+06
[PRECOND TIMING] W-THETA coupled solve: 5 ms (3321 columns)
[PRECOND DEBUG] Output preconditioned ||M⁻¹r|| = 5.953e+11 (α₀=0, ratio=0.9129, α_eff=0)
[PRECOND DEBUG] Ratio ||M⁻¹r|| / ||r|| = 0.9881
[GMRES] restart=1 j=31: hess_est=0.7807, true_err=0.7807
[GMRES BLOCK r/b] restart=1 j=31 ru=298771.6875 rv=40762.2070 rw=233666.1562 ph=330.3745 t=229866.2031 mu=9.5756
[FGMRES] NOT CONVERGED: ||x||=0.0001, ||r_true||=481981.8438, ||b||=948.7985, rel_error=507.9918, tol=0.0000, restarts=1, arnoldi=32 (block-scaled)
[GMRES BLOCK-SCALE] ru: ||r0||=1.591e+06 → D_inv=6.285e-07
[GMRES BLOCK-SCALE] rv: ||r0||=1.961e+05 → D_inv=5.1e-06
[GMRES BLOCK-SCALE] rw: ||r0||=1.057e+06 → D_inv=9.459e-07
[GMRES BLOCK-SCALE] ph: ||r0||=584.6 → D_inv=0.00171
[GMRES BLOCK-SCALE] t: ||r0||=1.116e+06 → D_inv=8.96e-07
[GMRES BLOCK-SCALE] mu: ||r0||=27.59 → D_inv=0.03625
[FGMRES] Z-basis memory budget: restart=48 x numel=1080491 => ~197.8 MiB per cycle
[GMRES REORTH] j=1 before=1.601e+05 after1=1.667e+04 after2=1.667e+04 ratio=0.1041
[GMRES REORTH] j=2 before=2.703e+05 after1=2.141e+04 after2=2.141e+04 ratio=0.07922
[PRECOND DEBUG] Input residual ||r|| = 4.206e+10 (call #1105)
[PRECOND BLOCK NORMS] U: 4.155e+10, V: 1.07e+06, MU: 1.818e+06
[PRECOND BLOCK NORMS] PHI: 4.221e+08
[PRECOND BLOCK NORMS] W: 1.271e+04, THETA: 4.781e+05
[PRECOND TIMING] W-THETA coupled solve: 6 ms (3321 columns)
[PRECOND DEBUG] Output preconditioned ||M⁻¹r|| = 4.155e+10 (α₀=0, ratio=0.9129, α_eff=0)
[PRECOND DEBUG] Ratio ||M⁻¹r|| / ||r|| = 0.988
[PRECOND DEBUG] Input residual ||r|| = 8.493e+09 (call #1110)
[PRECOND BLOCK NORMS] U: 8.379e+09, V: 2.745e+06, MU: 1.034e+06
[PRECOND BLOCK NORMS] PHI: 1.247e+08
[PRECOND BLOCK NORMS] W: 2843, THETA: 1.152e+05
[PRECOND TIMING] W-THETA coupled solve: 6 ms (3321 columns)
[PRECOND DEBUG] Output preconditioned ||M⁻¹r|| = 8.38e+09 (α₀=0, ratio=0.9129, α_eff=0)
[PRECOND DEBUG] Ratio ||M⁻¹r|| / ||r|| = 0.9867
[PRECOND DEBUG] Input residual ||r|| = 4.813e+10 (call #1115)
[PRECOND BLOCK NORMS] U: 4.756e+10, V: 1.076e+07, MU: 2.085e+06
[PRECOND BLOCK NORMS] PHI: 7.148e+08
[PRECOND BLOCK NORMS] W: 3.237e+04, THETA: 1.155e+06
[PRECOND TIMING] W-THETA coupled solve: 6 ms (3321 columns)
[PRECOND DEBUG] Output preconditioned ||M⁻¹r|| = 4.756e+10 (α₀=0, ratio=0.9129, α_eff=0)
[PRECOND DEBUG] Ratio ||M⁻¹r|| / ||r|| = 0.9881
[PRECOND DEBUG] Input residual ||r|| = 1.112e+11 (call #1120)
[PRECOND BLOCK NORMS] U: 1.099e+11, V: 1.977e+07, MU: 4.763e+06
[PRECOND BLOCK NORMS] PHI: 1.636e+09
[PRECOND BLOCK NORMS] W: 4.346e+04, THETA: 1.789e+06
[PRECOND TIMING] W-THETA coupled solve: 6 ms (3321 columns)
[PRECOND DEBUG] Output preconditioned ||M⁻¹r|| = 1.099e+11 (α₀=0, ratio=0.9129, α_eff=0)
[PRECOND DEBUG] Ratio ||M⁻¹r|| / ||r|| = 0.9882
[PRECOND DEBUG] Input residual ||r|| = 1.204e+11 (call #1125)
[PRECOND BLOCK NORMS] U: 1.19e+11, V: 3.683e+07, MU: 5.179e+06
[PRECOND BLOCK NORMS] PHI: 1.749e+09
[PRECOND BLOCK NORMS] W: 2.153e+04, THETA: 6.957e+05
[PRECOND TIMING] W-THETA coupled solve: 7 ms (3321 columns)
[PRECOND DEBUG] Output preconditioned ||M⁻¹r|| = 1.19e+11 (α₀=0, ratio=0.9129, α_eff=0)
[PRECOND DEBUG] Ratio ||M⁻¹r|| / ||r|| = 0.9882
[PRECOND DEBUG] Input residual ||r|| = 9.618e+10 (call #1130)
[PRECOND BLOCK NORMS] U: 9.503e+10, V: 5.993e+07, MU: 5.062e+06
[PRECOND BLOCK NORMS] PHI: 1.707e+09
[PRECOND BLOCK NORMS] W: 3.273e+05, THETA: 1.045e+07
[PRECOND TIMING] W-THETA coupled solve: 6 ms (3321 columns)
[PRECOND DEBUG] Output preconditioned ||M⁻¹r|| = 9.504e+10 (α₀=0, ratio=0.9129, α_eff=0)
[PRECOND DEBUG] Ratio ||M⁻¹r|| / ||r|| = 0.9882
[PRECOND DEBUG] Input residual ||r|| = 1.124e+11 (call #1135)
[PRECOND BLOCK NORMS] U: 1.11e+11, V: 3.732e+07, MU: 6.518e+06
[PRECOND BLOCK NORMS] PHI: 2.023e+09
[PRECOND BLOCK NORMS] W: 5.306e+05, THETA: 1.609e+07
[PRECOND TIMING] W-THETA coupled solve: 5 ms (3321 columns)
[PRECOND DEBUG] Output preconditioned ||M⁻¹r|| = 1.11e+11 (α₀=0, ratio=0.9129, α_eff=0)
[PRECOND DEBUG] Ratio ||M⁻¹r|| / ||r|| = 0.9882
[PRECOND DEBUG] Input residual ||r|| = 5.76e+10 (call #1140)
[PRECOND BLOCK NORMS] U: 5.691e+10, V: 2.288e+07, MU: 2.622e+06
[PRECOND BLOCK NORMS] PHI: 6.572e+08
[PRECOND BLOCK NORMS] W: 3.765e+05, THETA: 1.497e+06
[PRECOND TIMING] W-THETA coupled solve: 6 ms (3321 columns)
[PRECOND DEBUG] Output preconditioned ||M⁻¹r|| = 5.691e+10 (α₀=0, ratio=0.9129, α_eff=0)
[PRECOND DEBUG] Ratio ||M⁻¹r|| / ||r|| = 0.9881
[PRECOND DEBUG] Input residual ||r|| = 5.261e+10 (call #1145)
[PRECOND BLOCK NORMS] U: 5.198e+10, V: 2.574e+07, MU: 2.101e+06
[PRECOND BLOCK NORMS] PHI: 6.61e+08
[PRECOND BLOCK NORMS] W: 6.249e+05, THETA: 1.792e+06
[PRECOND TIMING] W-THETA coupled solve: 6 ms (3321 columns)
[PRECOND DEBUG] Output preconditioned ||M⁻¹r|| = 5.199e+10 (α₀=0, ratio=0.9129, α_eff=0)
[PRECOND DEBUG] Ratio ||M⁻¹r|| / ||r|| = 0.9881
[GMRES] restart=1 j=47: hess_est=1.9456, true_err=1.9456
[GMRES BLOCK r/b] restart=1 j=47 ru=1456406.7500 rv=102273.6719 rw=977152.9375 ph=542.6547 t=363759.5938 mu=25.4869
[FGMRES] NOT CONVERGED: ||x||=0.0015, ||r_true||=1941516.7500, ||b||=948.7985, rel_error=2046.2899, tol=0.0000, restarts=1, arnoldi=48 (block-scaled)
SDIRK3_FROZEN_AB_BLOCKS stage=3 arm=M j=48 ru_rho0=3410 ru_rho=3378 rv_rho0=422.7 rv_rho=238.6 rw_rho0=2275 rw_rho=2276 ph_rho0=2.985 ph_rho=2.998 t_rho0=2421 t_rho=853.8 mu_rho0=0.9718 mu_rho=0.9715
[GMRES BLOCK-SCALE] ru: ||r0||=1.591e+06 → D_inv=6.285e-07
[GMRES BLOCK-SCALE] rv: ||r0||=1.961e+05 → D_inv=5.1e-06
[GMRES BLOCK-SCALE] rw: ||r0||=1.057e+06 → D_inv=9.459e-07
[GMRES BLOCK-SCALE] ph: ||r0||=584.6 → D_inv=0.00171
[GMRES BLOCK-SCALE] t: ||r0||=1.116e+06 → D_inv=8.96e-07
[GMRES BLOCK-SCALE] mu: ||r0||=27.59 → D_inv=0.03625
[FGMRES] Z-basis memory budget: restart=48 x numel=1080491 => ~197.8 MiB per cycle
[GMRES REORTH] j=1 before=6.193e+05 after1=3.132e+05 after2=3.132e+05 ratio=0.5058
[GMRES] restart=1 j=47: hess_est=0.7258, true_err=0.7258
[GMRES BLOCK r/b] restart=1 j=47 ru=273577.5625 rv=42925.1016 rw=141530.4688 ph=316.1370 t=138197.0625 mu=9.7024
[FGMRES] NOT CONVERGED: ||x||=0.0001, ||r_true||=368284.8438, ||b||=948.7985, rel_error=388.1592, tol=0.0000, restarts=1, arnoldi=48 (block-scaled)
SDIRK3_FROZEN_AB_BLOCKS stage=3 arm=I j=48 ru_rho0=3410 ru_rho=634.5 rv_rho0=422.7 rv_rho=100.1 rw_rho0=2275 rw_rho=329.6 ph_rho0=2.985 ph_rho=1.747 t_rho0=2421 t_rho=324.4 mu_rho0=0.9718 mu_rho=0.3699
[GMRES BLOCK-SCALE] ru: ||r0||=1.591e+06 → D_inv=6.285e-07
[GMRES BLOCK-SCALE] rv: ||r0||=1.961e+05 → D_inv=5.1e-06
[GMRES BLOCK-SCALE] rw: ||r0||=1.057e+06 → D_inv=9.459e-07
[GMRES BLOCK-SCALE] ph: ||r0||=584.6 → D_inv=0.00171
[GMRES BLOCK-SCALE] t: ||r0||=1.116e+06 → D_inv=8.96e-07
[GMRES BLOCK-SCALE] mu: ||r0||=27.59 → D_inv=0.03625
[FGMRES] Z-basis memory budget: restart=48 x numel=1080491 => ~197.8 MiB per cycle
[PRECOND DEBUG] Input residual ||r|| = 6.347e+11 (call #1150)
[PRECOND BLOCK NORMS] U: 6.271e+11, V: 2.428e+07, MU: 3.056e+07
[PRECOND BLOCK NORMS] PHI: 8.753e+09
[PRECOND BLOCK NORMS] W: 4.854e+05, THETA: 1.829e+07
[PRECOND TIMING] W-THETA coupled solve: 5 ms (3321 columns)
[PRECOND DEBUG] Output preconditioned ||M⁻¹r|| = 6.271e+11 (α₀=0, ratio=0.9129, α_eff=0)
[PRECOND DEBUG] Ratio ||M⁻¹r|| / ||r|| = 0.9881
[GMRES REORTH] j=1 before=6.193e+05 after1=3.132e+05 after2=3.132e+05 ratio=0.5058
[PRECOND DEBUG] Input residual ||r|| = 5.767e+11 (call #1155)
[PRECOND BLOCK NORMS] U: 5.698e+11, V: 1.979e+07, MU: 3.208e+07
[PRECOND BLOCK NORMS] PHI: 7.639e+09
[PRECOND BLOCK NORMS] W: 1.527e+05, THETA: 5.579e+06
[PRECOND TIMING] W-THETA coupled solve: 5 ms (3321 columns)
[PRECOND DEBUG] Output preconditioned ||M⁻¹r|| = 5.698e+11 (α₀=0, ratio=0.9129, α_eff=0)
[PRECOND DEBUG] Ratio ||M⁻¹r|| / ||r|| = 0.9881
[PRECOND DEBUG] Input residual ||r|| = 2.9e+11 (call #1160)
[PRECOND BLOCK NORMS] U: 2.865e+11, V: 2.361e+07, MU: 1.623e+07
[PRECOND BLOCK NORMS] PHI: 8.242e+09
[PRECOND BLOCK NORMS] W: 1.679e+05, THETA: 6.442e+06
[PRECOND TIMING] W-THETA coupled solve: 6 ms (3321 columns)
[PRECOND DEBUG] Output preconditioned ||M⁻¹r|| = 2.866e+11 (α₀=0, ratio=0.9129, α_eff=0)
[PRECOND DEBUG] Ratio ||M⁻¹r|| / ||r|| = 0.9884
[PRECOND DEBUG] Input residual ||r|| = 3.364e+11 (call #1165)
[PRECOND BLOCK NORMS] U: 3.324e+11, V: 3.393e+07, MU: 1.951e+07
[PRECOND BLOCK NORMS] PHI: 1.296e+10
[PRECOND BLOCK NORMS] W: 6.963e+04, THETA: 3.15e+06
[PRECOND TIMING] W-THETA coupled solve: 5 ms (3321 columns)
[PRECOND DEBUG] Output preconditioned ||M⁻¹r|| = 3.327e+11 (α₀=0, ratio=0.9129, α_eff=0)
[PRECOND DEBUG] Ratio ||M⁻¹r|| / ||r|| = 0.9888
[PRECOND DEBUG] Input residual ||r|| = 2.139e+11 (call #1170)
[PRECOND BLOCK NORMS] U: 2.113e+11, V: 2.715e+07, MU: 5.547e+06
[PRECOND BLOCK NORMS] PHI: 9.882e+09
[PRECOND BLOCK NORMS] W: 4.549e+04, THETA: 2.206e+06
[PRECOND TIMING] W-THETA coupled solve: 5 ms (3321 columns)
[PRECOND DEBUG] Output preconditioned ||M⁻¹r|| = 2.116e+11 (α₀=0, ratio=0.9129, α_eff=0)
[PRECOND DEBUG] Ratio ||M⁻¹r|| / ||r|| = 0.989
[PRECOND DEBUG] Input residual ||r|| = 4.707e+11 (call #1175)
[PRECOND BLOCK NORMS] U: 4.651e+11, V: 1.513e+07, MU: 2.074e+07
[PRECOND BLOCK NORMS] PHI: 5.52e+09
[PRECOND BLOCK NORMS] W: 6.724e+04, THETA: 3.621e+06
[PRECOND TIMING] W-THETA coupled solve: 6 ms (3321 columns)
[PRECOND DEBUG] Output preconditioned ||M⁻¹r|| = 4.651e+11 (α₀=0, ratio=0.9129, α_eff=0)
[PRECOND DEBUG] Ratio ||M⁻¹r|| / ||r|| = 0.9881
[PRECOND DEBUG] Input residual ||r|| = 6.025e+11 (call #1180)
[PRECOND BLOCK NORMS] U: 5.952e+11, V: 2.338e+07, MU: 1.717e+07
[PRECOND BLOCK NORMS] PHI: 8.503e+09
[PRECOND BLOCK NORMS] W: 9.624e+04, THETA: 4.809e+06
[PRECOND TIMING] W-THETA coupled solve: 6 ms (3321 columns)
[PRECOND DEBUG] Output preconditioned ||M⁻¹r|| = 5.953e+11 (α₀=0, ratio=0.9129, α_eff=0)
[PRECOND DEBUG] Ratio ||M⁻¹r|| / ||r|| = 0.9881
[PRECOND DEBUG] Input residual ||r|| = 5.897e+11 (call #1185)
[PRECOND BLOCK NORMS] U: 5.826e+11, V: 2.594e+07, MU: 2.634e+07
[PRECOND BLOCK NORMS] PHI: 8.967e+09
[PRECOND BLOCK NORMS] W: 8.496e+04, THETA: 4.509e+06
[PRECOND TIMING] W-THETA coupled solve: 6 ms (3321 columns)
[PRECOND DEBUG] Output preconditioned ||M⁻¹r|| = 5.827e+11 (α₀=0, ratio=0.9129, α_eff=0)
[PRECOND DEBUG] Ratio ||M⁻¹r|| / ||r|| = 0.9882
[PRECOND DEBUG] Input residual ||r|| = 4.911e+11 (call #1190)
[PRECOND BLOCK NORMS] U: 4.852e+11, V: 2.277e+07, MU: 2.295e+07
[PRECOND BLOCK NORMS] PHI: 7.994e+09
[PRECOND BLOCK NORMS] W: 1.465e+05, THETA: 7.338e+06
[PRECOND TIMING] W-THETA coupled solve: 6 ms (3321 columns)
[PRECOND DEBUG] Output preconditioned ||M⁻¹r|| = 4.853e+11 (α₀=0, ratio=0.9129, α_eff=0)
[PRECOND DEBUG] Ratio ||M⁻¹r|| / ||r|| = 0.9882
[PRECOND DEBUG] Input residual ||r|| = 2.06e+11 (call #1195)
[PRECOND BLOCK NORMS] U: 2.035e+11, V: 7.895e+06, MU: 6.449e+06
[PRECOND BLOCK NORMS] PHI: 2.985e+09
[PRECOND BLOCK NORMS] W: 1.15e+05, THETA: 6.146e+06
[PRECOND TIMING] W-THETA coupled solve: 6 ms (3321 columns)
[PRECOND DEBUG] Output preconditioned ||M⁻¹r|| = 2.036e+11 (α₀=0, ratio=0.9129, α_eff=0)
[PRECOND DEBUG] Ratio ||M⁻¹r|| / ||r|| = 0.988
[GMRES] restart=1 j=47: hess_est=0.7258, true_err=0.7258
[GMRES BLOCK r/b] restart=1 j=47 ru=273577.8438 rv=42925.5547 rw=141527.5781 ph=316.1362 t=138194.1562 mu=9.7024
[FGMRES] NOT CONVERGED: ||x||=0.0001, ||r_true||=368282.5312, ||b||=948.7985, rel_error=388.1568, tol=0.0000, restarts=1, arnoldi=48 (block-scaled)
SDIRK3_FROZEN_AB_BLOCKS stage=3 arm=Msel j=48 ru_rho0=3410 ru_rho=634.5 rv_rho0=422.7 rv_rho=100.1 rw_rho0=2275 rw_rho=329.6 ph_rho0=2.985 ph_rho=1.747 t_rho0=2421 t_rho=324.4 mu_rho0=0.9718 mu_rho=0.3699
[GMRES BLOCK-SCALE] ru: ||r0||=1.591e+06 → D_inv=6.285e-07
[GMRES BLOCK-SCALE] rv: ||r0||=1.961e+05 → D_inv=5.1e-06
[GMRES BLOCK-SCALE] rw: ||r0||=1.057e+06 → D_inv=9.459e-07
[GMRES BLOCK-SCALE] ph: ||r0||=584.6 → D_inv=0.00171
[GMRES BLOCK-SCALE] t: ||r0||=1.116e+06 → D_inv=8.96e-07
[GMRES BLOCK-SCALE] mu: ||r0||=27.59 → D_inv=0.03625
[FGMRES] Z-basis memory budget: restart=48 x numel=1080491 => ~197.8 MiB per cycle
[GMRES REORTH] j=1 before=6.193e+05 after1=3.132e+05 after2=3.132e+05 ratio=0.5058
[PRECOND DEBUG] Input residual ||r|| = 6.332e+11 (call #1200)
[PRECOND BLOCK NORMS] U: 6.256e+11, V: 1.003e+07, MU: 4.359e+07
[PRECOND BLOCK NORMS] PHI: 5.7e+09
[PRECOND BLOCK NORMS] W: 6.068e+04, THETA: 2.823e+06
[PRECOND TIMING] W-THETA coupled solve: 6 ms (3321 columns)
[PRECOND DEBUG] Output preconditioned ||M⁻¹r|| = 6.256e+11 (α₀=0, ratio=0.9129, α_eff=0)
[PRECOND DEBUG] Ratio ||M⁻¹r|| / ||r|| = 0.9881
[PRECOND DEBUG] Input residual ||r|| = 4.897e+11 (call #1205)
[PRECOND BLOCK NORMS] U: 4.838e+11, V: 2.424e+07, MU: 1.202e+07
[PRECOND BLOCK NORMS] PHI: 9.21e+09
[PRECOND BLOCK NORMS] W: 5.235e+04, THETA: 2.598e+06
[PRECOND TIMING] W-THETA coupled solve: 6 ms (3321 columns)
[PRECOND DEBUG] Output preconditioned ||M⁻¹r|| = 4.839e+11 (α₀=0, ratio=0.9129, α_eff=0)
[PRECOND DEBUG] Ratio ||M⁻¹r|| / ||r|| = 0.9882
[PRECOND DEBUG] Input residual ||r|| = 4.59e+11 (call #1210)
[PRECOND BLOCK NORMS] U: 4.535e+11, V: 2.056e+07, MU: 2.017e+07
[PRECOND BLOCK NORMS] PHI: 8.069e+09
[PRECOND BLOCK NORMS] W: 1.237e+05, THETA: 5.111e+06
[PRECOND TIMING] W-THETA coupled solve: 6 ms (3321 columns)
[PRECOND DEBUG] Output preconditioned ||M⁻¹r|| = 4.535e+11 (α₀=0, ratio=0.9129, α_eff=0)
[PRECOND DEBUG] Ratio ||M⁻¹r|| / ||r|| = 0.9882
[PRECOND DEBUG] Input residual ||r|| = 2.995e+11 (call #1215)
[PRECOND BLOCK NORMS] U: 2.959e+11, V: 1.073e+07, MU: 1.319e+07
[PRECOND BLOCK NORMS] PHI: 4.114e+09
[PRECOND BLOCK NORMS] W: 1.302e+05, THETA: 4.898e+06
[PRECOND TIMING] W-THETA coupled solve: 6 ms (3321 columns)
[PRECOND DEBUG] Output preconditioned ||M⁻¹r|| = 2.959e+11 (α₀=0, ratio=0.9129, α_eff=0)
[PRECOND DEBUG] Ratio ||M⁻¹r|| / ||r|| = 0.9881
[PRECOND DEBUG] Input residual ||r|| = 5.565e+11 (call #1220)
[PRECOND BLOCK NORMS] U: 5.499e+11, V: 2.459e+07, MU: 2.414e+07
[PRECOND BLOCK NORMS] PHI: 9.495e+09
[PRECOND BLOCK NORMS] W: 1.608e+05, THETA: 6.117e+06
[PRECOND TIMING] W-THETA coupled solve: 6 ms (3321 columns)
[PRECOND DEBUG] Output preconditioned ||M⁻¹r|| = 5.499e+11 (α₀=0, ratio=0.9129, α_eff=0)
[PRECOND DEBUG] Ratio ||M⁻¹r|| / ||r|| = 0.9882
[PRECOND DEBUG] Input residual ||r|| = 5.268e+11 (call #1225)
[PRECOND BLOCK NORMS] U: 5.205e+11, V: 2.93e+07, MU: 2.535e+07
[PRECOND BLOCK NORMS] PHI: 1.117e+10
[PRECOND BLOCK NORMS] W: 1.423e+05, THETA: 7.144e+06
[PRECOND TIMING] W-THETA coupled solve: 6 ms (3321 columns)
[PRECOND DEBUG] Output preconditioned ||M⁻¹r|| = 5.206e+11 (α₀=0, ratio=0.9129, α_eff=0)
[PRECOND DEBUG] Ratio ||M⁻¹r|| / ||r|| = 0.9883
[PRECOND DEBUG] Input residual ||r|| = 3.956e+11 (call #1230)
[PRECOND BLOCK NORMS] U: 3.908e+11, V: 1.6e+07, MU: 2.215e+07
[PRECOND BLOCK NORMS] PHI: 6.384e+09
[PRECOND BLOCK NORMS] W: 1.263e+05, THETA: 6.838e+06
[PRECOND TIMING] W-THETA coupled solve: 6 ms (3321 columns)
[PRECOND DEBUG] Output preconditioned ||M⁻¹r|| = 3.909e+11 (α₀=0, ratio=0.9129, α_eff=0)
[PRECOND DEBUG] Ratio ||M⁻¹r|| / ||r|| = 0.9882
[PRECOND DEBUG] Input residual ||r|| = 1.624e+11 (call #1235)
[PRECOND BLOCK NORMS] U: 1.604e+11, V: 9.418e+06, MU: 8.061e+06
[PRECOND BLOCK NORMS] PHI: 3.409e+09
[PRECOND BLOCK NORMS] W: 6.141e+04, THETA: 2.478e+06
[PRECOND TIMING] W-THETA coupled solve: 6 ms (3321 columns)
[PRECOND DEBUG] Output preconditioned ||M⁻¹r|| = 1.605e+11 (α₀=0, ratio=0.9129, α_eff=0)
[PRECOND DEBUG] Ratio ||M⁻¹r|| / ||r|| = 0.988
[PRECOND DEBUG] Input residual ||r|| = 3.602e+11 (call #1240)
[PRECOND BLOCK NORMS] U: 3.559e+11, V: 1.461e+07, MU: 1.64e+07
[PRECOND BLOCK NORMS] PHI: 4.189e+09
[PRECOND BLOCK NORMS] W: 9.362e+04, THETA: 5.028e+06
[PRECOND TIMING] W-THETA coupled solve: 6 ms (3321 columns)
[PRECOND DEBUG] Output preconditioned ||M⁻¹r|| = 3.559e+11 (α₀=0, ratio=0.9129, α_eff=0)
[PRECOND DEBUG] Ratio ||M⁻¹r|| / ||r|| = 0.9881
[GMRES] restart=1 j=47: hess_est=0.7258, true_err=0.7258
[GMRES BLOCK r/b] restart=1 j=47 ru=273577.8438 rv=42925.5547 rw=141527.5781 ph=316.1362 t=138194.1562 mu=9.7024
[FGMRES] NOT CONVERGED: ||x||=0.0001, ||r_true||=368282.5312, ||b||=948.7985, rel_error=388.1568, tol=0.0000, restarts=1, arnoldi=48 (block-scaled)
SDIRK3_FROZEN_AB_BLOCKS stage=3 arm=Msel j=48 ru_rho0=3410 ru_rho=634.5 rv_rho0=422.7 rv_rho=100.1 rw_rho0=2275 rw_rho=329.6 ph_rho0=2.985 ph_rho=1.747 t_rho0=2421 t_rho=324.4 mu_rho0=0.9718 mu_rho=0.3699
[GMRES BLOCK-SCALE] ru: ||r0||=1.591e+06 → D_inv=6.285e-07
[GMRES BLOCK-SCALE] rv: ||r0||=1.961e+05 → D_inv=5.1e-06
[GMRES BLOCK-SCALE] rw: ||r0||=1.057e+06 → D_inv=9.459e-07
[GMRES BLOCK-SCALE] ph: ||r0||=584.6 → D_inv=0.00171
[GMRES BLOCK-SCALE] t: ||r0||=1.116e+06 → D_inv=8.96e-07
[GMRES BLOCK-SCALE] mu: ||r0||=27.59 → D_inv=0.03625
[FGMRES] Z-basis memory budget: restart=48 x numel=1080491 => ~197.8 MiB per cycle
[GMRES REORTH] j=1 before=6.193e+05 after1=3.132e+05 after2=3.132e+05 ratio=0.5058
[GMRES] restart=1 j=47: hess_est=0.7258, true_err=0.7258
[GMRES BLOCK r/b] restart=1 j=47 ru=273577.5625 rv=42925.1016 rw=141530.4688 ph=316.1370 t=138197.0625 mu=9.7024
[FGMRES] NOT CONVERGED: ||x||=0.0001, ||r_true||=368284.8438, ||b||=948.7985, rel_error=388.1592, tol=0.0000, restarts=1, arnoldi=48 (block-scaled)
SDIRK3_FROZEN_AB_BLOCKS stage=3 arm=I j=48 ru_rho0=3410 ru_rho=634.5 rv_rho0=422.7 rv_rho=100.1 rw_rho0=2275 rw_rho=329.6 ph_rho0=2.985 ph_rho=1.747 t_rho0=2421 t_rho=324.4 mu_rho0=0.9718 mu_rho=0.3699
[GMRES BLOCK-SCALE] ru: ||r0||=1.591e+06 → D_inv=6.285e-07
[GMRES BLOCK-SCALE] rv: ||r0||=1.961e+05 → D_inv=5.1e-06
[GMRES BLOCK-SCALE] rw: ||r0||=1.057e+06 → D_inv=9.459e-07
[GMRES BLOCK-SCALE] ph: ||r0||=584.6 → D_inv=0.00171
[GMRES BLOCK-SCALE] t: ||r0||=1.116e+06 → D_inv=8.96e-07
[GMRES BLOCK-SCALE] mu: ||r0||=27.59 → D_inv=0.03625
[FGMRES] Z-basis memory budget: restart=48 x numel=1080491 => ~197.8 MiB per cycle
[PRECOND DEBUG] Input residual ||r|| = 1.181e+12 (call #1245)
[PRECOND BLOCK NORMS] U: 1.167e+12, V: 4.912e+07, MU: 5.14e+07
[PRECOND BLOCK NORMS] PHI: 1.741e+10
[PRECOND BLOCK NORMS] W: 5.926e+05, THETA: 2.231e+07
[PRECOND TIMING] W-THETA coupled solve: 6 ms (3321 columns)
[PRECOND DEBUG] Output preconditioned ||M⁻¹r|| = 1.167e+12 (α₀=0, ratio=0.9129, α_eff=0)
[PRECOND DEBUG] Ratio ||M⁻¹r|| / ||r|| = 0.9882
[GMRES REORTH] j=1 before=1.601e+05 after1=1.667e+04 after2=1.667e+04 ratio=0.1041
[GMRES REORTH] j=2 before=2.703e+05 after1=2.141e+04 after2=2.141e+04 ratio=0.07922
[PRECOND DEBUG] Input residual ||r|| = 5.029e+10 (call #1250)
[PRECOND BLOCK NORMS] U: 4.969e+10, V: 1.059e+06, MU: 1.885e+06
[PRECOND BLOCK NORMS] PHI: 4.382e+08
[PRECOND BLOCK NORMS] W: 1.266e+04, THETA: 4.764e+05
[PRECOND TIMING] W-THETA coupled solve: 6 ms (3321 columns)
[PRECOND DEBUG] Output preconditioned ||M⁻¹r|| = 4.969e+10 (α₀=0, ratio=0.9129, α_eff=0)
[PRECOND DEBUG] Ratio ||M⁻¹r|| / ||r|| = 0.9881
[PRECOND DEBUG] Input residual ||r|| = 1.881e+10 (call #1255)
[PRECOND BLOCK NORMS] U: 1.858e+10, V: 3.565e+06, MU: 1.237e+06
[PRECOND BLOCK NORMS] PHI: 2.225e+08
[PRECOND BLOCK NORMS] W: 6729, THETA: 2.587e+05
[PRECOND TIMING] W-THETA coupled solve: 6 ms (3321 columns)
[PRECOND DEBUG] Output preconditioned ||M⁻¹r|| = 1.858e+10 (α₀=0, ratio=0.9129, α_eff=0)
[PRECOND DEBUG] Ratio ||M⁻¹r|| / ||r|| = 0.9878
[PRECOND DEBUG] Input residual ||r|| = 8.311e+10 (call #1260)
[PRECOND BLOCK NORMS] U: 8.211e+10, V: 1.931e+07, MU: 3.61e+06
[PRECOND BLOCK NORMS] PHI: 1.228e+09
[PRECOND BLOCK NORMS] W: 2.857e+04, THETA: 1.184e+06
[PRECOND TIMING] W-THETA coupled solve: 6 ms (3321 columns)
[PRECOND DEBUG] Output preconditioned ||M⁻¹r|| = 8.212e+10 (α₀=0, ratio=0.9129, α_eff=0)
[PRECOND DEBUG] Ratio ||M⁻¹r|| / ||r|| = 0.9881
[PRECOND DEBUG] Input residual ||r|| = 4.871e+10 (call #1265)
[PRECOND BLOCK NORMS] U: 4.813e+10, V: 1.454e+07, MU: 1.942e+06
[PRECOND BLOCK NORMS] PHI: 6.783e+08
[PRECOND BLOCK NORMS] W: 3.024e+04, THETA: 1.114e+06
[PRECOND TIMING] W-THETA coupled solve: 6 ms (3321 columns)
[PRECOND DEBUG] Output preconditioned ||M⁻¹r|| = 4.813e+10 (α₀=0, ratio=0.9129, α_eff=0)
[PRECOND DEBUG] Ratio ||M⁻¹r|| / ||r|| = 0.9881
[PRECOND DEBUG] Input residual ||r|| = 3.785e+10 (call #1270)
[PRECOND BLOCK NORMS] U: 3.74e+10, V: 3.057e+07, MU: 1.866e+06
[PRECOND BLOCK NORMS] PHI: 6.54e+08
[PRECOND BLOCK NORMS] W: 2.509e+04, THETA: 5.006e+05
[PRECOND TIMING] W-THETA coupled solve: 6 ms (3321 columns)
[PRECOND DEBUG] Output preconditioned ||M⁻¹r|| = 3.74e+10 (α₀=0, ratio=0.9129, α_eff=0)
[PRECOND DEBUG] Ratio ||M⁻¹r|| / ||r|| = 0.9882
[PRECOND DEBUG] Input residual ||r|| = 1.231e+11 (call #1275)
[PRECOND BLOCK NORMS] U: 1.216e+11, V: 4.826e+07, MU: 7.828e+06
[PRECOND BLOCK NORMS] PHI: 2.811e+09
[PRECOND BLOCK NORMS] W: 2.239e+05, THETA: 6.818e+06
[PRECOND TIMING] W-THETA coupled solve: 6 ms (3321 columns)
[PRECOND DEBUG] Output preconditioned ||M⁻¹r|| = 1.216e+11 (α₀=0, ratio=0.9129, α_eff=0)
[PRECOND DEBUG] Ratio ||M⁻¹r|| / ||r|| = 0.9883
[PRECOND DEBUG] Input residual ||r|| = 2.194e+11 (call #1280)
[PRECOND BLOCK NORMS] U: 2.168e+11, V: 3.581e+07, MU: 7.622e+06
[PRECOND BLOCK NORMS] PHI: 2.273e+09
[PRECOND BLOCK NORMS] W: 5.686e+05, THETA: 1.52e+07
[PRECOND TIMING] W-THETA coupled solve: 6 ms (3321 columns)
[PRECOND DEBUG] Output preconditioned ||M⁻¹r|| = 2.168e+11 (α₀=0, ratio=0.9129, α_eff=0)
[PRECOND DEBUG] Ratio ||M⁻¹r|| / ||r|| = 0.9881
[PRECOND DEBUG] Input residual ||r|| = 3.512e+10 (call #1285)
[PRECOND BLOCK NORMS] U: 3.47e+10, V: 2.311e+07, MU: 1.019e+06
[PRECOND BLOCK NORMS] PHI: 5.552e+08
[PRECOND BLOCK NORMS] W: 1.408e+05, THETA: 6.229e+06
[PRECOND TIMING] W-THETA coupled solve: 6 ms (3321 columns)
[PRECOND DEBUG] Output preconditioned ||M⁻¹r|| = 3.471e+10 (α₀=0, ratio=0.9129, α_eff=0)
[PRECOND DEBUG] Ratio ||M⁻¹r|| / ||r|| = 0.9881
[PRECOND DEBUG] Input residual ||r|| = 9.485e+10 (call #1290)
[PRECOND BLOCK NORMS] U: 9.371e+10, V: 3.359e+07, MU: 4.319e+06
[PRECOND BLOCK NORMS] PHI: 1.476e+09
[PRECOND BLOCK NORMS] W: 1.065e+05, THETA: 8.416e+06
[PRECOND TIMING] W-THETA coupled solve: 6 ms (3321 columns)
[PRECOND DEBUG] Output preconditioned ||M⁻¹r|| = 9.372e+10 (α₀=0, ratio=0.9129, α_eff=0)
[PRECOND DEBUG] Ratio ||M⁻¹r|| / ||r|| = 0.9882
[GMRES] restart=1 j=47: hess_est=1.9456, true_err=1.9456
[GMRES BLOCK r/b] restart=1 j=47 ru=1456406.7500 rv=102273.6719 rw=977152.9375 ph=542.6547 t=363759.5938 mu=25.4869
[FGMRES] NOT CONVERGED: ||x||=0.0015, ||r_true||=1941516.7500, ||b||=948.7985, rel_error=2046.2899, tol=0.0000, restarts=1, arnoldi=48 (block-scaled)
SDIRK3_FROZEN_AB_BLOCKS stage=3 arm=M j=48 ru_rho0=3410 ru_rho=3378 rv_rho0=422.7 rv_rho=238.6 rw_rho0=2275 rw_rho=2276 ph_rho0=2.985 ph_rho=2.998 t_rho0=2421 t_rho=853.8 mu_rho0=0.9718 mu_rho=0.9715
[GMRES BLOCK-SCALE] ru: ||r0||=1.591e+06 → D_inv=6.285e-07
[GMRES BLOCK-SCALE] rv: ||r0||=1.961e+05 → D_inv=5.1e-06
[GMRES BLOCK-SCALE] rw: ||r0||=1.057e+06 → D_inv=9.459e-07
[GMRES BLOCK-SCALE] ph: ||r0||=584.6 → D_inv=0.00171
[GMRES BLOCK-SCALE] t: ||r0||=1.116e+06 → D_inv=8.96e-07
[GMRES BLOCK-SCALE] mu: ||r0||=27.59 → D_inv=0.03625
[FGMRES] Z-basis memory budget: restart=32 x numel=1080491 => ~131.9 MiB per cycle
[GMRES REORTH] j=1 before=6.193e+05 after1=3.132e+05 after2=3.132e+05 ratio=0.5058
[PRECOND DEBUG] Input residual ||r|| = 3.86e+11 (call #1295)
[PRECOND BLOCK NORMS] U: 3.813e+11, V: 1.032e+07, MU: 2.533e+07
[PRECOND BLOCK NORMS] PHI: 4.355e+09
[PRECOND BLOCK NORMS] W: 3.039e+04, THETA: 1.447e+06
[PRECOND TIMING] W-THETA coupled solve: 6 ms (3321 columns)
[PRECOND DEBUG] Output preconditioned ||M⁻¹r|| = 3.814e+11 (α₀=0, ratio=0.9129, α_eff=0)
[PRECOND DEBUG] Ratio ||M⁻¹r|| / ||r|| = 0.9881
[PRECOND DEBUG] Input residual ||r|| = 2.029e+11 (call #1300)
[PRECOND BLOCK NORMS] U: 2.005e+11, V: 1.515e+07, MU: 9.082e+06
[PRECOND BLOCK NORMS] PHI: 4.817e+09
[PRECOND BLOCK NORMS] W: 7.827e+04, THETA: 3.715e+06
[PRECOND TIMING] W-THETA coupled solve: 6 ms (3321 columns)
[PRECOND DEBUG] Output preconditioned ||M⁻¹r|| = 2.005e+11 (α₀=0, ratio=0.9129, α_eff=0)
[PRECOND DEBUG] Ratio ||M⁻¹r|| / ||r|| = 0.9882
[PRECOND DEBUG] Input residual ||r|| = 5.486e+11 (call #1305)
[PRECOND BLOCK NORMS] U: 5.42e+11, V: 3.039e+07, MU: 3.029e+07
[PRECOND BLOCK NORMS] PHI: 1.203e+10
[PRECOND BLOCK NORMS] W: 7.49e+04, THETA: 2.96e+06
[PRECOND TIMING] W-THETA coupled solve: 6 ms (3321 columns)
[PRECOND DEBUG] Output preconditioned ||M⁻¹r|| = 5.422e+11 (α₀=0, ratio=0.9129, α_eff=0)
[PRECOND DEBUG] Ratio ||M⁻¹r|| / ||r|| = 0.9883
[PRECOND DEBUG] Input residual ||r|| = 5.259e+11 (call #1310)
[PRECOND BLOCK NORMS] U: 5.196e+11, V: 2.005e+07, MU: 2.843e+07
[PRECOND BLOCK NORMS] PHI: 8.279e+09
[PRECOND BLOCK NORMS] W: 1.768e+05, THETA: 6.453e+06
[PRECOND TIMING] W-THETA coupled solve: 5 ms (3321 columns)
[PRECOND DEBUG] Output preconditioned ||M⁻¹r|| = 5.197e+11 (α₀=0, ratio=0.9129, α_eff=0)
[PRECOND DEBUG] Ratio ||M⁻¹r|| / ||r|| = 0.9882
[PRECOND DEBUG] Input residual ||r|| = 2.526e+11 (call #1315)
[PRECOND BLOCK NORMS] U: 2.495e+11, V: 1.705e+07, MU: 9.662e+06
[PRECOND BLOCK NORMS] PHI: 5.721e+09
[PRECOND BLOCK NORMS] W: 1.847e+05, THETA: 7.647e+06
[PRECOND TIMING] W-THETA coupled solve: 6 ms (3321 columns)
[PRECOND DEBUG] Output preconditioned ||M⁻¹r|| = 2.496e+11 (α₀=0, ratio=0.9129, α_eff=0)
[PRECOND DEBUG] Ratio ||M⁻¹r|| / ||r|| = 0.9882
[PRECOND DEBUG] Input residual ||r|| = 5.748e+11 (call #1320)
[PRECOND BLOCK NORMS] U: 5.68e+11, V: 1.927e+07, MU: 1.996e+07
[PRECOND BLOCK NORMS] PHI: 7.165e+09
[PRECOND BLOCK NORMS] W: 8.706e+04, THETA: 4.227e+06
[PRECOND TIMING] W-THETA coupled solve: 6 ms (3321 columns)
[PRECOND DEBUG] Output preconditioned ||M⁻¹r|| = 5.68e+11 (α₀=0, ratio=0.9129, α_eff=0)
[PRECOND DEBUG] Ratio ||M⁻¹r|| / ||r|| = 0.9881
[GMRES] restart=1 j=31: hess_est=0.7807, true_err=0.7807
[GMRES BLOCK r/b] restart=1 j=31 ru=298771.6875 rv=40762.2070 rw=233666.1562 ph=330.3745 t=229866.2031 mu=9.5756
[FGMRES] NOT CONVERGED: ||x||=0.0001, ||r_true||=481981.8438, ||b||=948.7985, rel_error=507.9918, tol=0.0000, restarts=1, arnoldi=32 (block-scaled)
[GMRES BLOCK-SCALE] ru: ||r0||=1.591e+06 → D_inv=6.285e-07
[GMRES BLOCK-SCALE] rv: ||r0||=1.961e+05 → D_inv=5.1e-06
[GMRES BLOCK-SCALE] rw: ||r0||=1.057e+06 → D_inv=9.459e-07
[GMRES BLOCK-SCALE] ph: ||r0||=584.6 → D_inv=0.00171
[GMRES BLOCK-SCALE] t: ||r0||=1.116e+06 → D_inv=8.96e-07
[GMRES BLOCK-SCALE] mu: ||r0||=27.59 → D_inv=0.03625
[FGMRES] Z-basis memory budget: restart=32 x numel=1080491 => ~131.9 MiB per cycle
[GMRES REORTH] j=1 before=6.193e+05 after1=3.132e+05 after2=3.132e+05 ratio=0.5058
[GMRES] restart=1 j=31: hess_est=0.7807, true_err=0.7807
[GMRES BLOCK r/b] restart=1 j=31 ru=298778.1562 rv=40761.7578 rw=233668.9531 ph=330.3733 t=229868.9844 mu=9.5756
[FGMRES] NOT CONVERGED: ||x||=0.0001, ||r_true||=481989.6875, ||b||=948.7985, rel_error=508.0001, tol=0.0000, restarts=1, arnoldi=32 (block-scaled)
[GMRES BLOCK-SCALE] ru: ||r0||=1.591e+06 → D_inv=6.285e-07
[GMRES BLOCK-SCALE] rv: ||r0||=1.961e+05 → D_inv=5.1e-06
[GMRES BLOCK-SCALE] rw: ||r0||=1.057e+06 → D_inv=9.459e-07
[GMRES BLOCK-SCALE] ph: ||r0||=584.6 → D_inv=0.00171
[GMRES BLOCK-SCALE] t: ||r0||=1.116e+06 → D_inv=8.96e-07
[GMRES BLOCK-SCALE] mu: ||r0||=27.59 → D_inv=0.03625
[FGMRES] Z-basis memory budget: restart=32 x numel=1080491 => ~131.9 MiB per cycle
[PRECOND DEBUG] Input residual ||r|| = 1.181e+12 (call #1325)
[PRECOND BLOCK NORMS] U: 1.167e+12, V: 4.912e+07, MU: 5.14e+07
[PRECOND BLOCK NORMS] PHI: 1.741e+10
[PRECOND BLOCK NORMS] W: 5.926e+05, THETA: 2.231e+07
[PRECOND TIMING] W-THETA coupled solve: 6 ms (3321 columns)
[PRECOND DEBUG] Output preconditioned ||M⁻¹r|| = 1.167e+12 (α₀=0, ratio=0.9129, α_eff=0)
[PRECOND DEBUG] Ratio ||M⁻¹r|| / ||r|| = 0.9882
[GMRES REORTH] j=1 before=1.601e+05 after1=1.667e+04 after2=1.667e+04 ratio=0.1041
[GMRES REORTH] j=2 before=2.703e+05 after1=2.141e+04 after2=2.141e+04 ratio=0.07922
[PRECOND DEBUG] Input residual ||r|| = 5.029e+10 (call #1330)
[PRECOND BLOCK NORMS] U: 4.969e+10, V: 1.059e+06, MU: 1.885e+06
[PRECOND BLOCK NORMS] PHI: 4.382e+08
[PRECOND BLOCK NORMS] W: 1.266e+04, THETA: 4.764e+05
[PRECOND TIMING] W-THETA coupled solve: 6 ms (3321 columns)
[PRECOND DEBUG] Output preconditioned ||M⁻¹r|| = 4.969e+10 (α₀=0, ratio=0.9129, α_eff=0)
[PRECOND DEBUG] Ratio ||M⁻¹r|| / ||r|| = 0.9881
[PRECOND DEBUG] Input residual ||r|| = 1.881e+10 (call #1335)
[PRECOND BLOCK NORMS] U: 1.858e+10, V: 3.565e+06, MU: 1.237e+06
[PRECOND BLOCK NORMS] PHI: 2.225e+08
[PRECOND BLOCK NORMS] W: 6729, THETA: 2.587e+05
[PRECOND TIMING] W-THETA coupled solve: 6 ms (3321 columns)
[PRECOND DEBUG] Output preconditioned ||M⁻¹r|| = 1.858e+10 (α₀=0, ratio=0.9129, α_eff=0)
[PRECOND DEBUG] Ratio ||M⁻¹r|| / ||r|| = 0.9878
[PRECOND DEBUG] Input residual ||r|| = 8.311e+10 (call #1340)
[PRECOND BLOCK NORMS] U: 8.211e+10, V: 1.931e+07, MU: 3.61e+06
[PRECOND BLOCK NORMS] PHI: 1.228e+09
[PRECOND BLOCK NORMS] W: 2.857e+04, THETA: 1.184e+06
[PRECOND TIMING] W-THETA coupled solve: 6 ms (3321 columns)
[PRECOND DEBUG] Output preconditioned ||M⁻¹r|| = 8.212e+10 (α₀=0, ratio=0.9129, α_eff=0)
[PRECOND DEBUG] Ratio ||M⁻¹r|| / ||r|| = 0.9881
[PRECOND DEBUG] Input residual ||r|| = 4.871e+10 (call #1345)
[PRECOND BLOCK NORMS] U: 4.813e+10, V: 1.454e+07, MU: 1.942e+06
[PRECOND BLOCK NORMS] PHI: 6.783e+08
[PRECOND BLOCK NORMS] W: 3.024e+04, THETA: 1.114e+06
[PRECOND TIMING] W-THETA coupled solve: 6 ms (3321 columns)
[PRECOND DEBUG] Output preconditioned ||M⁻¹r|| = 4.813e+10 (α₀=0, ratio=0.9129, α_eff=0)
[PRECOND DEBUG] Ratio ||M⁻¹r|| / ||r|| = 0.9881
[PRECOND DEBUG] Input residual ||r|| = 3.785e+10 (call #1350)
[PRECOND BLOCK NORMS] U: 3.74e+10, V: 3.057e+07, MU: 1.866e+06
[PRECOND BLOCK NORMS] PHI: 6.54e+08
[PRECOND BLOCK NORMS] W: 2.509e+04, THETA: 5.006e+05
[PRECOND TIMING] W-THETA coupled solve: 6 ms (3321 columns)
[PRECOND DEBUG] Output preconditioned ||M⁻¹r|| = 3.74e+10 (α₀=0, ratio=0.9129, α_eff=0)
[PRECOND DEBUG] Ratio ||M⁻¹r|| / ||r|| = 0.9882
[PRECOND DEBUG] Input residual ||r|| = 1.231e+11 (call #1355)
[PRECOND BLOCK NORMS] U: 1.216e+11, V: 4.826e+07, MU: 7.828e+06
[PRECOND BLOCK NORMS] PHI: 2.811e+09
[PRECOND BLOCK NORMS] W: 2.239e+05, THETA: 6.818e+06
[PRECOND TIMING] W-THETA coupled solve: 6 ms (3321 columns)
[PRECOND DEBUG] Output preconditioned ||M⁻¹r|| = 1.216e+11 (α₀=0, ratio=0.9129, α_eff=0)
[PRECOND DEBUG] Ratio ||M⁻¹r|| / ||r|| = 0.9883
[GMRES] restart=1 j=31: hess_est=2.0360, true_err=2.0360
[GMRES BLOCK r/b] restart=1 j=31 ru=1452527.0000 rv=112718.8672 rw=977001.8125 ph=599.8008 t=524988.9375 mu=25.4891
[FGMRES] NOT CONVERGED: ||x||=0.0010, ||r_true||=1981506.6250, ||b||=948.7985, rel_error=2088.4377, tol=0.0000, restarts=1, arnoldi=32 (block-scaled)
[GMRES BLOCK-SCALE] ru: ||r0||=1.591e+06 → D_inv=6.285e-07
[GMRES BLOCK-SCALE] rv: ||r0||=1.961e+05 → D_inv=5.1e-06
[GMRES BLOCK-SCALE] rw: ||r0||=1.057e+06 → D_inv=9.459e-07
[GMRES BLOCK-SCALE] ph: ||r0||=584.6 → D_inv=0.00171
[GMRES BLOCK-SCALE] t: ||r0||=1.116e+06 → D_inv=8.96e-07
[GMRES BLOCK-SCALE] mu: ||r0||=27.59 → D_inv=0.03625
[FGMRES] Z-basis memory budget: restart=16 x numel=1080491 => ~65.95 MiB per cycle
[GMRES REORTH] j=1 before=6.193e+05 after1=3.132e+05 after2=3.132e+05 ratio=0.5058
[PRECOND DEBUG] Input residual ||r|| = 6.332e+11 (call #1360)
[PRECOND BLOCK NORMS] U: 6.256e+11, V: 1.003e+07, MU: 4.359e+07
[PRECOND BLOCK NORMS] PHI: 5.7e+09
[PRECOND BLOCK NORMS] W: 6.068e+04, THETA: 2.823e+06
[PRECOND TIMING] W-THETA coupled solve: 6 ms (3321 columns)
[PRECOND DEBUG] Output preconditioned ||M⁻¹r|| = 6.256e+11 (α₀=0, ratio=0.9129, α_eff=0)
[PRECOND DEBUG] Ratio ||M⁻¹r|| / ||r|| = 0.9881
[PRECOND DEBUG] Input residual ||r|| = 4.897e+11 (call #1365)
[PRECOND BLOCK NORMS] U: 4.838e+11, V: 2.424e+07, MU: 1.202e+07
[PRECOND BLOCK NORMS] PHI: 9.21e+09
[PRECOND BLOCK NORMS] W: 5.235e+04, THETA: 2.598e+06
[PRECOND TIMING] W-THETA coupled solve: 6 ms (3321 columns)
[PRECOND DEBUG] Output preconditioned ||M⁻¹r|| = 4.839e+11 (α₀=0, ratio=0.9129, α_eff=0)
[PRECOND DEBUG] Ratio ||M⁻¹r|| / ||r|| = 0.9882
[PRECOND DEBUG] Input residual ||r|| = 4.59e+11 (call #1370)
[PRECOND BLOCK NORMS] U: 4.535e+11, V: 2.056e+07, MU: 2.017e+07
[PRECOND BLOCK NORMS] PHI: 8.069e+09
[PRECOND BLOCK NORMS] W: 1.237e+05, THETA: 5.111e+06
[PRECOND TIMING] W-THETA coupled solve: 6 ms (3321 columns)
[PRECOND DEBUG] Output preconditioned ||M⁻¹r|| = 4.535e+11 (α₀=0, ratio=0.9129, α_eff=0)
[PRECOND DEBUG] Ratio ||M⁻¹r|| / ||r|| = 0.9882
[GMRES] restart=1 j=15: hess_est=0.9907, true_err=0.9907
[GMRES BLOCK r/b] restart=1 j=15 ru=398955.1250 rv=52749.4961 rw=303122.1250 ph=382.9183 t=303384.3125 mu=14.0965
[FGMRES] NOT CONVERGED: ||x||=0.0001, ||r_true||=636439.6250, ||b||=948.7985, rel_error=670.7849, tol=0.0000, restarts=1, arnoldi=16 (block-scaled)
[GMRES BLOCK-SCALE] ru: ||r0||=1.591e+06 → D_inv=6.285e-07
[GMRES BLOCK-SCALE] rv: ||r0||=1.961e+05 → D_inv=5.1e-06
[GMRES BLOCK-SCALE] rw: ||r0||=1.057e+06 → D_inv=9.459e-07
[GMRES BLOCK-SCALE] ph: ||r0||=584.6 → D_inv=0.00171
[GMRES BLOCK-SCALE] t: ||r0||=1.116e+06 → D_inv=8.96e-07
[GMRES BLOCK-SCALE] mu: ||r0||=27.59 → D_inv=0.03625
[FGMRES] Z-basis memory budget: restart=16 x numel=1080491 => ~65.95 MiB per cycle
[GMRES REORTH] j=1 before=6.193e+05 after1=3.132e+05 after2=3.132e+05 ratio=0.5058
[GMRES] restart=1 j=15: hess_est=0.9907, true_err=0.9907
[GMRES BLOCK r/b] restart=1 j=15 ru=398962.3750 rv=52748.6836 rw=303122.8438 ph=382.9181 t=303385.0000 mu=14.0965
[FGMRES] NOT CONVERGED: ||x||=0.0001, ||r_true||=636445.6250, ||b||=948.7985, rel_error=670.7911, tol=0.0000, restarts=1, arnoldi=16 (block-scaled)
[GMRES BLOCK-SCALE] ru: ||r0||=1.591e+06 → D_inv=6.285e-07
[GMRES BLOCK-SCALE] rv: ||r0||=1.961e+05 → D_inv=5.1e-06
[GMRES BLOCK-SCALE] rw: ||r0||=1.057e+06 → D_inv=9.459e-07
[GMRES BLOCK-SCALE] ph: ||r0||=584.6 → D_inv=0.00171
[GMRES BLOCK-SCALE] t: ||r0||=1.116e+06 → D_inv=8.96e-07
[GMRES BLOCK-SCALE] mu: ||r0||=27.59 → D_inv=0.03625
[FGMRES] Z-basis memory budget: restart=16 x numel=1080491 => ~65.95 MiB per cycle
[GMRES REORTH] j=1 before=1.601e+05 after1=1.667e+04 after2=1.667e+04 ratio=0.1041
[PRECOND DEBUG] Input residual ||r|| = 1.258e+11 (call #1375)
[PRECOND BLOCK NORMS] U: 1.243e+11, V: 1.51e+06, MU: 8.748e+06
[PRECOND BLOCK NORMS] PHI: 1.1e+09
[PRECOND BLOCK NORMS] W: 1.793e+04, THETA: 6.749e+05
[PRECOND TIMING] W-THETA coupled solve: 6 ms (3321 columns)
[PRECOND DEBUG] Output preconditioned ||M⁻¹r|| = 1.243e+11 (α₀=0, ratio=0.9129, α_eff=0)
[PRECOND DEBUG] Ratio ||M⁻¹r|| / ||r|| = 0.9881
[GMRES REORTH] j=2 before=2.703e+05 after1=2.141e+04 after2=2.141e+04 ratio=0.07922
[PRECOND DEBUG] Input residual ||r|| = 7.744e+09 (call #1380)
[PRECOND BLOCK NORMS] U: 7.639e+09, V: 8.662e+05, MU: 1.404e+05
[PRECOND BLOCK NORMS] PHI: 2.328e+07
[PRECOND BLOCK NORMS] W: 472.7, THETA: 1.513e+04
[PRECOND TIMING] W-THETA coupled solve: 6 ms (3321 columns)
[PRECOND DEBUG] Output preconditioned ||M⁻¹r|| = 7.639e+09 (α₀=0, ratio=0.9129, α_eff=0)
[PRECOND DEBUG] Ratio ||M⁻¹r|| / ||r|| = 0.9865
[PRECOND DEBUG] Input residual ||r|| = 7.51e+09 (call #1385)
[PRECOND BLOCK NORMS] U: 7.407e+09, V: 1.476e+06, MU: 1.638e+05
[PRECOND BLOCK NORMS] PHI: 2.258e+07
[PRECOND BLOCK NORMS] W: 1107, THETA: 3.208e+04
[PRECOND TIMING] W-THETA coupled solve: 6 ms (3321 columns)
[PRECOND DEBUG] Output preconditioned ||M⁻¹r|| = 7.407e+09 (α₀=0, ratio=0.9129, α_eff=0)
[PRECOND DEBUG] Ratio ||M⁻¹r|| / ||r|| = 0.9864
[GMRES] restart=1 j=15: hess_est=2.2509, true_err=2.2509
[GMRES BLOCK r/b] restart=1 j=15 ru=1463625.5000 rv=173559.8594 rw=976946.3750 ph=547.4178 t=1030580.3750 mu=25.4886
[FGMRES] NOT CONVERGED: ||x||=0.0001, ||r_true||=2214859.0000, ||b||=948.7985, rel_error=2334.3831, tol=0.0000, restarts=1, arnoldi=16 (block-scaled)
[GMRES BLOCK-SCALE] ru: ||r0||=1.591e+06 → D_inv=6.285e-07
[GMRES BLOCK-SCALE] rv: ||r0||=1.961e+05 → D_inv=5.1e-06
[GMRES BLOCK-SCALE] rw: ||r0||=1.057e+06 → D_inv=9.459e-07
[GMRES BLOCK-SCALE] ph: ||r0||=584.6 → D_inv=0.00171
[GMRES BLOCK-SCALE] t: ||r0||=1.116e+06 → D_inv=8.96e-07
[GMRES BLOCK-SCALE] mu: ||r0||=27.59 → D_inv=0.03625
[FGMRES] Z-basis memory budget: restart=8 x numel=1080491 => ~32.97 MiB per cycle
[PRECOND DEBUG] Input residual ||r|| = 6.347e+11 (call #1390)
[PRECOND BLOCK NORMS] U: 6.271e+11, V: 2.428e+07, MU: 3.056e+07
[PRECOND BLOCK NORMS] PHI: 8.753e+09
[PRECOND BLOCK NORMS] W: 4.854e+05, THETA: 1.829e+07
[PRECOND TIMING] W-THETA coupled solve: 6 ms (3321 columns)
[PRECOND DEBUG] Output preconditioned ||M⁻¹r|| = 6.271e+11 (α₀=0, ratio=0.9129, α_eff=0)
[PRECOND DEBUG] Ratio ||M⁻¹r|| / ||r|| = 0.9881
[GMRES REORTH] j=1 before=6.193e+05 after1=3.132e+05 after2=3.132e+05 ratio=0.5058
[PRECOND DEBUG] Input residual ||r|| = 5.767e+11 (call #1395)
[PRECOND BLOCK NORMS] U: 5.698e+11, V: 1.979e+07, MU: 3.208e+07
[PRECOND BLOCK NORMS] PHI: 7.639e+09
[PRECOND BLOCK NORMS] W: 1.527e+05, THETA: 5.579e+06
[PRECOND TIMING] W-THETA coupled solve: 6 ms (3321 columns)
[PRECOND DEBUG] Output preconditioned ||M⁻¹r|| = 5.698e+11 (α₀=0, ratio=0.9129, α_eff=0)
[PRECOND DEBUG] Ratio ||M⁻¹r|| / ||r|| = 0.9881
[GMRES] restart=1 j=7: hess_est=1.3857, true_err=1.3857
[GMRES BLOCK r/b] restart=1 j=7 ru=454059.1250 rv=56429.1211 rw=641924.5625 ph=427.1471 t=672104.0625 mu=19.3294
[FGMRES] NOT CONVERGED: ||x||=0.0001, ||r_true||=1121058.8750, ||b||=948.7985, rel_error=1181.5564, tol=0.0000, restarts=1, arnoldi=8 (block-scaled)
SDIRK3_FROZEN_AB_BLOCKS stage=3 arm=Msel j=8 ru_rho0=3410 ru_rho=1053 rv_rho0=422.7 rv_rho=131.6 rw_rho0=2275 rw_rho=1495 ph_rho0=2.985 ph_rho=2.36 t_rho0=2421 t_rho=1578 mu_rho0=0.9718 mu_rho=0.7368
[GMRES BLOCK-SCALE] ru: ||r0||=1.591e+06 → D_inv=6.285e-07
[GMRES BLOCK-SCALE] rv: ||r0||=1.961e+05 → D_inv=5.1e-06
[GMRES BLOCK-SCALE] rw: ||r0||=1.057e+06 → D_inv=9.459e-07
[GMRES BLOCK-SCALE] ph: ||r0||=584.6 → D_inv=0.00171
[GMRES BLOCK-SCALE] t: ||r0||=1.116e+06 → D_inv=8.96e-07
[GMRES BLOCK-SCALE] mu: ||r0||=27.59 → D_inv=0.03625
[FGMRES] Z-basis memory budget: restart=8 x numel=1080491 => ~32.97 MiB per cycle
[GMRES REORTH] j=1 before=6.193e+05 after1=3.132e+05 after2=3.132e+05 ratio=0.5058
[GMRES] restart=1 j=7: hess_est=1.3857, true_err=1.3857
[GMRES BLOCK r/b] restart=1 j=7 ru=454064.1562 rv=56428.2891 rw=641925.4375 ph=427.1468 t=672105.0000 mu=19.3293
[FGMRES] NOT CONVERGED: ||x||=0.0001, ||r_true||=1121062.5000, ||b||=948.7985, rel_error=1181.5602, tol=0.0000, restarts=1, arnoldi=8 (block-scaled)
SDIRK3_FROZEN_AB_BLOCKS stage=3 arm=I j=8 ru_rho0=3410 ru_rho=1053 rv_rho0=422.7 rv_rho=131.6 rw_rho0=2275 rw_rho=1495 ph_rho0=2.985 ph_rho=2.36 t_rho0=2421 t_rho=1578 mu_rho0=0.9718 mu_rho=0.7368
[GMRES BLOCK-SCALE] ru: ||r0||=1.591e+06 → D_inv=6.285e-07
[GMRES BLOCK-SCALE] rv: ||r0||=1.961e+05 → D_inv=5.1e-06
[GMRES BLOCK-SCALE] rw: ||r0||=1.057e+06 → D_inv=9.459e-07
[GMRES BLOCK-SCALE] ph: ||r0||=584.6 → D_inv=0.00171
[GMRES BLOCK-SCALE] t: ||r0||=1.116e+06 → D_inv=8.96e-07
[GMRES BLOCK-SCALE] mu: ||r0||=27.59 → D_inv=0.03625
[FGMRES] Z-basis memory budget: restart=8 x numel=1080491 => ~32.97 MiB per cycle
[GMRES REORTH] j=1 before=1.601e+05 after1=1.667e+04 after2=1.667e+04 ratio=0.1041
[GMRES REORTH] j=2 before=2.703e+05 after1=2.141e+04 after2=2.141e+04 ratio=0.07922
[PRECOND DEBUG] Input residual ||r|| = 1.367e+11 (call #1400)
[PRECOND BLOCK NORMS] U: 1.351e+11, V: 8.706e+05, MU: 4.021e+06
[PRECOND BLOCK NORMS] PHI: 7.044e+08
[PRECOND BLOCK NORMS] W: 1.045e+04, THETA: 3.935e+05
[PRECOND TIMING] W-THETA coupled solve: 6 ms (3321 columns)
[PRECOND DEBUG] Output preconditioned ||M⁻¹r|| = 1.351e+11 (α₀=0, ratio=0.9129, α_eff=0)
[PRECOND DEBUG] Ratio ||M⁻¹r|| / ||r|| = 0.9881
[GMRES] restart=1 j=7: hess_est=2.2597, true_err=2.2597
[GMRES BLOCK r/b] restart=1 j=7 ru=1463602.8750 rv=180888.3906 rw=976946.3750 ph=538.2806 t=1031275.1875 mu=25.4906
[FGMRES] NOT CONVERGED: ||x||=0.0001, ||r_true||=2215907.0000, ||b||=948.7985, rel_error=2335.4875, tol=0.0000, restarts=1, arnoldi=8 (block-scaled)
SDIRK3_FROZEN_AB_BLOCKS stage=3 arm=M j=8 ru_rho0=3410 ru_rho=3394 rv_rho0=422.7 rv_rho=422 rw_rho0=2275 rw_rho=2275 ph_rho0=2.985 ph_rho=2.974 t_rho0=2421 t_rho=2421 mu_rho0=0.9718 mu_rho=0.9717
[GMRES BLOCK-SCALE] ru: ||r0||=1.591e+06 → D_inv=6.285e-07
[GMRES BLOCK-SCALE] rv: ||r0||=1.961e+05 → D_inv=5.1e-06
[GMRES BLOCK-SCALE] rw: ||r0||=1.057e+06 → D_inv=9.459e-07
[GMRES BLOCK-SCALE] ph: ||r0||=584.6 → D_inv=0.00171
[GMRES BLOCK-SCALE] t: ||r0||=1.116e+06 → D_inv=8.96e-07
[GMRES BLOCK-SCALE] mu: ||r0||=27.59 → D_inv=0.03625
[FGMRES] Z-basis memory budget: restart=4 x numel=1080491 => ~16.49 MiB per cycle
[PRECOND DEBUG] Input residual ||r|| = 1.181e+12 (call #1405)
[PRECOND BLOCK NORMS] U: 1.167e+12, V: 4.912e+07, MU: 5.14e+07
[PRECOND BLOCK NORMS] PHI: 1.741e+10
[PRECOND BLOCK NORMS] W: 5.926e+05, THETA: 2.231e+07
[PRECOND TIMING] W-THETA coupled solve: 6 ms (3321 columns)
[PRECOND DEBUG] Output preconditioned ||M⁻¹r|| = 1.167e+12 (α₀=0, ratio=0.9129, α_eff=0)
[PRECOND DEBUG] Ratio ||M⁻¹r|| / ||r|| = 0.9882
[GMRES REORTH] j=1 before=6.193e+05 after1=3.132e+05 after2=3.132e+05 ratio=0.5058
[GMRES] restart=1 j=3: hess_est=1.6407, true_err=1.6407
[GMRES BLOCK r/b] restart=1 j=3 ru=469672.0312 rv=59716.0078 rw=892736.8750 ph=555.3224 t=941074.4375 mu=11.8925
[FGMRES] NOT CONVERGED: ||x||=0.0001, ||r_true||=1494332.1250, ||b||=948.7985, rel_error=1574.9731, tol=0.0000, restarts=1, arnoldi=4 (block-scaled)
[GMRES BLOCK-SCALE] ru: ||r0||=1.591e+06 → D_inv=6.285e-07
[GMRES BLOCK-SCALE] rv: ||r0||=1.961e+05 → D_inv=5.1e-06
[GMRES BLOCK-SCALE] rw: ||r0||=1.057e+06 → D_inv=9.459e-07
[GMRES BLOCK-SCALE] ph: ||r0||=584.6 → D_inv=0.00171
[GMRES BLOCK-SCALE] t: ||r0||=1.116e+06 → D_inv=8.96e-07
[GMRES BLOCK-SCALE] mu: ||r0||=27.59 → D_inv=0.03625
[FGMRES] Z-basis memory budget: restart=4 x numel=1080491 => ~16.49 MiB per cycle
[GMRES REORTH] j=1 before=6.193e+05 after1=3.132e+05 after2=3.132e+05 ratio=0.5058
[GMRES] restart=1 j=3: hess_est=1.6407, true_err=1.6407
[GMRES BLOCK r/b] restart=1 j=3 ru=469684.9062 rv=59713.8398 rw=892737.0000 ph=555.3223 t=941074.5625 mu=11.8924
[FGMRES] NOT CONVERGED: ||x||=0.0001, ||r_true||=1494337.0000, ||b||=948.7985, rel_error=1574.9783, tol=0.0000, restarts=1, arnoldi=4 (block-scaled)
[GMRES BLOCK-SCALE] ru: ||r0||=1.591e+06 → D_inv=6.285e-07
[GMRES BLOCK-SCALE] rv: ||r0||=1.961e+05 → D_inv=5.1e-06
[GMRES BLOCK-SCALE] rw: ||r0||=1.057e+06 → D_inv=9.459e-07
[GMRES BLOCK-SCALE] ph: ||r0||=584.6 → D_inv=0.00171
[GMRES BLOCK-SCALE] t: ||r0||=1.116e+06 → D_inv=8.96e-07
[GMRES BLOCK-SCALE] mu: ||r0||=27.59 → D_inv=0.03625
[FGMRES] Z-basis memory budget: restart=4 x numel=1080491 => ~16.49 MiB per cycle
[PRECOND DEBUG] Input residual ||r|| = 3.983e+10 (call #1410)
[PRECOND BLOCK NORMS] U: 3.935e+10, V: 1.007e+06, MU: 2.07e+06
[PRECOND BLOCK NORMS] PHI: 4.146e+08
[PRECOND BLOCK NORMS] W: 1.209e+04, THETA: 4.552e+05
[PRECOND TIMING] W-THETA coupled solve: 5 ms (3321 columns)
[PRECOND DEBUG] Output preconditioned ||M⁻¹r|| = 3.935e+10 (α₀=0, ratio=0.9129, α_eff=0)
[PRECOND DEBUG] Ratio ||M⁻¹r|| / ||r|| = 0.988
[GMRES REORTH] j=1 before=1.601e+05 after1=1.667e+04 after2=1.667e+04 ratio=0.1041
[GMRES REORTH] j=2 before=2.703e+05 after1=2.141e+04 after2=2.141e+04 ratio=0.07922
[GMRES] restart=1 j=3: hess_est=2.2611, true_err=2.2611
[GMRES BLOCK r/b] restart=1 j=3 ru=1463571.2500 rv=181181.8594 rw=976946.6250 ph=539.2648 t=1031289.6875 mu=25.4927
[FGMRES] NOT CONVERGED: ||x||=0.0001, ||r_true||=2215918.7500, ||b||=948.7985, rel_error=2335.5000, tol=0.0000, restarts=1, arnoldi=4 (block-scaled)
SDIRK3_FROZEN_AB_SYSTEM stage=3 newton_iter=1 global_timestep=1 solver_id=2 rank=-1 ab_valid=0 ab_reason=identity_below_noise_floor b_digest=-2.464e+11 x0_digest=3.845e+05 ab_evidence=b_x0_single_object_digest_rechecked_per_arm/shared_operator_and_preconditioner_fingerprinted operator_state_unchanged=1 precond_state_unchanged=1 counters_restored=1 pc_event_moved=0 shared_preconditioner_instance=1 fresh_wrapper_per_arm=1 b_digests_agree=1 x0_digests_agree=1 b_norm=948.9 rho0_S=2341 rho0_phys=3410 rho0_D=2.263 refinement_passes=1 metric=rho_S_unweighted tolerance_exit_disabled=1 early_stop_disabled=1 jvp_fd_fallback_free=1 operator_linear=1 e_repeat=0 e_homogeneity=5.44e-08 e_additivity=7.046e-08 identity_frac_rand=4.862e-11 identity_frac_rhs_dir=5.461e-10 rhs_dir_is_first_arnoldi=0 e_hom_rhs_dir=6.528e-07 identity_resolution_rand=1119 identity_resolution_rhs_dir=1195 identity_resolved_rhs_dir=0 precond_linear=1 eM_homogeneity=1.206e-07 eM_additivity=7.211e-08 metric_phys=rho_phys_S_weighted metric_D=rho_D_fgmres_objective probe_noninterfering=1 halo_floor_delta=0.0001571 worst_order_delta=0 worst_order_metric=none d_same_across_rows=1 d_all_valid=1 discrete_order_invariant=1 msel_valid=0 msel_reason=identity_below_noise_floor order_pairs_compared=15  (NOT attributable -- rows below are raw numbers and NO comparison between the arms may be drawn from them)
SDIRK3_FROZEN_AB stage=3 pass=MI arm=M j=4 rho_S=2335 rho_phys=3394 rho_D=2.261 A_applies=6 d_weighted=1 msel_engaged=0 rel_reported=2336 iters=4 termination=8 ab_valid=0
SDIRK3_FROZEN_AB stage=3 pass=MI arm=I j=4 rho_S=1575 rho_phys=1089 rho_D=1.641 A_applies=6 d_weighted=1 msel_engaged=0 rel_reported=1575 iters=4 termination=8 ab_valid=0
SDIRK3_FROZEN_AB stage=3 pass=MI arm=Msel j=4 rho_S=1575 rho_phys=1089 rho_D=1.641 A_applies=6 d_weighted=1 msel_engaged=1 rel_reported=1575 iters=4 termination=8 ab_valid=0
SDIRK3_FROZEN_AB stage=3 pass=MI arm=M j=8 rho_S=2335 rho_phys=3394 rho_D=2.26 A_applies=10 d_weighted=1 msel_engaged=0 rel_reported=2335 iters=8 termination=8 ab_valid=0
SDIRK3_FROZEN_AB stage=3 pass=MI arm=I j=8 rho_S=1181 rho_phys=1053 rho_D=1.386 A_applies=10 d_weighted=1 msel_engaged=0 rel_reported=1182 iters=8 termination=8 ab_valid=0
SDIRK3_FROZEN_AB stage=3 pass=MI arm=Msel j=8 rho_S=1181 rho_phys=1053 rho_D=1.386 A_applies=10 d_weighted=1 msel_engaged=1 rel_reported=1182 iters=8 termination=8 ab_valid=0
SDIRK3_FROZEN_AB stage=3 pass=MI arm=M j=16 rho_S=2334 rho_phys=3394 rho_D=2.251 A_applies=18 d_weighted=1 msel_engaged=0 rel_reported=2334 iters=16 termination=8 ab_valid=0
SDIRK3_FROZEN_AB stage=3 pass=MI arm=I j=16 rho_S=670.7 rho_phys=925.3 rho_D=0.9907 A_applies=18 d_weighted=1 msel_engaged=0 rel_reported=670.8 iters=16 termination=8 ab_valid=0
SDIRK3_FROZEN_AB stage=3 pass=MI arm=Msel j=16 rho_S=670.7 rho_phys=925.3 rho_D=0.9907 A_applies=18 d_weighted=1 msel_engaged=1 rel_reported=670.8 iters=16 termination=8 ab_valid=0
SDIRK3_FROZEN_AB stage=3 pass=MI arm=M j=32 rho_S=2088 rho_phys=3369 rho_D=2.036 A_applies=34 d_weighted=1 msel_engaged=0 rel_reported=2088 iters=32 termination=8 ab_valid=0
SDIRK3_FROZEN_AB stage=3 pass=MI arm=I j=32 rho_S=507.9 rho_phys=692.9 rho_D=0.7808 A_applies=34 d_weighted=1 msel_engaged=0 rel_reported=508 iters=32 termination=8 ab_valid=0
SDIRK3_FROZEN_AB stage=3 pass=MI arm=Msel j=32 rho_S=507.9 rho_phys=692.9 rho_D=0.7808 A_applies=34 d_weighted=1 msel_engaged=1 rel_reported=508 iters=32 termination=8 ab_valid=0
SDIRK3_FROZEN_AB stage=3 pass=MI arm=M j=48 rho_S=2046 rho_phys=3378 rho_D=1.946 A_applies=50 d_weighted=1 msel_engaged=0 rel_reported=2046 iters=48 termination=8 ab_valid=0
SDIRK3_FROZEN_AB stage=3 pass=MI arm=I j=48 rho_S=388.1 rho_phys=634.5 rho_D=0.7258 A_applies=50 d_weighted=1 msel_engaged=0 rel_reported=388.2 iters=48 termination=8 ab_valid=0
SDIRK3_FROZEN_AB stage=3 pass=MI arm=Msel j=48 rho_S=388.1 rho_phys=634.5 rho_D=0.7258 A_applies=50 d_weighted=1 msel_engaged=1 rel_reported=388.2 iters=48 termination=8 ab_valid=0
SDIRK3_FROZEN_AB stage=3 pass=IM arm=Msel j=48 rho_S=388.1 rho_phys=634.5 rho_D=0.7258 A_applies=50 d_weighted=1 msel_engaged=1 rel_reported=388.2 iters=48 termination=8 ab_valid=0
SDIRK3_FROZEN_AB stage=3 pass=IM arm=I j=48 rho_S=388.1 rho_phys=634.5 rho_D=0.7258 A_applies=50 d_weighted=1 msel_engaged=0 rel_reported=388.2 iters=48 termination=8 ab_valid=0
SDIRK3_FROZEN_AB stage=3 pass=IM arm=M j=48 rho_S=2046 rho_phys=3378 rho_D=1.946 A_applies=50 d_weighted=1 msel_engaged=0 rel_reported=2046 iters=48 termination=8 ab_valid=0
SDIRK3_FROZEN_AB stage=3 pass=IM arm=Msel j=32 rho_S=507.9 rho_phys=692.9 rho_D=0.7808 A_applies=34 d_weighted=1 msel_engaged=1 rel_reported=508 iters=32 termination=8 ab_valid=0
SDIRK3_FROZEN_AB stage=3 pass=IM arm=I j=32 rho_S=507.9 rho_phys=692.9 rho_D=0.7808 A_applies=34 d_weighted=1 msel_engaged=0 rel_reported=508 iters=32 termination=8 ab_valid=0
SDIRK3_FROZEN_AB stage=3 pass=IM arm=M j=32 rho_S=2088 rho_phys=3369 rho_D=2.036 A_applies=34 d_weighted=1 msel_engaged=0 rel_reported=2088 iters=32 termination=8 ab_valid=0
SDIRK3_FROZEN_AB stage=3 pass=IM arm=Msel j=16 rho_S=670.7 rho_phys=925.3 rho_D=0.9907 A_applies=18 d_weighted=1 msel_engaged=1 rel_reported=670.8 iters=16 termination=8 ab_valid=0
SDIRK3_FROZEN_AB stage=3 pass=IM arm=I j=16 rho_S=670.7 rho_phys=925.3 rho_D=0.9907 A_applies=18 d_weighted=1 msel_engaged=0 rel_reported=670.8 iters=16 termination=8 ab_valid=0
SDIRK3_FROZEN_AB stage=3 pass=IM arm=M j=16 rho_S=2334 rho_phys=3394 rho_D=2.251 A_applies=18 d_weighted=1 msel_engaged=0 rel_reported=2334 iters=16 termination=8 ab_valid=0
SDIRK3_FROZEN_AB stage=3 pass=IM arm=Msel j=8 rho_S=1181 rho_phys=1053 rho_D=1.386 A_applies=10 d_weighted=1 msel_engaged=1 rel_reported=1182 iters=8 termination=8 ab_valid=0
SDIRK3_FROZEN_AB stage=3 pass=IM arm=I j=8 rho_S=1181 rho_phys=1053 rho_D=1.386 A_applies=10 d_weighted=1 msel_engaged=0 rel_reported=1182 iters=8 termination=8 ab_valid=0
SDIRK3_FROZEN_AB stage=3 pass=IM arm=M j=8 rho_S=2335 rho_phys=3394 rho_D=2.26 A_applies=10 d_weighted=1 msel_engaged=0 rel_reported=2335 iters=8 termination=8 ab_valid=0
SDIRK3_FROZEN_AB stage=3 pass=IM arm=Msel j=4 rho_S=1575 rho_phys=1089 rho_D=1.641 A_applies=6 d_weighted=1 msel_engaged=1 rel_reported=1575 iters=4 termination=8 ab_valid=0
SDIRK3_FROZEN_AB stage=3 pass=IM arm=I j=4 rho_S=1575 rho_phys=1089 rho_D=1.641 A_applies=6 d_weighted=1 msel_engaged=0 rel_reported=1575 iters=4 termination=8 ab_valid=0
SDIRK3_FROZEN_AB stage=3 pass=IM arm=M j=4 rho_S=2335 rho_phys=3394 rho_D=2.261 A_applies=6 d_weighted=1 msel_engaged=0 rel_reported=2336 iters=4 termination=8 ab_valid=0
[JVP FORWARD] Call #1: forward-mode AD took 54 ms
[JVP DIAG] call #1: ||dK||=6.974e+05, ||v=dt*γ*dK||=1.824e+08, ||J*v||=4.604e+18, ||dK-J*v||=4.604e+18, ratio ||J*v||/||dK||=6.602e+12
[GMRES BLOCK-SCALE] ru: ||r0||=1.591e+06 → D_inv=6.285e-07
[GMRES BLOCK-SCALE] rv: ||r0||=1.961e+05 → D_inv=5.1e-06
[GMRES BLOCK-SCALE] rw: ||r0||=1.057e+06 → D_inv=9.459e-07
[GMRES BLOCK-SCALE] ph: ||r0||=584.6 → D_inv=0.00171
[GMRES BLOCK-SCALE] t: ||r0||=1.116e+06 → D_inv=8.96e-07
[GMRES BLOCK-SCALE] mu: ||r0||=27.59 → D_inv=0.03625
[FGMRES] Z-basis memory budget: restart=163 x numel=1080491 => ~671.8 MiB per cycle
[JVP FORWARD] Call #2: forward-mode AD took 54 ms
[JVP DIAG] call #2: ||dK||=1.167e+12, ||v=dt*γ*dK||=3.053e+14, ||J*v||=inf, ||dK-J*v||=inf, ratio ||J*v||/||dK||=inf
[PRECOND DEBUG] Input residual ||r|| = 3.983e+10 (call #1415)
[PRECOND BLOCK NORMS] U: 3.935e+10, V: 1.007e+06, MU: 2.07e+06
[PRECOND BLOCK NORMS] PHI: 4.146e+08
[PRECOND BLOCK NORMS] W: 1.209e+04, THETA: 4.552e+05
[PRECOND TIMING] W-THETA coupled solve: 6 ms (3321 columns)
[PRECOND DEBUG] Output preconditioned ||M⁻¹r|| = 3.935e+10 (α₀=0, ratio=0.9129, α_eff=0)
[PRECOND DEBUG] Ratio ||M⁻¹r|| / ||r|| = 0.988
[JVP FORWARD] Call #3: forward-mode AD took 55 ms
[JVP DIAG] call #3: ||dK||=3.935e+10, ||v=dt*γ*dK||=1.029e+13, ||J*v||=inf, ||dK-J*v||=inf, ratio ||J*v||/||dK||=inf
[GMRES REORTH] j=1 before=1.601e+05 after1=1.667e+04 after2=1.667e+04 ratio=0.1041
[GMRES REORTH] j=2 before=2.703e+05 after1=2.141e+04 after2=2.141e+04 ratio=0.07922
[PRECOND DEBUG] Input residual ||r|| = 3.1e+10 (call #1420)
[PRECOND BLOCK NORMS] U: 3.062e+10, V: 8.983e+05, MU: 1.014e+06
[PRECOND BLOCK NORMS] PHI: 3.315e+08
[PRECOND BLOCK NORMS] W: 1.106e+04, THETA: 4.158e+05
[PRECOND TIMING] W-THETA coupled solve: 6 ms (3321 columns)
[PRECOND DEBUG] Output preconditioned ||M⁻¹r|| = 3.062e+10 (α₀=0, ratio=0.9129, α_eff=0)
[PRECOND DEBUG] Ratio ||M⁻¹r|| / ||r|| = 0.988
[PRECOND DEBUG] Input residual ||r|| = 1.47e+10 (call #1425)
[PRECOND BLOCK NORMS] U: 1.452e+10, V: 3.556e+06, MU: 7.276e+05
[PRECOND BLOCK NORMS] PHI: 2.088e+08
[PRECOND BLOCK NORMS] W: 7705, THETA: 2.879e+05
[PRECOND TIMING] W-THETA coupled solve: 5 ms (3321 columns)
[PRECOND DEBUG] Output preconditioned ||M⁻¹r|| = 1.452e+10 (α₀=0, ratio=0.9129, α_eff=0)
[PRECOND DEBUG] Ratio ||M⁻¹r|| / ||r|| = 0.9877
[PRECOND DEBUG] Input residual ||r|| = 1.574e+10 (call #1430)
[PRECOND BLOCK NORMS] U: 1.554e+10, V: 1.11e+07, MU: 6.755e+05
[PRECOND BLOCK NORMS] PHI: 2.211e+08
[PRECOND BLOCK NORMS] W: 2.329e+04, THETA: 7.333e+05
[PRECOND TIMING] W-THETA coupled solve: 6 ms (3321 columns)
[PRECOND DEBUG] Output preconditioned ||M⁻¹r|| = 1.555e+10 (α₀=0, ratio=0.9129, α_eff=0)
[PRECOND DEBUG] Ratio ||M⁻¹r|| / ||r|| = 0.9878
[PRECOND DEBUG] Input residual ||r|| = 3.256e+10 (call #1435)
[PRECOND BLOCK NORMS] U: 3.217e+10, V: 1.73e+07, MU: 1.334e+06
[PRECOND BLOCK NORMS] PHI: 4.294e+08
[PRECOND BLOCK NORMS] W: 6.641e+04, THETA: 2.025e+06
[PRECOND TIMING] W-THETA coupled solve: 5 ms (3321 columns)
[PRECOND DEBUG] Output preconditioned ||M⁻¹r|| = 3.217e+10 (α₀=0, ratio=0.9129, α_eff=0)
[PRECOND DEBUG] Ratio ||M⁻¹r|| / ||r|| = 0.9881
[PRECOND DEBUG] Input residual ||r|| = 5.066e+10 (call #1440)
[PRECOND BLOCK NORMS] U: 5.005e+10, V: 9.871e+06, MU: 1.009e+06
[PRECOND BLOCK NORMS] PHI: 2.11e+08
[PRECOND BLOCK NORMS] W: 9.547e+04, THETA: 3.221e+06
[PRECOND TIMING] W-THETA coupled solve: 6 ms (3321 columns)
[PRECOND DEBUG] Output preconditioned ||M⁻¹r|| = 5.005e+10 (α₀=0, ratio=0.9129, α_eff=0)
[PRECOND DEBUG] Ratio ||M⁻¹r|| / ||r|| = 0.988
[PRECOND DEBUG] Input residual ||r|| = 4.129e+11 (call #1445)
[PRECOND BLOCK NORMS] U: 4.079e+11, V: 2.6e+07, MU: 1.537e+07
[PRECOND BLOCK NORMS] PHI: 5.227e+09
[PRECOND BLOCK NORMS] W: 9.874e+05, THETA: 2.998e+07
[PRECOND TIMING] W-THETA coupled solve: 5 ms (3321 columns)
[PRECOND DEBUG] Output preconditioned ||M⁻¹r|| = 4.08e+11 (α₀=0, ratio=0.9129, α_eff=0)
[PRECOND DEBUG] Ratio ||M⁻¹r|| / ||r|| = 0.9881
[PRECOND DEBUG] Input residual ||r|| = 3.748e+10 (call #1450)
[PRECOND BLOCK NORMS] U: 3.703e+10, V: 3.789e+07, MU: 7.877e+05
[PRECOND BLOCK NORMS] PHI: 1.586e+08
[PRECOND BLOCK NORMS] W: 3.889e+05, THETA: 6.263e+06
[PRECOND TIMING] W-THETA coupled solve: 6 ms (3321 columns)
[PRECOND DEBUG] Output preconditioned ||M⁻¹r|| = 3.703e+10 (α₀=0, ratio=0.9129, α_eff=0)
[PRECOND DEBUG] Ratio ||M⁻¹r|| / ||r|| = 0.988
[PRECOND DEBUG] Input residual ||r|| = 9.379e+10 (call #1455)
[PRECOND BLOCK NORMS] U: 9.267e+10, V: 2.655e+07, MU: 3.973e+06
[PRECOND BLOCK NORMS] PHI: 1.538e+09
[PRECOND BLOCK NORMS] W: 5.608e+05, THETA: 8.98e+06
[PRECOND TIMING] W-THETA coupled solve: 6 ms (3321 columns)
[PRECOND DEBUG] Output preconditioned ||M⁻¹r|| = 9.268e+10 (α₀=0, ratio=0.9129, α_eff=0)
[PRECOND DEBUG] Ratio ||M⁻¹r|| / ||r|| = 0.9882
[PRECOND DEBUG] Input residual ||r|| = 7.185e+10 (call #1460)
[PRECOND BLOCK NORMS] U: 7.099e+10, V: 4.208e+07, MU: 3.006e+06
[PRECOND BLOCK NORMS] PHI: 9.861e+08
[PRECOND BLOCK NORMS] W: 4.239e+05, THETA: 8.658e+06
[PRECOND TIMING] W-THETA coupled solve: 6 ms (3321 columns)
[PRECOND DEBUG] Output preconditioned ||M⁻¹r|| = 7.099e+10 (α₀=0, ratio=0.9129, α_eff=0)
[PRECOND DEBUG] Ratio ||M⁻¹r|| / ||r|| = 0.9881
[PRECOND DEBUG] Input residual ||r|| = 6.626e+10 (call #1465)
[PRECOND BLOCK NORMS] U: 6.547e+10, V: 3.025e+07, MU: 2.255e+06
[PRECOND BLOCK NORMS] PHI: 6.487e+08
[PRECOND BLOCK NORMS] W: 2.47e+06, THETA: 7.047e+06
[PRECOND TIMING] W-THETA coupled solve: 5 ms (3321 columns)
[PRECOND DEBUG] Output preconditioned ||M⁻¹r|| = 6.547e+10 (α₀=0, ratio=0.9129, α_eff=0)
[PRECOND DEBUG] Ratio ||M⁻¹r|| / ||r|| = 0.9881
[PRECOND DEBUG] Input residual ||r|| = 3.401e+11 (call #1470)
[PRECOND BLOCK NORMS] U: 3.361e+11, V: 5.27e+07, MU: 6.888e+06
[PRECOND BLOCK NORMS] PHI: 1.488e+09
[PRECOND BLOCK NORMS] W: 4.059e+05, THETA: 3.706e+06
[PRECOND TIMING] W-THETA coupled solve: 6 ms (3321 columns)
[PRECOND DEBUG] Output preconditioned ||M⁻¹r|| = 3.361e+11 (α₀=0, ratio=0.9129, α_eff=0)
[PRECOND DEBUG] Ratio ||M⁻¹r|| / ||r|| = 0.9881
[PRECOND DEBUG] Input residual ||r|| = 1.123e+12 (call #1475)
[PRECOND BLOCK NORMS] U: 1.109e+12, V: 2.872e+07, MU: 2.392e+07
[PRECOND BLOCK NORMS] PHI: 5.879e+09
[PRECOND BLOCK NORMS] W: 2.736e+06, THETA: 7.639e+06
[PRECOND TIMING] W-THETA coupled solve: 6 ms (3321 columns)
[PRECOND DEBUG] Output preconditioned ||M⁻¹r|| = 1.109e+12 (α₀=0, ratio=0.9129, α_eff=0)
[PRECOND DEBUG] Ratio ||M⁻¹r|| / ||r|| = 0.9881
[PRECOND DEBUG] Input residual ||r|| = 2.967e+11 (call #1480)
[PRECOND BLOCK NORMS] U: 2.932e+11, V: 5.177e+07, MU: 6.54e+06
[PRECOND BLOCK NORMS] PHI: 2.255e+09
[PRECOND BLOCK NORMS] W: 3.719e+06, THETA: 7.874e+06
[PRECOND TIMING] W-THETA coupled solve: 6 ms (3321 columns)
[PRECOND DEBUG] Output preconditioned ||M⁻¹r|| = 2.932e+11 (α₀=0, ratio=0.9129, α_eff=0)
[PRECOND DEBUG] Ratio ||M⁻¹r|| / ||r|| = 0.9881
[PRECOND DEBUG] Input residual ||r|| = 5.849e+11 (call #1485)
[PRECOND BLOCK NORMS] U: 5.779e+11, V: 4.241e+07, MU: 4.431e+07
[PRECOND BLOCK NORMS] PHI: 5.037e+09
[PRECOND BLOCK NORMS] W: 2.181e+06, THETA: 3.337e+06
[PRECOND TIMING] W-THETA coupled solve: 6 ms (3321 columns)
[PRECOND DEBUG] Output preconditioned ||M⁻¹r|| = 5.78e+11 (α₀=0, ratio=0.9129, α_eff=0)
[PRECOND DEBUG] Ratio ||M⁻¹r|| / ||r|| = 0.9881
[PRECOND DEBUG] Input residual ||r|| = 7.639e+10 (call #1490)
[PRECOND BLOCK NORMS] U: 7.548e+10, V: 5.508e+07, MU: 5.686e+06
[PRECOND BLOCK NORMS] PHI: 7.501e+08
[PRECOND BLOCK NORMS] W: 1.523e+05, THETA: 4.606e+06
[PRECOND TIMING] W-THETA coupled solve: 6 ms (3321 columns)
[PRECOND DEBUG] Output preconditioned ||M⁻¹r|| = 7.548e+10 (α₀=0, ratio=0.9129, α_eff=0)
[PRECOND DEBUG] Ratio ||M⁻¹r|| / ||r|| = 0.9881
[PRECOND DEBUG] Input residual ||r|| = 2.623e+10 (call #1495)
[PRECOND BLOCK NORMS] U: 2.591e+10, V: 4.224e+07, MU: 1.724e+06
[PRECOND BLOCK NORMS] PHI: 6.551e+08
[PRECOND BLOCK NORMS] W: 1.741e+07, THETA: 8.2e+06
[PRECOND TIMING] W-THETA coupled solve: 5 ms (3321 columns)
[PRECOND DEBUG] Output preconditioned ||M⁻¹r|| = 2.592e+10 (α₀=0, ratio=0.9129, α_eff=0)
[PRECOND DEBUG] Ratio ||M⁻¹r|| / ||r|| = 0.9883
[PRECOND DEBUG] Input residual ||r|| = 2.282e+10 (call #1500)
[PRECOND BLOCK NORMS] U: 2.254e+10, V: 5.616e+07, MU: 1.376e+06
[PRECOND BLOCK NORMS] PHI: 3.881e+08
[PRECOND BLOCK NORMS] W: 9.415e+06, THETA: 3.824e+06
[PRECOND TIMING] W-THETA coupled solve: 6 ms (3321 columns)
[PRECOND DEBUG] Output preconditioned ||M⁻¹r|| = 2.255e+10 (α₀=0, ratio=0.9129, α_eff=0)
[PRECOND DEBUG] Ratio ||M⁻¹r|| / ||r|| = 0.9882
[PRECOND DEBUG] Input residual ||r|| = 6.612e+11 (call #1505)
[PRECOND BLOCK NORMS] U: 6.533e+11, V: 3.211e+07, MU: 1.513e+07
[PRECOND BLOCK NORMS] PHI: 3.783e+09
[PRECOND BLOCK NORMS] W: 1.733e+07, THETA: 7.538e+06
[PRECOND TIMING] W-THETA coupled solve: 6 ms (3321 columns)
[PRECOND DEBUG] Output preconditioned ||M⁻¹r|| = 6.533e+11 (α₀=0, ratio=0.9129, α_eff=0)
[PRECOND DEBUG] Ratio ||M⁻¹r|| / ||r|| = 0.9881
[PRECOND DEBUG] Input residual ||r|| = 2.25e+11 (call #1510)
[PRECOND BLOCK NORMS] U: 2.223e+11, V: 5.302e+07, MU: 5.01e+06
[PRECOND BLOCK NORMS] PHI: 9.947e+08
[PRECOND BLOCK NORMS] W: 4.91e+06, THETA: 8.345e+06
[PRECOND TIMING] W-THETA coupled solve: 6 ms (3321 columns)
[PRECOND DEBUG] Output preconditioned ||M⁻¹r|| = 2.223e+11 (α₀=0, ratio=0.9129, α_eff=0)
[PRECOND DEBUG] Ratio ||M⁻¹r|| / ||r|| = 0.9881
[PRECOND DEBUG] Input residual ||r|| = 5.72e+11 (call #1515)
[PRECOND BLOCK NORMS] U: 5.652e+11, V: 3.556e+07, MU: 4.06e+07
[PRECOND BLOCK NORMS] PHI: 5.105e+09
[PRECOND BLOCK NORMS] W: 8.868e+05, THETA: 7.764e+06
[PRECOND TIMING] W-THETA coupled solve: 5 ms (3321 columns)
[PRECOND DEBUG] Output preconditioned ||M⁻¹r|| = 5.652e+11 (α₀=0, ratio=0.9129, α_eff=0)
[PRECOND DEBUG] Ratio ||M⁻¹r|| / ||r|| = 0.9881
[PRECOND DEBUG] Input residual ||r|| = 7.504e+10 (call #1520)
[PRECOND BLOCK NORMS] U: 7.415e+10, V: 4.721e+07, MU: 3.477e+06
[PRECOND BLOCK NORMS] PHI: 5.272e+08
[PRECOND BLOCK NORMS] W: 5.057e+06, THETA: 1.048e+07
[PRECOND TIMING] W-THETA coupled solve: 5 ms (3321 columns)
[PRECOND DEBUG] Output preconditioned ||M⁻¹r|| = 7.415e+10 (α₀=0, ratio=0.9129, α_eff=0)
[PRECOND DEBUG] Ratio ||M⁻¹r|| / ||r|| = 0.9881
[PRECOND DEBUG] Input residual ||r|| = 7.991e+10 (call #1525)
[PRECOND BLOCK NORMS] U: 7.895e+10, V: 3.19e+07, MU: 4.977e+06
[PRECOND BLOCK NORMS] PHI: 7.011e+08
[PRECOND BLOCK NORMS] W: 2.325e+06, THETA: 1.177e+07
[PRECOND TIMING] W-THETA coupled solve: 6 ms (3321 columns)
[PRECOND DEBUG] Output preconditioned ||M⁻¹r|| = 7.896e+10 (α₀=0, ratio=0.9129, α_eff=0)
[PRECOND DEBUG] Ratio ||M⁻¹r|| / ||r|| = 0.9881
[PRECOND DEBUG] Input residual ||r|| = 2.493e+10 (call #1530)
[PRECOND BLOCK NORMS] U: 2.463e+10, V: 5.266e+07, MU: 5.385e+05
[PRECOND BLOCK NORMS] PHI: 4.49e+08
[PRECOND BLOCK NORMS] W: 1.498e+05, THETA: 3.85e+06
[PRECOND TIMING] W-THETA coupled solve: 6 ms (3321 columns)
[PRECOND DEBUG] Output preconditioned ||M⁻¹r|| = 2.464e+10 (α₀=0, ratio=0.9129, α_eff=0)
[PRECOND DEBUG] Ratio ||M⁻¹r|| / ||r|| = 0.9882
[PRECOND DEBUG] Input residual ||r|| = 1.131e+11 (call #1535)
[PRECOND BLOCK NORMS] U: 1.118e+11, V: 3.808e+07, MU: 4.755e+06
[PRECOND BLOCK NORMS] PHI: 7.81e+08
[PRECOND BLOCK NORMS] W: 4.246e+05, THETA: 1.364e+07
[PRECOND TIMING] W-THETA coupled solve: 6 ms (3321 columns)
[PRECOND DEBUG] Output preconditioned ||M⁻¹r|| = 1.118e+11 (α₀=0, ratio=0.9129, α_eff=0)
[PRECOND DEBUG] Ratio ||M⁻¹r|| / ||r|| = 0.9881
[PRECOND DEBUG] Input residual ||r|| = 1.446e+11 (call #1540)
[PRECOND BLOCK NORMS] U: 1.429e+11, V: 4.688e+07, MU: 8.455e+06
[PRECOND BLOCK NORMS] PHI: 9.684e+08
[PRECOND BLOCK NORMS] W: 7.25e+05, THETA: 9.121e+06
[PRECOND TIMING] W-THETA coupled solve: 6 ms (3321 columns)
[PRECOND DEBUG] Output preconditioned ||M⁻¹r|| = 1.429e+11 (α₀=0, ratio=0.9129, α_eff=0)
[PRECOND DEBUG] Ratio ||M⁻¹r|| / ||r|| = 0.9881
[PRECOND DEBUG] Input residual ||r|| = 4.496e+11 (call #1545)
[PRECOND BLOCK NORMS] U: 4.442e+11, V: 4.283e+07, MU: 2.7e+07
[PRECOND BLOCK NORMS] PHI: 3.19e+09
[PRECOND BLOCK NORMS] W: 7.761e+05, THETA: 1.011e+07
[PRECOND TIMING] W-THETA coupled solve: 6 ms (3321 columns)
[PRECOND DEBUG] Output preconditioned ||M⁻¹r|| = 4.442e+11 (α₀=0, ratio=0.9129, α_eff=0)
[PRECOND DEBUG] Ratio ||M⁻¹r|| / ||r|| = 0.9881
[PRECOND DEBUG] Input residual ||r|| = 2.453e+10 (call #1550)
[PRECOND BLOCK NORMS] U: 2.423e+10, V: 4.431e+07, MU: 1.197e+06
[PRECOND BLOCK NORMS] PHI: 3.906e+08
[PRECOND BLOCK NORMS] W: 1.113e+06, THETA: 1.11e+07
[PRECOND TIMING] W-THETA coupled solve: 5 ms (3321 columns)
[PRECOND DEBUG] Output preconditioned ||M⁻¹r|| = 2.424e+10 (α₀=0, ratio=0.9129, α_eff=0)
[PRECOND DEBUG] Ratio ||M⁻¹r|| / ||r|| = 0.9881
[PRECOND DEBUG] Input residual ||r|| = 4.096e+11 (call #1555)
[PRECOND BLOCK NORMS] U: 4.047e+11, V: 2.519e+07, MU: 2.441e+07
[PRECOND BLOCK NORMS] PHI: 3.255e+09
[PRECOND BLOCK NORMS] W: 1.21e+06, THETA: 1.566e+07
[PRECOND TIMING] W-THETA coupled solve: 5 ms (3321 columns)
[PRECOND DEBUG] Output preconditioned ||M⁻¹r|| = 4.047e+11 (α₀=0, ratio=0.9129, α_eff=0)
[PRECOND DEBUG] Ratio ||M⁻¹r|| / ||r|| = 0.9881
[PRECOND DEBUG] Input residual ||r|| = 2.23e+10 (call #1560)
[PRECOND BLOCK NORMS] U: 2.203e+10, V: 3.858e+07, MU: 1.223e+06
[PRECOND BLOCK NORMS] PHI: 3.258e+08
[PRECOND BLOCK NORMS] W: 3.87e+05, THETA: 3.353e+06
[PRECOND TIMING] W-THETA coupled solve: 6 ms (3321 columns)
[PRECOND DEBUG] Output preconditioned ||M⁻¹r|| = 2.203e+10 (α₀=0, ratio=0.9129, α_eff=0)
[PRECOND DEBUG] Ratio ||M⁻¹r|| / ||r|| = 0.988
[PRECOND DEBUG] Input residual ||r|| = 1.035e+10 (call #1565)
[PRECOND BLOCK NORMS] U: 1.022e+10, V: 4.547e+07, MU: 5.355e+05
[PRECOND BLOCK NORMS] PHI: 1.215e+08
[PRECOND BLOCK NORMS] W: 6.942e+05, THETA: 4.273e+06
[PRECOND TIMING] W-THETA coupled solve: 6 ms (3321 columns)
[PRECOND DEBUG] Output preconditioned ||M⁻¹r|| = 1.022e+10 (α₀=0, ratio=0.9129, α_eff=0)
[PRECOND DEBUG] Ratio ||M⁻¹r|| / ||r|| = 0.9877
[PRECOND DEBUG] Input residual ||r|| = 3.069e+10 (call #1570)
[PRECOND BLOCK NORMS] U: 3.032e+10, V: 5.542e+07, MU: 8.363e+05
[PRECOND BLOCK NORMS] PHI: 1.611e+08
[PRECOND BLOCK NORMS] W: 5.127e+05, THETA: 2.957e+06
[PRECOND TIMING] W-THETA coupled solve: 5 ms (3321 columns)
[PRECOND DEBUG] Output preconditioned ||M⁻¹r|| = 3.032e+10 (α₀=0, ratio=0.9129, α_eff=0)
[PRECOND DEBUG] Ratio ||M⁻¹r|| / ||r|| = 0.988
[PRECOND DEBUG] Input residual ||r|| = 1.569e+11 (call #1575)
[PRECOND BLOCK NORMS] U: 1.55e+11, V: 4.274e+07, MU: 3.039e+06
[PRECOND BLOCK NORMS] PHI: 5.734e+08
[PRECOND BLOCK NORMS] W: 4.807e+05, THETA: 1.168e+07
[PRECOND TIMING] W-THETA coupled solve: 6 ms (3321 columns)
[PRECOND DEBUG] Output preconditioned ||M⁻¹r|| = 1.55e+11 (α₀=0, ratio=0.9129, α_eff=0)
[PRECOND DEBUG] Ratio ||M⁻¹r|| / ||r|| = 0.9881
[GMRES] restart=1 j=162: hess_est=1.6602, true_err=1.6602
[GMRES BLOCK r/b] restart=1 j=162 ru=459561.3438 rv=87220.4219 rw=976971.6875 ph=509.7019 t=109353.6562 mu=25.4567
[FGMRES] NOT CONVERGED: ||x||=0.0018, ||r_true||=1178152.6250, ||b||=948.7985, rel_error=1241.7312, tol=0.3000, restarts=1, arnoldi=163 (block-scaled)
[NEWTON] GMRES failed badly (rel_error=1): FGMRES max iterations reached (163 Arnoldi)
SDIRK3_GMRES_ESTIMATE_VS_TRUE stage=3 newton_iter=1 internal_iters=163 final_residual=1.178e+06 rel_error_UNSCALED=1242 b_unscaled_derived=948.8 note=minimised_norm_is_block_scaled
SDIRK3_GMRES_S_SCALE_RESIDUAL_TELEMETRY_ONLY scaled_rel=1007 num=0.01226 den=1.218e-05  (TELEMETRY ONLY -- NOT the minimised norm: the internal convergence check uses D_inv block scaling, not S_diag. Ranking configurations by this number inverted the results twice; use error_tensor.)
SDIRK3_GMRES_TRIVIALITY ||x||=0.001833 ||b||=948.8 ratio=1.932e-06
[Newton] GMRES: 163 krylov iters, ||dK||=1.659e+08, rel_error=1 (FAIL)
[Newton] JVP calls: 165, total JVP time: 9139 ms, avg: 55.39 ms/call
[SOLVER TELEMETRY] stage=3, newton=1, gmres_iters=163, gmres_rel=1, jvp_calls=165, jvp_ms=9139, warmstart=on, inn_status=prev_history_missing, inn_reason_code=4, inn_candidate=no, inn_used=no, inn_gate_pass=no, inn_q=0, inn_r_base=0, inn_r_cand=0, inn_x0_base_norm=0, inn_x0_cand_norm=0, inn_x0_delta_norm=0, inn_x0_rel_delta=0, inn_gate_rel_diff=0, inn_gate_non_degrade=no, inn_gate_quality_ok=no, inn_tol_ramped=no, inn_base_warmstart=yes, inn_prev_shape_ok=no, inn_prev_quality_ok=yes, inn_prev_varpc_ok=yes, inn_prev_rel=1, inn_ru_share_base=0, inn_ru_share_cand=0, inn_rw_share_base=0, inn_rw_share_cand=0, inn_ph_share_base=0, inn_ph_share_cand=0, variable_pc=no, jvp_mode=unlocked, jvp_fd_mode=none, jvp_ad_calls=165, jvp_fd_calls=0, jvp_eps_mean=0, jvp_eps_min=0, jvp_eps_max=0, jvp_eps_auto_calls=0, jvp_eps_manual_calls=0, ew_eta_enabled=yes, ew_eta=0.3, ew_eta_updated=yes, krylov_tol_final=0.3, krylov_tol_stage_override=no, budget_coupled=yes, budget_eta=0.3, budget_scale=0.85
[TRUST OFF] GMRES failed (rel_error=1, raw=1242), routing to GMRES total-failure handling.
[TRUST REGION] GMRES failed (rel_error=1, raw=1242), fallback rejected. K unchanged. radius=0.5
[TRUST REGION] All attempts rejected. Keeping K unchanged, radius=0.5
[Newton] GMRES total failure + zero update at iter 1. K unchanged → breaking early.

=== NEWTON SOLVER FAILED TO CONVERGE ===
  Stage: 3
  Final residual: 9.1277e-01
  Newton iterations: 2
=======================================
[PREDICTOR CACHE] Stage 3 non-converged but cache empty; seeding for timestep continuity.
WARNING: Newton solver did not converge! Stage 3, residual = 0.9128
         Message: Newton solver exited early (stall/stagnation) at iter 2

[NEWTON NON-CONVERGENCE WARNING] Newton-Krylov solver failed to converge!
  Final residual: 0.912774
  Newton iterations: 2/12
  Total Krylov iterations: 326
  Time step: 600 seconds
  SDIRK coefficient (a_ii): 0.435867
  Continuing with best-effort K (hard_abort_on_newton_fail=false).
  Set WRF_SDIRK3_HARD_ABORT_ON_NEWTON_FAIL=1 to abort on failure.
[NEWTON DAMP] Stage 3: K damped by 6.063e-06 (step=1.824e+08 > 5*ref=221.1)
[RESIDUAL_REEVAL] Stage 3 (IMEX mode>=2): ||R_fast||=2.303e+11, ||R_newton||=0.9128, ||K_fast||=4.228, rel_R_fast=5.447e+10, wrms=7.81e+06, wrms_growth=0.9941, finite_guard=off
[NEWTON DAMP] Stage 3: reverted (||R|| 2.303e+11 → 2.303e+11, no absolute improvement)
[STAGE METRIC TELEMETRY] stage=3, split_mode=3, converged=0, gate_metric_mode=0, gate_metric_used=wrms_growth, gate_metric_value=0.9941, rho_newton_scaled_exit=0.9128, rho_gate_current=5.447e+10, metric_mismatch=5.447e+10, rho_gate_raw=5.447e+10, rho_gate_abs_scaled=2.303e+11, wrms_norm=7.81e+06, wrms_growth=0.9941, rho_pred=0.9128, rho_actual=2.303e+11, rho_ratio=2.523e+11, r0_unscaled_l2=2.397e+14, mypx=0, mypy=0
SDIRK3_FIRST_FAILURE stage=3 signals_from_stage=3 signals_explicit=0 category=zero_update_after_total_failure layer=zero_update_bnorm_rule_or_step_recovery attribution=newton_stagnated attribution_layer=residual_floor_or_split attribution_measured=1 attribution_from_metric=0 specific_layer=threshold_sensitive_no_specific_layer layer_receipt=exit exit_attribution=none exit_attribution_layer=n/a attribution_specific_layer=threshold_sensitive_no_specific_layer threshold_value=0.9 threshold_distance=-0.005668 threshold_measured=1 threshold_sensitive=1 taylor_probe_iter=-1 taylor_covers_last_newton_iter=unmeasured event_basis=exit_receipt attribution_basis=aggregate_reconstruction retry=0 entry_finite=1 R0_measured=1 R0_finite=1 R_first=0.9999 R_last=0.9128 newton_iters=2 newton_budget=12 newton_converged=0 best_krylov_rel=0.8943 krylov_iters=326 gmres_total_failures=1 gmres_non_total_failures=1 gmres_tolerance_reached=0 R_last_measured=1 krylov_diverged=0 steps_accepted=1 steps_rejected=1 first_krylov_failure_iter=1 best_krylov_rel_vs_r0=0.5305 worst_krylov_rel_vs_r0=0.8943 worst_krylov_rho_D=0.8414 worst_krylov_rho_S=0.8943 worst_krylov_iter=0 krylov_solves_vs_r0=2 krylov_solves_trivial=0 worst_krylov_met_tol=0 worst_krylov_eta=0.3 worst_krylov_budget=163 worst_krylov_D_reached=0 worst_krylov_S_reached=0 worst_krylov_tol_source=ew_eta_clamp near_worst_all_met_tol=0 near_worst_mech_ambiguous=0 newton_exit=zero_update_after_total_failure exit_krylov_iter=1 exit_D_reached=0 exit_S_reached=0 exit_rho_stop=1.66 exit_rho_S=1242 exit_rho_E_entry_linear=235 exit_E_entry_linear_reached=0 exit_stop_metric=block_D exit_tol_source=ew_eta_clamp krylov_r0_unmeasured=0 krylov_rule_fellback_to_b=0 krylov_no_progress_thr=0.900000 krylov_restart_budget=163 krylov_max_restarts=1 total_failure_vs_b=1 total_failure_vs_r0=0 krylov_failure_rule=b first_rejection_iter=1 argmin_residual_iter=0 gate_metric_ok=1  (the first gate to refuse, in causal order -- a later one will also be refusing, and acting on it sends the work to the wrong layer)
[STAGE GATE] IMEX ARK Stage 3 failed (converged=0, rel_R_full=5.447e+10, gate_metric=0.9941, gate_threshold=100, metric=wrms_growth, R_full_norm=2.303e+11, growth=0.9941). ABORTING (severe non-convergence in mode3 safety gate).
[STEP TELEMETRY] split_mode=3, gate_fail=1, gate_retry=0, gate_continue=0, gate_abort=1, gate_catastrophic=0, gate_severe=1, stage2_gate_fail=0, stage2_retry=0, stage2_abort=0, stage2_nonfinite=0, stage2_nonfinite_retryable=0, stage2_nonfinite_retry_exhaust=0, stage2_nonfinite_catastrophic=0, stage2_metric_only_fail=0, stage2_kfast_nonfinite=0, stage2_soft_continue=0, explicit_fallback=0, retry_sanitize=0, retry_handoff_clip=0, stage4_preclip=0, firsthit=0, stage3_gate_fail=1, stage3_retry=0, halo_mark=0, halo_verify=0, halo_stale=0, halo_mark_total=0, halo_verify_total=0, halo_stale_total=0, halo_fresh_entry=1, final_update_aborted=1, update_norm=0, k3_term_norm=0, k3_term_share=0, progress_ref_norm=0, progress_ratio=0, progress_streak=0
[STEP OUTCOME] fail-closed outcome=20; skipping unifiedStep state publish before Fortran fatal gate.
[STEP OUTCOME] fail-closed outcome=20; skipping advanceZeroCopy writeback before Fortran fatal gate.
-------------- FATAL CALLED ---------------
FATAL CALLED FROM FILE:  <stdin>  LINE:    1383
SDIRK3 FAIL-CLOSED outcome=20 final_update_aborted=1 progress_ratio=  0.0000E+00 progress_ratio_valid=1 rk_step=1
-------------------------------------------
--------------------------------------------------------------------------
MPI_ABORT was invoked on rank 0 in communicator MPI_COMM_WORLD
  Proc: [[44604,0],0]
  Errorcode: 1

NOTE: invoking MPI_ABORT causes Open MPI to kill all MPI processes.
You may or may not see output from other processes, depending on
exactly when Open MPI kills them.
--------------------------------------------------------------------------
